method,gesture_index,point_index,x,y,time_offset_ms,pressure,touch_major,touch_minor,vx_px_s,vy_px_s,accel_px_s2,curvature
"test5",66,0,562.00,785.00,0,0.0945,93.00,71.00,0.00,0.00,0.0000,0.00000000
"test5",66,1,562.00,785.00,10,0.1339,98.00,92.00,0.00,0.00,0.0000,0.00000000
"test5",66,2,562.00,785.00,15,0.1339,98.00,92.00,0.00,0.00,0.0000,0.00000000
"test5",66,3,562.00,785.00,17,0.1339,98.00,92.00,0.00,0.00,0.0000,0.00000000
"test5",66,4,562.00,785.00,20,0.1024,96.00,72.00,0.00,0.00,0.0000,0.00000000
"test5",66,5,562.00,785.00,26,0.1024,96.00,72.00,0.00,0.00,0.0000,0.00000000
"test5",66,6,562.00,785.00,28,0.1339,98.00,92.00,0.00,0.00,0.0000,0.00000000
"test5",66,7,562.00,785.00,31,0.1575,114.00,90.00,0.00,0.00,0.0000,0.00000000
"test5",66,8,562.00,785.00,36,0.1575,114.00,90.00,0.00,0.00,0.0000,0.00000000
"test5",66,9,562.00,785.00,39,0.1339,98.00,92.00,0.00,0.00,0.0000,0.00000000
"test5",66,10,562.00,785.00,42,0.1575,113.00,90.00,0.00,0.00,0.0000,0.00000000
"test5",66,11,562.00,785.00,47,0.1024,95.00,72.00,0.00,0.00,0.0000,0.00000000
"test5",66,12,562.00,785.00,50,0.1339,98.00,92.00,0.00,0.00,0.0000,0.00000000
"test5",66,13,562.00,785.00,52,0.1024,95.00,72.00,0.00,0.00,0.0000,0.00000000
"test5",66,14,562.00,785.00,57,0.1024,95.00,72.00,0.00,0.00,0.0000,0.00000000
"test5",66,15,562.00,785.00,62,0.1339,98.00,92.00,0.00,0.00,0.0000,0.00000000
"test5",66,16,562.00,785.00,63,0.1024,95.00,72.00,0.00,0.00,0.0000,0.00000000
"test5",66,17,562.00,785.00,68,0.1024,95.00,72.00,0.00,0.00,0.0000,0.00000000
"test5",66,18,562.00,785.00,73,0.1339,98.00,92.00,0.00,0.00,0.0000,0.00000000
"test5",66,19,562.00,785.00,73,0.1024,95.00,72.00,0.00,0.00,0.0000,0.00000000
"test5",66,20,562.00,785.00,79,0.1024,95.00,72.00,0.00,0.00,0.0000,0.00000000
"test5",66,21,562.00,785.00,84,0.1339,98.00,92.00,0.00,0.00,0.0000,0.00000000
"test5",66,22,562.00,785.00,84,0.1024,95.00,72.00,0.00,0.00,0.0000,0.00000000
"test5",66,23,562.00,785.00,89,0.1024,95.00,70.00,0.00,0.00,0.0000,0.00000000
"test5",66,24,562.00,785.00,95,0.1024,95.00,70.00,0.00,0.00,0.0000,0.00000000
"test5",66,25,562.00,785.00,95,0.1339,98.00,92.00,0.00,-600.00,160000.0000,0.00000000
"test5",66,26,562.00,782.00,100,0.1024,96.00,70.00,0.00,-1400.00,108442.3828,0.00000000
"test5",66,27,562.00,775.00,105,0.1102,100.00,72.00,0.00,-857.79,970654.3125,0.00000000
"test5",66,28,562.00,774.14,106,0.1102,100.00,72.00,0.00,-1828.44,74311.5234,0.00000000
"test5",66,29,562.00,765.00,111,0.1181,106.00,74.00,0.00,-2200.00,21328.1250,0.00000000
"test5",66,30,562.00,754.00,116,0.1339,114.00,78.00,0.00,-2306.64,366699.2188,0.00000000
"test5",66,31,562.00,751.69,117,0.1339,114.00,78.00,0.00,-2673.34,94664.6250,0.00583016
"test5",66,32,562.00,741.00,121,0.1496,121.00,81.00,166.67,-2333.33,360297.3438,0.00000027
"test5",66,33,563.00,727.00,127,0.1654,129.00,85.00,320.68,-4489.62,1661120.1250,0.01406647
"test5",66,34,563.32,722.51,128,0.1654,129.00,85.00,-80.17,-2877.59,281316.3750,0.00336060
"test5",66,35,563.00,711.00,132,0.1811,136.00,88.00,0.00,-4000.00,21960.4492,0.00000000
"test5",66,36,563.00,691.00,137,0.1969,144.00,90.00,0.00,-3890.20,417648.3125,0.00000000
"test5",66,37,563.00,683.22,139,0.1969,144.00,90.00,0.00,-3054.90,256565.2813,0.01071533
"test5",66,38,563.00,671.00,143,0.2126,151.00,92.00,400.00,-4000.00,140492.4063,0.00000015
"test5",66,39,565.00,651.00,148,0.2205,156.00,93.00,469.91,-4698.97,751407.3125,0.00074327
"test5",66,40,565.94,641.60,150,0.2205,156.00,93.00,353.39,-3200.68,291317.6563,0.01411158
"test5",66,41,567.00,632.00,153,0.2283,161.00,93.00,0.00,-4000.00,133333.3438,0.00000000
"test5",66,42,567.00,612.00,158,0.2283,163.00,93.00,0.00,-3333.33,333333.3438,0.00000000
"test5",66,43,567.00,602.00,161,0.2283,163.00,93.00,0.00,-2333.33,355555.5625,0.00000000
"test5",66,44,567.00,595.00,164,0.2283,164.00,91.00,0.00,-3400.00,135837.9375,0.00296570
"test5",66,45,567.00,578.00,169,0.2283,164.00,90.00,171.42,-2742.80,572618.4375,0.00000147
"test5",66,46,567.69,567.03,173,0.2283,164.00,90.00,314.33,-5028.81,2533116.0000,0.00040891
"test5",66,47,568.00,562.00,174,0.2283,162.00,90.00,166.67,-2500.00,65788.9453,0.00000019
"test5",66,48,569.00,547.00,180,0.2126,159.00,89.00,192.92,-2893.86,132970.2656,0.00000109
"test5",66,49,569.77,535.42,184,0.2126,159.00,89.00,228.33,-3424.56,1224888.2500,0.00451596
"test5",66,50,570.00,532.00,185,0.2126,156.00,88.00,200.00,-2200.00,101935.7344,0.00642359
"test5",66,51,571.00,521.00,190,0.2047,152.00,88.00,0.00,-1731.20,77441.4063,0.00000000
"test5",66,52,571.00,512.34,195,0.2047,152.00,88.00,0.00,-1343.99,143994.1406,0.00000000
"test5",66,53,571.00,511.00,196,0.1969,147.00,88.00,0.00,-1200.00,88637.6953,0.00000000
"test5",66,54,571.00,505.00,201,0.1890,141.00,88.00,0.00,-756.81,0.0000,0.00000000
"test5",66,55,571.00,501.22,206,0.1890,141.00,88.00,0.00,-756.81,0.0000,0.00000000
"test5",66,56,571.00,501.00,206,0.1811,134.00,89.00,0.00,-500.00,121335.1563,0.13333333
"test5",66,57,571.00,498.00,212,0.1732,128.00,90.00,200.00,-1200.00,0.0000,0.00000000
"test5",66,58,572.00,492.00,217,0.1654,123.00,90.00,200.00,-1200.00,0.0000,0.00000000
"test5",66,59,572.04,491.79,217,0.1654,123.00,90.00,-7.12,-1157.30,131467.6719,0.00045911
"test5",66,60,572.00,486.00,222,0.1654,118.00,91.00,0.00,-500.00,0.0000,0.00000000
"test5",66,61,572.00,483.00,228,0.1575,114.00,92.00,0.00,-500.00,0.0000,0.00000000
"test5",66,62,572.00,482.64,228,0.1575,114.00,92.00,0.00,0.00,67416.3906,0.00000000
"test5",66,63,572.00,482.64,233,0.1496,109.00,93.00,200.00,271.34,11699.7832,0.07998704
"test5",66,64,573.00,484.00,238,0.1496,105.00,93.00,214.72,214.72,303662.3125,0.00000000
"test5",66,65,573.21,484.21,239,0.1496,105.00,93.00,0.00,0.00,0.0000,0.00000000
"test5",66,66,573.21,484.21,243,0.1417,103.00,93.00,0.00,0.00,0.0000,0.00000000
"test5",66,67,573.21,484.21,249,0.1417,100.00,93.00,0.00,0.00,203526.3281,0.00000000
"test5",66,68,573.21,484.21,250,0.1496,105.00,93.00,-53.68,196.32,50881.5820,0.00000003
"test5",66,69,573.00,485.00,254,0.1339,99.00,93.00,0.00,0.00,0.0000,0.00000000
"test5",66,70,573.00,485.00,259,0.1417,97.00,94.00,0.00,0.00,0.0000,0.00000000
"test5",66,71,573.00,485.00,261,0.1417,97.00,94.00,0.00,0.00,0.0000,0.00000000
"test5",66,72,573.00,485.00,265,0.1417,96.00,94.00,0.00,0.00,0.0000,0.00000000
"test5",66,73,573.00,485.00,270,0.1339,96.00,93.00,0.00,0.00,0.0000,0.00000000
"test5",66,74,573.00,485.00,274,0.1339,96.00,93.00,0.00,0.00,0.0000,0.00000000
"test5",65,0,293.00,554.00,0,0.0866,91.00,63.00,0.00,0.00,0.0000,0.00000000
"test5",65,1,293.00,554.00,10,0.0866,92.00,62.00,0.00,0.00,0.0000,0.00000000
"test5",65,2,293.00,554.00,15,0.0866,92.00,60.00,0.00,0.00,0.0000,0.00000000
"test5",65,3,293.00,554.00,17,0.0866,92.00,60.00,0.00,0.00,0.0000,0.00000000
"test5",65,4,293.00,554.00,21,0.0709,92.00,55.00,0.00,0.00,0.0000,0.00000000
"test5",65,5,293.00,554.00,26,0.0709,92.00,52.00,0.00,0.00,0.0000,0.00000000
"test5",65,6,293.00,554.00,28,0.0866,92.00,60.00,0.00,0.00,0.0000,0.00000000
"test5",65,7,293.00,554.00,31,0.0709,92.00,51.00,0.00,0.00,0.0000,0.00000000
"test5",65,8,293.00,554.00,37,0.0630,92.00,49.00,0.00,0.00,0.0000,0.00000000
"test5",65,9,293.00,554.00,39,0.0866,92.00,60.00,0.00,0.00,0.0000,0.00000000
"test5",65,10,293.00,554.00,42,0.0630,92.00,47.00,0.00,0.00,0.0000,0.00000000
"test5",65,11,293.00,554.00,47,0.0630,92.00,44.00,0.00,0.00,0.0000,0.00000000
"test5",65,12,293.00,554.00,50,0.0866,92.00,60.00,0.00,0.00,0.0000,0.00000000
"test5",65,13,293.00,554.00,53,0.0551,92.00,42.00,0.00,0.00,0.0000,0.00000000
"test5",65,14,293.00,554.00,58,0.0551,93.00,42.00,0.00,0.00,0.0000,0.00000000
"test5",65,15,293.00,554.00,60,0.0866,92.00,60.00,0.00,0.00,0.0000,0.00000000
"test5",65,16,293.00,554.00,63,0.0551,93.00,43.00,0.00,0.00,0.0000,0.00000000
"test5",65,17,293.00,554.00,68,0.0630,94.00,45.00,0.00,0.00,0.0000,0.00000000
"test5",65,18,293.00,554.00,72,0.0866,92.00,60.00,0.00,0.00,0.0000,0.00000000
"test5",65,19,293.00,554.00,74,0.0630,95.00,47.00,0.00,0.00,0.0000,0.00000000
"test5",65,20,293.00,554.00,79,0.0709,96.00,50.00,0.00,0.00,0.0000,0.00000000
"test5",65,21,293.00,554.00,84,0.0866,92.00,60.00,0.00,0.00,0.0000,0.00000000
"test5",65,22,293.00,554.00,84,0.0787,98.00,53.00,0.00,0.00,0.0000,0.00000000
"test5",65,23,293.00,554.00,90,0.0866,100.00,56.00,0.00,0.00,0.0000,0.00000000
"test5",65,24,293.00,554.00,95,0.0866,92.00,60.00,0.00,0.00,0.0000,0.00000000
"test5",65,25,295.00,553.00,95,0.0945,104.00,60.00,1400.00,-600.00,121655.2500,0.02829880
"test5",65,26,302.00,550.00,100,0.1024,110.00,63.00,2000.00,-500.00,0.0000,0.00000000
"test5",65,27,314.00,547.00,106,0.1181,117.00,68.00,2000.00,-500.00,0.0000,0.00000000
"test5",65,28,314.08,546.98,106,0.1181,117.00,68.00,2983.03,-595.75,3499.4766,0.00001819
"test5",65,29,329.00,544.00,111,0.1417,127.00,72.00,3000.00,-600.00,293816.0625,0.00000000
"test5",65,30,344.00,541.00,116,0.1575,138.00,76.00,1559.45,-311.89,1743338.1250,0.04652531
"test5",65,31,345.56,540.69,117,0.1575,138.00,76.00,3288.11,-537.62,142923.4688,0.00096051
"test5",65,32,362.00,538.00,122,0.1811,150.00,81.00,4000.00,-600.00,51801.5781,0.00000068
"test5",65,33,382.00,535.00,127,0.2047,161.00,84.00,3743.87,-561.52,872660.3750,0.01208123
"test5",65,34,385.74,534.44,128,0.2047,161.00,84.00,4564.03,-859.62,229469.2344,0.00027264
"test5",65,35,404.00,531.00,132,0.2283,169.00,88.00,3666.67,-666.67,424871.0000,0.00000007
"test5",65,36,426.00,527.00,138,0.2520,177.00,92.00,6174.77,-1122.68,2254837.5000,0.00000012
"test5",65,37,432.17,525.88,139,0.2520,177.00,92.00,3956.31,-719.33,114865.0313,0.00304233
"test5",65,38,448.00,523.00,143,0.2677,183.00,95.00,4400.00,-600.00,97153.7734,0.00000003
"test5",65,39,470.00,520.00,148,0.2756,186.00,97.00,3918.69,-534.36,113022.2969,0.00431920
"test5",65,40,477.84,518.93,150,0.2756,186.00,97.00,3720.88,-643.76,419907.6250,0.00228495
"test5",65,41,489.00,517.00,153,0.2835,186.00,99.00,2500.00,-333.33,145207.5000,0.00000016
"test5",65,42,504.00,515.00,159,0.2756,185.00,99.00,3363.60,-448.49,486343.4375,0.01625952
"test5",65,43,510.73,514.10,161,0.2756,185.00,99.00,2424.27,-701.01,231992.9063,0.00989532
"test5",65,44,518.00,512.00,164,0.2756,182.00,99.00,1833.33,-333.33,155282.4844,0.00000000
"test5",65,45,529.00,510.00,170,0.2677,177.00,99.00,2750.00,-500.00,990405.3750,0.00954056
"test5",65,46,534.50,509.00,172,0.2677,177.00,99.00,833.33,0.00,144444.4375,0.19200000
"test5",65,47,537.00,509.00,175,0.1417,109.00,85.00,1000.00,-400.00,35901.1016,0.00000000
"test5",65,48,542.00,507.00,180,0.1417,109.00,85.00,833.33,-333.33,572653.5625,0.49945641
"test5",65,49,544.50,506.00,183,0.1417,109.00,85.00,-750.00,-1000.00,625000.0000,0.00000000
"test5",65,50,543.00,504.00,185,0.1417,109.00,85.00,0.00,0.00,0.0000,0.00000000
"test5",65,51,543.00,504.00,191,0.1417,108.00,85.00,0.00,0.00,0.0000,0.00000000
"test5",65,52,543.00,504.00,194,0.1417,108.00,85.00,0.00,0.00,0.0000,0.00000000
"test5",65,53,543.00,504.00,196,0.1339,101.00,91.00,0.00,0.00,0.0000,0.00000000
"test5",65,54,543.00,504.00,201,0.1417,102.00,91.00,0.00,0.00,400000.0000,0.00000000
"test5",65,55,543.00,504.00,206,0.1417,108.00,85.00,-2000.00,0.00,1600000.0000,0.00000000
"test5",65,56,541.00,504.00,207,0.1417,102.00,91.00,-400.00,0.00,36940.9453,0.22570799
"test5",65,57,539.00,504.00,212,0.1417,102.00,92.00,-361.12,180.57,0.0000,0.00000000
"test5",65,58,537.19,504.90,217,0.1417,102.00,92.00,-361.12,180.57,0.0000,0.00000000
"test5",65,59,537.00,505.00,217,0.1417,102.00,92.00,-833.33,0.00,25855.1738,0.00000000
"test5",65,60,532.00,505.00,223,0.1417,108.00,89.00,-988.46,0.00,0.0000,0.00000000
"test5",65,61,527.06,505.00,228,0.1417,108.00,89.00,-988.46,0.00,0.0000,0.00000000
"test5",65,62,527.00,505.00,228,0.1496,112.00,89.00,-600.00,0.00,40000.0000,0.00000000
"test5",65,63,524.00,505.00,233,0.1575,116.00,89.00,-400.00,0.00,43403.3203,0.00000000
"test5",65,64,522.00,505.00,238,0.1654,119.00,90.00,-182.98,0.00,297010.7813,5.97319365
"test5",65,65,521.82,505.00,239,0.1654,119.00,90.00,36.60,200.00,40664.1445,0.00000000
"test5",65,66,522.00,506.00,244,0.0866,120.00,48.00,0.00,0.00,0.0000,0.00000000
"test5",65,67,522.00,506.00,248,0.0866,120.00,48.00,0.00,0.00,0.0000,0.00000000
"test5",64,0,498.00,623.00,0,0.1102,111.00,66.00,0.00,0.00,0.0000,0.00000000
"test5",64,1,498.00,623.00,15,0.1102,111.00,66.00,0.00,0.00,0.0000,0.00000000
"test5",64,2,498.00,623.00,21,0.1102,111.00,66.00,0.00,0.00,0.0000,0.00000000
"test5",64,3,498.00,623.00,32,0.1102,110.00,66.00,0.00,0.00,0.0000,0.00000000
"test5",64,4,498.00,623.00,42,0.1102,109.00,66.00,0.00,0.00,0.0000,0.00000000
"test5",64,5,498.00,623.00,43,0.1102,111.00,66.00,0.00,0.00,0.0000,0.00000000
"test5",64,6,498.00,623.00,58,0.1102,108.00,66.00,0.00,0.00,0.0000,0.00000000
"test5",64,7,498.00,623.00,63,0.1102,108.00,66.00,0.00,0.00,0.0000,0.00000000
"test5",64,8,498.00,623.00,65,0.1102,111.00,66.00,0.00,0.00,0.0000,0.00000000
"test5",64,9,498.00,623.00,69,0.1102,108.00,66.00,0.00,0.00,0.0000,0.00000000
"test5",64,10,498.00,623.00,74,0.1024,107.00,66.00,0.00,0.00,0.0000,0.00000000
"test5",64,11,498.00,623.00,76,0.1102,111.00,66.00,0.00,0.00,0.0000,0.00000000
"test5",64,12,498.00,623.00,79,0.1024,105.00,66.00,0.00,0.00,0.0000,0.00000000
"test5",64,13,498.00,623.00,85,0.1024,104.00,66.00,0.00,0.00,0.0000,0.00000000
"test5",64,14,498.00,623.00,87,0.1102,111.00,66.00,0.00,0.00,0.0000,0.00000000
"test5",64,15,498.00,623.00,90,0.1024,103.00,66.00,0.00,0.00,0.0000,0.00000000
"test5",64,16,498.00,623.00,95,0.1969,144.00,88.00,0.00,0.00,351364.1875,0.00000000
"test5",64,17,498.00,623.00,98,0.1102,111.00,66.00,-1000.00,-333.33,267591.0000,0.05692100
"test5",64,18,495.00,622.00,101,0.1969,144.00,88.00,-1800.00,-400.00,61463.6289,0.00000000
"test5",64,19,486.00,620.00,106,0.1969,145.00,88.00,-1500.00,-333.33,943218.1875,0.00765636
"test5",64,20,481.50,619.00,109,0.1969,145.00,88.00,-4250.00,-1000.00,1071246.6250,0.00025032
"test5",64,21,473.00,617.00,111,0.1969,148.00,87.00,-2166.67,-500.00,185300.8906,0.00000000
"test5",64,22,460.00,614.00,117,0.2047,153.00,88.00,-3250.00,-750.00,294627.8125,0.02470366
"test5",64,23,453.50,612.50,119,0.2047,153.00,88.00,-3166.67,-166.67,373505.2188,0.01254443
"test5",64,24,444.00,612.00,122,0.2126,159.00,89.00,-4200.00,-600.00,78975.2500,0.00052170
"test5",64,25,423.00,609.00,127,0.2283,167.00,90.00,-3818.51,-498.07,17942.8652,0.00000043
"test5",64,26,403.91,606.51,132,0.2283,167.00,90.00,-3907.47,-509.64,306166.1250,0.00333358
"test5",64,27,400.00,606.00,133,0.2441,175.00,91.00,-4200.00,-600.00,142903.1563,0.00145680
"test5",64,28,379.00,603.00,138,0.2598,183.00,93.00,-3523.22,-370.87,0.0000,0.00000000
"test5",64,29,361.38,601.15,143,0.2598,183.00,93.00,-3523.22,-370.87,0.0000,0.00000000
"test5",64,30,360.00,601.00,143,0.2677,187.00,94.00,-2333.33,-500.00,58001.6914,0.00081767
"test5",64,31,346.00,598.00,149,0.2835,189.00,96.00,-2000.00,-400.00,0.0000,0.00000000
"test5",64,32,336.00,596.00,154,0.2756,186.00,97.00,-2000.00,-400.00,0.0000,0.00000000
"test5",64,33,335.89,595.98,154,0.2756,186.00,97.00,-1377.86,-195.58,179877.1406,0.00725628
"test5",64,34,329.00,595.00,159,0.2756,180.00,99.00,-500.00,0.00,0.0000,0.00000000
"test5",64,35,326.00,595.00,165,0.2598,171.00,99.00,-500.00,0.00,0.0000,0.00000000
"test5",64,36,325.71,595.00,165,0.2598,171.00,99.00,-141.66,0.00,28331.2988,0.00000000
"test5",64,37,325.00,595.00,170,0.2362,161.00,97.00,0.00,0.00,0.0000,0.00000000
"test5",64,38,325.00,595.00,175,0.2205,151.00,96.00,0.00,0.00,200000.0000,0.00000000
"test5",64,39,325.00,595.00,176,0.2205,151.00,96.00,200.00,0.00,40000.0000,0.00000000
"test5",64,40,326.00,595.00,181,0.2047,142.00,93.00,400.00,0.00,31407.4707,0.00000000
"test5",64,41,328.00,595.00,186,0.1811,133.00,91.00,557.04,0.00,317855.9375,0.80569631
"test5",64,42,328.56,595.00,187,0.1811,133.00,91.00,360.74,-250.00,61106.9922,0.23020262
"test5",64,43,330.00,594.00,191,0.1732,126.00,90.00,600.00,-200.00,7911.4844,0.00000483
"test5",64,44,333.00,593.00,196,0.1654,120.00,90.00,562.47,-187.50,328476.1250,0.11245302
"test5",64,45,334.12,592.63,198,0.1654,120.00,90.00,-31.23,93.75,24704.0879,0.00000000
"test5",64,46,334.00,593.00,202,0.1575,114.00,90.00,0.00,0.00,0.0000,0.00000000
"test5",64,47,334.00,593.00,207,0.1496,110.00,90.00,0.00,0.00,0.0000,0.00000000
"test5",64,48,334.00,593.00,210,0.1496,110.00,90.00,0.00,0.00,83333.3359,0.00000000
"test5",64,49,334.00,593.00,212,0.1496,106.00,91.00,166.67,0.00,13888.8887,0.00000000
"test5",64,50,335.00,593.00,218,0.1496,104.00,93.00,250.00,0.00,41666.6641,0.00000000
"test5",64,51,335.50,593.00,220,0.1496,104.00,93.00,166.67,0.00,55555.5586,0.00000000
"test5",64,52,336.00,593.00,223,0.1417,102.00,93.00,0.00,0.00,0.0000,0.00000000
"test5",64,53,336.00,593.00,227,0.1417,102.00,93.00,0.00,0.00,0.0000,0.00000000
"test5",63,0,451.00,965.00,0,0.1496,114.00,87.00,0.00,0.00,0.0000,0.00000000
"test5",63,1,451.00,965.00,10,0.1260,105.00,79.00,0.00,0.00,0.0000,0.00000000
"test5",63,2,451.00,965.00,15,0.1260,105.00,79.00,0.00,0.00,0.0000,0.00000000
"test5",63,3,451.00,965.00,17,0.1260,105.00,79.00,0.00,0.00,0.0000,0.00000000
"test5",63,4,451.00,965.00,21,0.1260,104.00,79.00,0.00,0.00,0.0000,0.00000000
"test5",63,5,451.00,965.00,26,0.1181,103.00,78.00,0.00,0.00,0.0000,0.00000000
"test5",63,6,451.00,965.00,28,0.1260,105.00,79.00,0.00,0.00,0.0000,0.00000000
"test5",63,7,451.00,965.00,31,0.1417,111.00,87.00,0.00,0.00,0.0000,0.00000000
"test5",63,8,451.00,965.00,37,0.1024,94.00,72.00,0.00,0.00,0.0000,0.00000000
"test5",63,9,451.00,965.00,39,0.1260,105.00,79.00,0.00,0.00,0.0000,0.00000000
"test5",63,10,451.00,965.00,42,0.1024,94.00,72.00,0.00,0.00,0.0000,0.00000000
"test5",63,11,451.00,965.00,47,0.1024,94.00,72.00,0.00,0.00,0.0000,0.00000000
"test5",63,12,451.00,965.00,50,0.1260,105.00,79.00,0.00,0.00,0.0000,0.00000000
"test5",63,13,451.00,965.00,53,0.1024,94.00,72.00,0.00,0.00,0.0000,0.00000000
"test5",63,14,451.00,965.00,58,0.1024,94.00,72.00,0.00,0.00,0.0000,0.00000000
"test5",63,15,451.00,965.00,60,0.1260,105.00,79.00,0.00,0.00,0.0000,0.00000000
"test5",63,16,451.00,965.00,63,0.1024,94.00,72.00,0.00,0.00,0.0000,0.00000000
"test5",63,17,451.00,965.00,68,0.1024,93.00,72.00,0.00,0.00,0.0000,0.00000000
"test5",63,18,451.00,965.00,71,0.1260,105.00,79.00,0.00,0.00,0.0000,0.00000000
"test5",63,19,451.00,965.00,74,0.1024,94.00,73.00,0.00,0.00,0.0000,0.00000000
"test5",63,20,451.00,965.00,79,0.1024,94.00,75.00,0.00,0.00,0.0000,0.00000000
"test5",63,21,451.00,965.00,83,0.1260,105.00,79.00,0.00,0.00,223606.7969,0.00000000
"test5",63,22,451.00,965.00,85,0.1102,96.00,77.00,-200.00,-400.00,220797.0156,0.66443318
"test5",63,23,450.00,963.00,90,0.1181,99.00,79.00,0.00,-1485.72,107147.2188,0.00000000
"test5",63,24,450.00,957.06,94,0.1181,99.00,79.00,0.00,-1057.13,542871.1250,0.00000000
"test5",63,25,450.00,956.00,95,0.1260,102.00,81.00,0.00,-1600.00,65026.4453,0.01458025
"test5",63,26,450.00,948.00,100,0.1339,107.00,82.00,-186.63,-1866.24,240677.2969,0.00000111
"test5",63,27,449.07,938.67,105,0.1339,107.00,82.00,-66.86,-668.82,1536953.8750,0.04391562
"test5",63,28,449.00,938.00,106,0.1417,111.00,84.00,-200.00,-2200.00,27487.3672,0.00556572
"test5",63,29,448.00,927.00,111,0.1496,115.00,85.00,-333.33,-2166.67,0.0000,0.00000000
"test5",63,30,446.00,914.00,117,0.1575,120.00,87.00,-333.33,-2166.67,0.0000,0.00000000
"test5",63,31,445.98,913.89,117,0.1575,120.00,87.00,-396.64,-3178.15,169327.4844,0.00195008
"test5",63,32,444.00,898.00,122,0.1732,127.00,89.00,-600.00,-4000.00,468538.6250,0.00000015
"test5",63,33,441.00,878.00,127,0.1890,135.00,90.00,-252.47,-1683.23,2806110.7500,0.18349618
"test5",63,34,440.75,876.32,128,0.1890,135.00,90.00,-1186.88,-4329.19,264189.0938,0.00096350
"test5",63,35,436.00,859.00,132,0.1969,141.00,91.00,-833.33,-3333.33,53546.4727,0.00000000
"test5",63,36,431.00,839.00,138,0.2047,147.00,92.00,-911.25,-3645.02,409635.3125,0.02147618
"test5",63,37,430.09,835.35,139,0.2047,147.00,92.00,-1272.19,-3838.75,172814.4688,0.01052907
"test5",63,38,425.00,820.00,143,0.2126,153.00,93.00,-600.00,-4000.00,295407.1250,0.00000007
"test5",63,39,422.00,800.00,148,0.2205,156.00,93.00,-380.89,-2539.31,632915.8750,0.01875021
"test5",63,40,421.24,794.92,150,0.2205,156.00,93.00,-809.56,-3730.35,102906.9688,0.00702098
"test5",63,41,418.00,780.00,154,0.2283,157.00,94.00,-1200.00,-3600.00,132693.4844,0.00000007
"test5",63,42,412.00,762.00,159,0.2283,157.00,95.00,-990.19,-2970.58,398278.8125,0.00537585
"test5",63,43,410.02,756.06,161,0.2283,157.00,95.00,-1339.87,-3686.28,290118.3438,0.00278618
"test5",63,44,406.00,745.00,164,0.2283,156.00,96.00,-1166.67,-2833.33,156410.7500,0.00000000
"test5",63,45,399.00,728.00,170,0.2283,153.00,97.00,-1523.99,-3701.11,502698.8438,0.03112218
"test5",63,46,395.95,720.60,172,0.2283,153.00,97.00,-650.68,-4199.26,279215.9063,0.00231366
"test5",63,47,394.00,708.00,175,0.2283,150.00,98.00,-400.00,-3400.00,114114.9688,0.00000000
"test5",63,48,392.00,691.00,180,0.2205,146.00,98.00,-333.33,-2833.33,111111.1172,0.01355837
"test5",63,49,391.00,682.50,183,0.2205,146.00,98.00,-666.67,-2833.33,208758.8438,0.01531935
"test5",63,50,389.00,674.00,186,0.2126,142.00,99.00,-400.00,-3400.00,114114.9688,0.00000000
"test5",63,51,387.00,657.00,191,0.2047,138.00,99.00,-333.33,-2833.33,521897.0938,0.02033756
"test5",63,52,386.00,648.50,194,0.2047,138.00,99.00,-1000.00,-4250.00,800390.5625,0.01802277
"test5",63,53,384.00,640.00,196,0.2047,134.00,98.00,0.00,-3000.00,250000.0000,0.00000000
"test5",63,54,384.00,622.00,202,0.1890,130.00,96.00,0.00,-4500.00,583333.3750,0.00000000
"test5",63,55,384.00,613.00,204,0.1890,130.00,96.00,0.00,-3333.33,201230.7813,0.01800000
"test5",63,56,384.00,603.00,207,0.1890,128.00,95.00,-600.00,-3400.00,96887.9922,0.00440136
"test5",63,57,381.00,586.00,212,0.1811,126.00,93.00,-787.55,-2953.34,351884.4063,0.00000033
"test5",63,58,377.85,574.19,216,0.1811,126.00,93.00,-424.90,-1593.32,808095.4375,0.04501279
"test5",63,59,377.00,571.00,218,0.1732,124.00,90.00,-600.00,-3200.00,19504.7930,0.00121301
"test5",63,60,374.00,555.00,223,0.1575,123.00,87.00,-523.30,-3139.77,0.0000,0.00000000
"test5",63,61,371.38,539.30,228,0.1575,123.00,87.00,-523.30,-3139.77,0.0000,0.00000000
"test5",63,62,371.00,537.00,228,0.1496,123.00,82.00,-333.33,-3166.67,43270.1680,0.00413648
"test5",63,63,369.00,518.00,234,0.1417,123.00,78.00,-576.90,-3076.78,0.0000,0.00000000
"test5",63,64,366.12,502.62,239,0.1417,123.00,78.00,-576.90,-3076.78,0.0000,0.00000000
"test5",63,65,366.00,502.00,239,0.1417,123.00,77.00,-600.00,-3000.00,89442.7188,0.00754293
"test5",63,66,363.00,487.00,244,0.1417,123.00,76.00,-1000.00,-3200.00,519227.3438,0.00000039
"test5",63,67,358.00,471.00,249,0.1417,123.00,77.00,-225.62,-722.05,2753303.5000,0.87548268
"test5",63,68,357.77,470.28,250,0.1417,123.00,77.00,-554.88,-3455.59,42351.2969,0.00287065
"test5",63,69,355.00,453.00,255,0.1496,124.00,78.00,-400.00,-3600.00,201923.3438,0.00000010
"test5",63,70,353.00,435.00,260,0.1496,125.00,81.00,-288.51,-2596.56,1313345.3750,0.03640240
"test5",63,71,352.71,432.40,261,0.1496,125.00,81.00,-677.87,-3850.86,257333.7188,0.00538818
"test5",63,72,350.00,417.00,265,0.1575,125.00,83.00,-833.33,-2833.33,202722.7813,0.00000003
"test5",63,73,345.00,400.00,271,0.1654,126.00,85.00,-1176.54,-4000.24,1250648.8750,0.02190948
"test5",63,74,343.82,396.00,272,0.1654,126.00,85.00,-1205.86,-2749.94,112524.8125,0.00516043
"test5",63,75,339.00,385.00,276,0.1732,127.00,88.00,-1200.00,-3200.00,123472.9844,0.00000024
"test5",63,76,333.00,369.00,281,0.1732,127.00,90.00,-983.22,-2621.95,533315.5000,0.04850901
"test5",63,77,331.03,363.76,283,0.1732,127.00,90.00,-8.39,-2189.03,181425.9375,0.02030833
"test5",63,78,331.00,355.00,287,0.1732,126.00,91.00,-400.00,-2800.00,92147.0078,0.00000016
"test5",63,79,329.00,341.00,292,0.1811,126.00,92.00,-465.16,-3256.10,907402.6875,0.00871505
"test5",63,80,328.07,334.49,294,0.1811,126.00,92.00,-23.22,-1495.93,161389.1719,0.05539957
"test5",63,81,328.00,330.00,297,0.1811,126.00,93.00,-400.00,-1800.00,61463.6289,0.00000000
"test5",63,82,326.00,321.00,302,0.1811,125.00,94.00,-333.33,-1500.00,157134.8594,0.05614671
"test5",63,83,325.00,316.50,305,0.1811,125.00,94.00,-666.67,-1166.67,151127.4531,0.01831898
"test5",63,84,323.00,313.00,308,0.1811,124.00,95.00,-800.00,-1600.00,59628.4688,0.00000000
"test5",63,85,319.00,305.00,313,0.1732,123.00,95.00,-666.67,-1333.33,229061.4219,0.06708205
"test5",63,86,317.00,301.00,316,0.1732,123.00,95.00,-500.00,-2000.00,589255.6875,0.01426681
"test5",63,87,316.00,297.00,318,0.1732,121.00,94.00,-333.33,-833.33,74793.9609,0.00000001
"test5",63,88,314.00,292.00,324,0.0630,97.00,46.00,-500.00,-1250.00,969141.9375,0.03415087
"test5",63,89,313.00,289.50,326,0.0630,97.00,46.00,333.33,500.00,258437.8438,0.10240616
"test5",63,90,314.00,291.00,329,0.0630,97.00,46.00,0.00,-200.00,6666.6655,0.00000000
"test5",63,91,314.00,290.00,334,0.0630,97.00,46.00,0.00,-166.67,157134.8438,4.00000000
"test5",63,92,314.00,289.50,337,0.0630,97.00,46.00,-333.33,166.67,124226.0000,0.00000000
"test5",63,93,313.00,290.00,340,0.0630,97.00,46.00,0.00,0.00,0.0000,0.00000000
"test5",63,94,313.00,290.00,345,0.0630,97.00,45.00,0.00,0.00,0.0000,0.00000000
"test5",63,95,313.00,290.00,350,0.0630,97.00,45.00,0.00,0.00,0.0000,0.00000000
"test5",63,96,313.00,290.00,350,0.0630,97.00,45.00,0.00,0.00,0.0000,0.00000000
"test5",63,97,313.00,290.00,355,0.0630,97.00,44.00,0.00,0.00,0.0000,0.00000000
"test5",63,98,313.00,290.00,361,0.0630,97.00,45.00,0.00,0.00,0.0000,0.00000000
"test5",63,99,313.00,290.00,361,0.0630,97.00,43.00,0.00,0.00,0.0000,0.00000000
"test5",63,100,313.00,290.00,366,0.0630,97.00,42.00,0.00,0.00,0.0000,0.00000000
"test5",63,101,313.00,290.00,371,0.0630,98.00,42.00,0.00,0.00,0.0000,0.00000000
"test5",63,102,313.00,290.00,372,0.0630,97.00,45.00,0.00,0.00,0.0000,0.00000000
"test5",63,103,313.00,290.00,377,0.0630,98.00,42.00,0.00,0.00,0.0000,0.00000000
"test5",63,104,313.00,290.00,381,0.0630,98.00,42.00,0.00,0.00,0.0000,0.00000000
"test5",62,0,705.00,715.00,0,0.1260,96.00,87.00,0.00,0.00,0.0000,0.00000000
"test5",62,1,705.00,715.00,10,0.1260,96.00,87.00,0.00,0.00,0.0000,0.00000000
"test5",62,2,705.00,715.00,15,0.1260,96.00,87.00,0.00,0.00,0.0000,0.00000000
"test5",62,3,705.00,715.00,16,0.1260,96.00,87.00,0.00,0.00,0.0000,0.00000000
"test5",62,4,705.00,715.00,21,0.1260,96.00,87.00,0.00,0.00,0.0000,0.00000000
"test5",62,5,705.00,715.00,26,0.1260,96.00,87.00,0.00,0.00,0.0000,0.00000000
"test5",62,6,705.00,715.00,26,0.1260,96.00,86.00,0.00,0.00,0.0000,0.00000000
"test5",62,7,705.00,715.00,32,0.1260,96.00,85.00,0.00,0.00,0.0000,0.00000000
"test5",62,8,705.00,715.00,37,0.1260,96.00,84.00,0.00,0.00,0.0000,0.00000000
"test5",62,9,705.00,715.00,37,0.1260,96.00,87.00,0.00,0.00,0.0000,0.00000000
"test5",62,10,705.00,715.00,42,0.1260,96.00,84.00,0.00,0.00,0.0000,0.00000000
"test5",62,11,705.00,715.00,48,0.1260,96.00,84.00,0.00,0.00,0.0000,0.00000000
"test5",62,12,705.00,715.00,48,0.1260,96.00,87.00,0.00,0.00,0.0000,0.00000000
"test5",62,13,705.00,715.00,53,0.1260,96.00,84.00,0.00,0.00,0.0000,0.00000000
"test5",62,14,705.00,715.00,58,0.1260,96.00,84.00,0.00,0.00,0.0000,0.00000000
"test5",62,15,705.00,715.00,60,0.1260,96.00,87.00,0.00,0.00,0.0000,0.00000000
"test5",62,16,705.00,715.00,64,0.1181,96.00,83.00,0.00,0.00,0.0000,0.00000000
"test5",62,17,705.00,715.00,69,0.1181,96.00,83.00,0.00,0.00,0.0000,0.00000000
"test5",62,18,705.00,715.00,71,0.1260,96.00,87.00,0.00,0.00,0.0000,0.00000000
"test5",62,19,705.00,715.00,74,0.1181,94.00,83.00,0.00,0.00,0.0000,0.00000000
"test5",62,20,705.00,715.00,79,0.1181,95.00,83.00,0.00,0.00,0.0000,0.00000000
"test5",62,21,705.00,715.00,82,0.1260,96.00,87.00,0.00,0.00,0.0000,0.00000000
"test5",62,22,705.00,715.00,85,0.1181,95.00,83.00,0.00,0.00,0.0000,0.00000000
"test5",62,23,705.00,715.00,90,0.1181,96.00,82.00,0.00,0.00,0.0000,0.00000000
"test5",62,24,705.00,715.00,93,0.1260,96.00,87.00,0.00,0.00,188561.7969,0.00000000
"test5",62,25,705.00,715.00,96,0.1181,99.00,81.00,400.00,-400.00,28284.2715,0.00000000
"test5",62,26,707.00,713.00,101,0.1181,103.00,78.00,500.00,-500.00,950146.1250,1.64991581
"test5",62,27,708.00,712.00,103,0.1181,103.00,78.00,2333.33,0.00,200308.3594,0.02040817
"test5",62,28,715.00,712.00,106,0.1181,109.00,73.00,1833.33,-333.33,125636.7031,0.00184755
"test5",62,29,726.00,710.00,112,0.1181,116.00,67.00,2580.91,-430.14,152837.4844,0.00000189
"test5",62,30,733.74,708.71,115,0.1181,116.00,67.00,2128.63,-354.80,165862.9063,0.01058825
"test5",62,31,738.00,708.00,117,0.1102,123.00,60.00,1800.00,-400.00,114461.6016,0.00579208
"test5",62,32,747.00,706.00,122,0.1024,129.00,53.00,1271.01,-181.58,79053.7344,0.00000270
"test5",62,33,752.08,705.27,126,0.1024,129.00,53.00,957.98,-136.84,139014.7500,0.09060305
"test5",62,34,754.00,705.00,128,0.0945,134.00,46.00,1200.00,0.00,75577.3906,0.00000000
"test5",62,35,760.00,705.00,133,0.0787,138.00,39.00,822.11,0.00,27641.2969,0.00000000
"test5",62,36,763.29,705.00,137,0.0787,138.00,39.00,711.55,0.00,511547.8438,0.00000000
"test5",62,37,764.00,705.00,138,0.0630,141.00,33.00,200.00,0.00,40000.0000,0.00000000
"test5",62,38,765.00,705.00,143,0.0551,142.00,27.00,0.00,0.00,0.0000,0.00000000
"test5",62,39,765.00,705.00,148,0.0551,142.00,27.00,0.00,0.00,400000.0000,0.00000000
"test5",62,40,765.00,705.00,149,0.0472,141.00,24.00,-400.00,0.00,1750.4883,0.00000000
"test5",62,41,763.00,705.00,154,0.0472,139.00,23.00,-391.25,0.00,69497.0703,0.00000000
"test5",62,42,761.04,705.00,159,0.0472,139.00,23.00,-43.76,0.00,756237.8125,0.00000000
"test5",62,43,761.00,705.00,160,0.0472,135.00,25.00,-800.00,0.00,40000.0000,0.00000000
"test5",62,44,757.00,705.00,165,0.0551,132.00,29.00,-600.00,0.00,0.0000,0.00000000
"test5",62,45,754.00,705.00,170,0.0630,126.00,33.00,-600.00,0.00,0.0000,0.00000000
"test5",62,46,753.78,705.00,170,0.0630,126.00,33.00,-555.36,0.00,55524.0938,0.10807651
"test5",62,47,751.00,705.00,175,0.0630,121.00,36.00,-333.33,-166.67,803.7064,0.00000000
"test5",62,48,749.00,704.00,181,0.0630,117.00,36.00,-337.65,-168.82,389973.2813,2.35364938
"test5",62,49,748.66,703.83,182,0.0630,117.00,36.00,-665.59,42.21,116874.3672,0.00711395
"test5",62,50,746.00,704.00,186,0.0630,112.00,36.00,-200.00,0.00,12906.4941,0.00000000
"test5",62,51,745.00,704.00,191,0.0551,108.00,34.00,-135.47,0.00,67733.7656,0.00000000
"test5",62,52,744.73,704.00,193,0.0551,108.00,34.00,0.00,0.00,0.0000,0.00000000
"test5",62,53,744.73,704.00,197,0.0472,105.00,33.00,0.00,0.00,0.0000,0.00000000
"test5",62,54,744.73,704.00,202,0.0472,103.00,32.00,0.00,0.00,378489.1563,0.00000000
"test5",62,55,744.73,704.00,204,0.0551,108.00,34.00,756.98,0.00,141215.0000,0.00000000
"test5",62,56,747.00,704.00,207,0.0472,102.00,33.00,333.33,0.00,14146.5908,0.00000000
"test5",62,57,749.00,704.00,213,0.0472,101.00,34.00,418.21,0.00,15177.4141,0.00000000
"test5",62,58,749.84,704.00,215,0.0472,101.00,34.00,387.86,0.00,4047.3123,0.00000000
"test5",62,59,751.00,704.00,218,0.0551,102.00,36.00,400.00,0.00,13333.3311,0.00000000
"test5",62,60,753.00,704.00,223,0.0551,103.00,38.00,333.33,0.00,111111.1172,0.00000000
"test5",62,61,754.00,704.00,226,0.0551,103.00,38.00,0.00,0.00,83333.3359,0.00000000
"test5",62,62,754.00,704.00,228,0.0630,105.00,41.00,166.67,0.00,27777.7793,0.00000000
"test5",62,63,755.00,704.00,234,0.0709,108.00,44.00,0.00,0.00,0.0000,0.00000000
"test5",62,64,755.00,704.00,238,0.0709,108.00,44.00,0.00,0.00,0.0000,0.00000000
"test5",61,0,323.00,848.00,0,0.1024,100.00,66.00,0.00,0.00,0.0000,0.00000000
"test5",61,1,323.00,848.00,10,0.1339,102.00,86.00,0.00,0.00,0.0000,0.00000000
"test5",61,2,323.00,848.00,16,0.0945,99.00,67.00,0.00,0.00,0.0000,0.00000000
"test5",61,3,323.00,848.00,17,0.0945,99.00,67.00,0.00,0.00,0.0000,0.00000000
"test5",61,4,323.00,848.00,21,0.0945,99.00,67.00,0.00,0.00,0.0000,0.00000000
"test5",61,5,323.00,848.00,26,0.0945,99.00,67.00,0.00,0.00,0.0000,0.00000000
"test5",61,6,323.00,848.00,29,0.0945,99.00,67.00,0.00,0.00,0.0000,0.00000000
"test5",61,7,323.00,848.00,32,0.1339,102.00,86.00,0.00,0.00,0.0000,0.00000000
"test5",61,8,323.00,848.00,37,0.1024,100.00,66.00,0.00,0.00,0.0000,0.00000000
"test5",61,9,323.00,848.00,39,0.0945,99.00,67.00,0.00,0.00,0.0000,0.00000000
"test5",61,10,323.00,848.00,42,0.1024,100.00,66.00,0.00,0.00,0.0000,0.00000000
"test5",61,11,323.00,848.00,47,0.1024,100.00,66.00,0.00,0.00,0.0000,0.00000000
"test5",61,12,323.00,848.00,50,0.0945,99.00,67.00,0.00,0.00,0.0000,0.00000000
"test5",61,13,323.00,848.00,53,0.1024,100.00,66.00,0.00,0.00,0.0000,0.00000000
"test5",61,14,323.00,848.00,58,0.1024,100.00,66.00,0.00,0.00,0.0000,0.00000000
"test5",61,15,323.00,848.00,61,0.0945,99.00,67.00,0.00,0.00,0.0000,0.00000000
"test5",61,16,323.00,848.00,64,0.1024,100.00,66.00,0.00,0.00,0.0000,0.00000000
"test5",61,17,323.00,848.00,69,0.0945,99.00,65.00,0.00,0.00,0.0000,0.00000000
"test5",61,18,323.00,848.00,73,0.0945,99.00,67.00,0.00,0.00,0.0000,0.00000000
"test5",61,19,323.00,848.00,74,0.0945,99.00,64.00,0.00,0.00,0.0000,0.00000000
"test5",61,20,323.00,848.00,79,0.1024,97.00,71.00,0.00,0.00,0.0000,0.00000000
"test5",61,21,323.00,848.00,84,0.0945,99.00,67.00,0.00,0.00,0.0000,0.00000000
"test5",61,22,323.00,848.00,85,0.1102,98.00,72.00,0.00,0.00,0.0000,0.00000000
"test5",61,23,323.00,848.00,90,0.1102,98.00,72.00,0.00,0.00,0.0000,0.00000000
"test5",61,24,323.00,848.00,95,0.0945,99.00,67.00,0.00,0.00,0.0000,0.00000000
"test5",61,25,322.00,845.00,95,0.1102,100.00,74.00,200.00,-1400.00,21081.8496,0.00471404
"test5",61,26,323.00,838.00,100,0.1181,105.00,77.00,166.67,-1500.00,0.0000,0.00000000
"test5",61,27,324.00,829.00,106,0.1339,110.00,80.00,166.67,-1500.00,0.0000,0.00000000
"test5",61,28,324.04,828.64,106,0.1339,110.00,80.00,-7.94,-2128.52,25752.1426,0.00032937
"test5",61,29,324.00,818.00,111,0.1496,117.00,84.00,0.00,-2000.00,0.0000,0.00000000
"test5",61,30,324.00,806.00,117,0.1575,123.00,87.00,0.00,-2000.00,0.0000,0.00000000
"test5",61,31,324.00,804.55,117,0.1575,123.00,87.00,0.00,-2709.38,138125.0000,0.00000000
"test5",61,32,324.00,791.00,122,0.1732,129.00,89.00,0.00,-3400.00,78154.2969,0.00000000
"test5",61,33,324.00,774.00,127,0.1890,137.00,91.00,0.00,-3790.77,250266.0000,0.01739742
"test5",61,34,324.00,770.21,128,0.1890,137.00,91.00,250.00,-3802.31,132861.8906,0.00376536
"test5",61,35,325.00,755.00,132,0.2047,144.00,93.00,0.00,-3333.33,457099.0938,0.00000000
"test5",61,36,325.00,735.00,138,0.2205,150.00,95.00,0.00,-6075.93,2594909.7500,0.00000000
"test5",61,37,325.00,728.92,139,0.2205,150.00,95.00,0.00,-3481.02,129745.4844,0.00000000
"test5",61,38,325.00,715.00,143,0.2283,156.00,96.00,0.00,-4000.00,45776.3672,0.00000000
"test5",61,39,325.00,695.00,148,0.2362,159.00,97.00,0.00,-3771.12,328338.6250,0.00000000
"test5",61,40,325.00,687.46,150,0.2362,159.00,97.00,0.00,-3114.44,171389.7656,0.00000000
"test5",61,41,325.00,675.00,154,0.2441,162.00,98.00,0.00,-3800.00,156370.4531,0.00000000
"test5",61,42,325.00,656.00,159,0.2441,162.00,99.00,0.00,-3018.15,651543.5000,0.00000000
"test5",61,43,325.00,646.95,162,0.2441,162.00,99.00,0.00,-4972.78,918306.8750,0.00673986
"test5",61,44,325.00,637.00,164,0.2441,161.00,99.00,333.33,-3166.67,265346.8438,0.00000000
"test5",61,45,327.00,618.00,170,0.2362,159.00,99.00,500.00,-4750.00,1044994.6875,0.01376677
"test5",61,46,328.00,608.50,172,0.2362,159.00,99.00,-333.33,-2833.33,194047.2344,0.00813502
"test5",61,47,327.00,600.00,175,0.2362,156.00,99.00,-200.00,-3400.00,113529.2656,0.00000000
"test5",61,48,326.00,583.00,180,0.2283,153.00,99.00,-166.67,-2833.33,111111.1172,0.01376930
"test5",61,49,325.50,574.50,183,0.2283,153.00,99.00,166.67,-2833.33,204275.3125,0.00826158
"test5",61,50,326.00,566.00,186,0.2283,150.00,99.00,400.00,-3400.00,114114.9688,0.00000000
"test5",61,51,328.00,549.00,191,0.2205,146.00,99.00,333.33,-2833.33,310565.0313,0.03588981
"test5",61,52,329.00,540.50,194,0.2205,146.00,99.00,-500.00,-3250.00,224381.9063,0.00468770
"test5",61,53,328.00,534.00,196,0.2205,144.00,99.00,-333.33,-2833.33,170991.0938,0.00910074
"test5",61,54,326.00,517.00,202,0.2126,141.00,99.00,0.00,-3803.62,4524.2310,0.00000000
"test5",61,55,326.00,501.79,206,0.2126,141.00,99.00,0.00,-3785.52,555542.5625,0.02791312
"test5",61,56,326.00,498.00,207,0.2047,139.00,99.00,400.00,-3400.00,122370.8281,0.00264526
"test5",61,57,328.00,481.00,212,0.2047,138.00,99.00,176.89,-2830.27,196711.2031,0.00000000
"test5",61,58,328.88,466.85,217,0.2047,138.00,99.00,115.54,-1848.63,1261517.8750,0.17090975
"test5",61,59,329.00,465.00,218,0.2126,137.00,100.00,-400.00,-3000.00,41025.9766,0.00418789
"test5",61,60,327.00,450.00,223,0.2126,136.00,100.00,-580.51,-2902.56,0.0000,0.00000000
"test5",61,61,324.10,435.49,228,0.2126,136.00,100.00,-580.51,-2902.56,0.0000,0.00000000
"test5",61,62,324.00,435.00,228,0.2047,134.00,99.00,166.67,-2333.33,114530.7031,0.01866166
"test5",61,63,325.00,421.00,234,0.1969,132.00,99.00,800.00,-2600.00,0.0000,0.00000000
"test5",61,64,329.00,408.00,239,0.1969,130.00,99.00,800.00,-2600.00,0.0000,0.00000000
"test5",61,65,329.32,406.96,239,0.1969,130.00,99.00,335.72,-1591.09,77258.3672,0.02186118
"test5",61,66,331.00,399.00,244,0.1969,129.00,99.00,0.00,-1400.00,57709.9609,0.00000000
"test5",61,67,331.00,392.00,249,0.1890,127.00,99.00,0.00,-1111.45,66259.7656,0.00000000
"test5",61,68,331.00,390.89,250,0.1890,127.00,99.00,0.00,-1177.71,80124.1172,0.05767842
"test5",61,69,331.00,385.00,255,0.1969,126.00,100.00,-400.00,-1200.00,49786.9570,0.00000121
"test5",61,70,329.00,379.00,260,0.1890,125.00,100.00,-478.73,-1436.16,1087505.6250,0.11039134
"test5",61,71,328.52,377.56,261,0.1890,125.00,100.00,95.75,-512.77,60553.8359,0.10793190
"test5",61,72,329.00,375.00,266,0.1811,123.00,99.00,0.00,-800.00,25051.2695,0.00000000
"test5",61,73,329.00,371.00,271,0.1811,120.00,98.00,0.00,-674.74,339102.8125,0.73215181
"test5",61,74,329.00,369.65,273,0.1811,120.00,98.00,-666.67,-550.17,194478.6406,0.01202603
"test5",61,75,327.00,368.00,276,0.1732,117.00,96.00,-200.00,-200.00,16967.8594,0.00001799
"test5",61,76,326.00,367.00,281,0.1575,115.00,93.00,-140.00,-140.01,66001.1406,0.00000006
"test5",61,77,325.58,366.58,284,0.1575,115.00,93.00,0.00,0.00,0.0000,0.00000000
"test5",61,78,325.58,366.58,287,0.1496,113.00,88.00,0.00,0.00,0.0000,0.00000000
"test5",61,79,325.58,366.58,292,0.1417,111.00,84.00,0.00,0.00,0.0000,0.00000000
"test5",61,80,325.58,366.58,295,0.1575,115.00,93.00,0.00,0.00,0.0000,0.00000000
"test5",61,81,325.58,366.58,298,0.1339,109.00,80.00,0.00,0.00,0.0000,0.00000000
"test5",61,82,325.58,366.58,303,0.1181,108.00,75.00,0.00,0.00,0.0000,0.00000000
"test5",61,83,325.58,366.58,305,0.1575,115.00,93.00,0.00,0.00,0.0000,0.00000000
"test5",61,84,325.58,366.58,308,0.1181,106.00,72.00,0.00,0.00,0.0000,0.00000000
"test5",61,85,325.58,366.58,313,0.1102,105.00,69.00,0.00,0.00,164537.3281,0.00000000
"test5",61,86,325.58,366.58,316,0.1575,115.00,93.00,473.34,140.01,164537.3281,0.00000002
"test5",61,87,327.00,367.00,319,0.1024,105.00,66.00,0.00,0.00,0.0000,0.00000000
"test5",61,88,327.00,367.00,323,0.1024,105.00,66.00,0.00,0.00,0.0000,0.00000000
"test5",60,0,440.00,823.00,0,0.1260,100.00,82.00,0.00,0.00,0.0000,0.00000000
"test5",60,1,440.00,823.00,10,0.1260,100.00,82.00,0.00,0.00,0.0000,0.00000000
"test5",60,2,440.00,823.00,15,0.1260,100.00,82.00,0.00,0.00,0.0000,0.00000000
"test5",60,3,440.00,823.00,15,0.1260,100.00,82.00,0.00,0.00,0.0000,0.00000000
"test5",60,4,440.00,823.00,21,0.1260,100.00,82.00,0.00,0.00,0.0000,0.00000000
"test5",60,5,440.00,823.00,26,0.1260,99.00,82.00,0.00,0.00,0.0000,0.00000000
"test5",60,6,440.00,823.00,26,0.1260,100.00,82.00,0.00,0.00,0.0000,0.00000000
"test5",60,7,440.00,823.00,31,0.1260,99.00,82.00,0.00,0.00,0.0000,0.00000000
"test5",60,8,440.00,823.00,36,0.1260,99.00,82.00,0.00,0.00,0.0000,0.00000000
"test5",60,9,440.00,823.00,37,0.1260,100.00,82.00,0.00,0.00,0.0000,0.00000000
"test5",60,10,440.00,823.00,42,0.1181,99.00,81.00,0.00,0.00,0.0000,0.00000000
"test5",60,11,440.00,823.00,47,0.1181,99.00,81.00,0.00,0.00,0.0000,0.00000000
"test5",60,12,440.00,823.00,48,0.1260,100.00,82.00,0.00,0.00,0.0000,0.00000000
"test5",60,13,440.00,823.00,52,0.1181,99.00,81.00,0.00,0.00,0.0000,0.00000000
"test5",60,14,440.00,823.00,58,0.1181,99.00,81.00,0.00,0.00,0.0000,0.00000000
"test5",60,15,440.00,823.00,59,0.1260,100.00,82.00,0.00,0.00,0.0000,0.00000000
"test5",60,16,440.00,823.00,63,0.1181,98.00,81.00,0.00,0.00,0.0000,0.00000000
"test5",60,17,440.00,823.00,68,0.1181,97.00,81.00,0.00,0.00,0.0000,0.00000000
"test5",60,18,440.00,823.00,70,0.1260,100.00,82.00,0.00,0.00,0.0000,0.00000000
"test5",60,19,440.00,823.00,74,0.1181,96.00,80.00,0.00,0.00,0.0000,0.00000000
"test5",60,20,440.00,823.00,79,0.1181,96.00,80.00,0.00,0.00,0.0000,0.00000000
"test5",60,21,440.00,823.00,81,0.1260,100.00,82.00,0.00,0.00,0.0000,0.00000000
"test5",60,22,440.00,823.00,84,0.1102,96.00,78.00,0.00,0.00,0.0000,0.00000000
"test5",60,23,440.00,823.00,90,0.1102,97.00,75.00,0.00,0.00,500000.0000,0.00000000
"test5",60,24,440.00,823.00,92,0.1260,100.00,82.00,0.00,-1000.00,133333.3281,0.00000000
"test5",60,25,440.00,820.00,95,0.1102,100.00,72.00,0.00,-1400.00,46666.6758,0.00000000
"test5",60,26,440.00,813.00,100,0.1102,104.00,72.00,0.00,-1166.67,333333.3750,0.00000000
"test5",60,27,440.00,809.50,103,0.1102,104.00,72.00,0.00,-2166.67,11111.0840,0.00000000
"test5",60,28,440.00,803.00,106,0.1181,108.00,73.00,0.00,-2200.00,54331.0547,0.00000000
"test5",60,29,440.00,792.00,111,0.1260,113.00,75.00,0.00,-1928.34,339569.0938,0.00000000
"test5",60,30,440.00,784.29,115,0.1260,113.00,75.00,0.00,-3286.62,953287.8125,0.00000000
"test5",60,31,440.00,781.00,116,0.1417,120.00,76.00,0.00,-2333.33,194444.4531,0.00000000
"test5",60,32,440.00,767.00,122,0.1496,127.00,77.00,0.00,-3500.00,83333.3750,0.00000000
"test5",60,33,440.00,760.00,124,0.1496,127.00,77.00,0.00,-3333.33,232006.8281,0.00600000
"test5",60,34,440.00,750.00,127,0.1654,136.00,78.00,200.00,-4000.00,105779.3359,0.00218578
"test5",60,35,441.00,730.00,132,0.1732,144.00,81.00,0.00,-3510.38,212451.1719,0.00000000
"test5",60,36,441.00,712.45,137,0.1732,144.00,81.00,0.00,-2448.12,1564714.3750,0.03337064
"test5",60,37,441.00,710.00,138,0.1890,151.00,83.00,200.00,-4000.00,45395.3711,0.00242383
"test5",60,38,442.00,690.00,143,0.2047,157.00,84.00,0.00,-3892.68,0.0000,0.00000000
"test5",60,39,442.00,670.54,148,0.2047,157.00,84.00,0.00,-3892.68,0.0000,0.00000000
"test5",60,40,442.00,670.00,148,0.2126,161.00,86.00,0.00,-3600.00,120000.0000,0.00000000
"test5",60,41,442.00,652.00,153,0.2126,162.00,87.00,0.00,-3000.00,0.0000,0.00000000
"test5",60,42,442.00,634.00,159,0.2126,162.00,87.00,0.00,-3000.00,0.0000,0.00000000
"test5",60,43,442.00,632.45,159,0.2126,162.00,87.00,200.00,-3489.04,73945.2031,0.00356114
"test5",60,44,443.00,615.00,164,0.2205,162.00,88.00,0.00,-3800.00,144765.6250,0.00000000
"test5",60,45,443.00,596.00,169,0.2205,160.00,88.00,0.00,-3076.17,308593.7500,0.00000000
"test5",60,46,443.00,592.92,170,0.2205,160.00,88.00,0.00,-3384.77,83046.8750,0.00000000
"test5",60,47,443.00,576.00,175,0.2126,157.00,88.00,0.00,-3800.00,167880.8594,0.00000000
"test5",60,48,443.00,557.00,180,0.2126,153.00,90.00,0.00,-4639.40,1569296.7500,0.01161490
"test5",60,49,443.00,552.36,181,0.2126,153.00,90.00,250.00,-3090.15,66439.2734,0.00629235
"test5",60,50,444.00,540.00,185,0.2047,150.00,90.00,0.00,-3000.00,471110.0313,0.00000000
"test5",60,51,444.00,522.00,191,0.2047,146.00,90.00,0.00,-5826.66,3283325.2500,0.00000000
"test5",60,52,444.00,516.17,192,0.2047,146.00,90.00,0.00,-2543.33,151769.3438,0.01545941
"test5",60,53,444.00,506.00,196,0.1969,142.00,90.00,400.00,-3000.00,51390.7461,0.00000000
"test5",60,54,446.00,491.00,201,0.1890,138.00,90.00,433.96,-3254.70,324911.3438,0.00306463
"test5",60,55,446.87,484.49,203,0.1890,138.00,90.00,283.02,-2622.65,228798.6563,0.02025016
"test5",60,56,448.00,474.00,207,0.1890,136.00,90.00,-200.00,-3400.00,113529.2656,0.00000000
"test5",60,57,447.00,457.00,212,0.1890,135.00,90.00,-166.67,-2833.33,667823.1250,0.01943901
"test5",60,58,446.50,448.50,215,0.1890,135.00,90.00,-750.00,-4750.00,917196.8125,0.00584508
"test5",60,59,445.00,439.00,217,0.1811,133.00,90.00,-200.00,-3000.00,100221.9766,0.00000000
"test5",60,60,444.00,424.00,222,0.1811,132.00,90.00,-166.67,-2500.00,333333.3438,0.05297974
"test5",60,61,443.50,416.50,225,0.1811,132.00,90.00,833.33,-2500.00,295229.5625,0.04250101
"test5",60,62,446.00,409.00,228,0.1811,131.00,90.00,0.00,-2800.00,93333.3516,0.00000000
"test5",60,63,446.00,395.00,233,0.1811,131.00,90.00,0.00,-2333.33,222222.2188,0.00000000
"test5",60,64,446.00,388.00,236,0.1811,131.00,90.00,0.00,-1666.67,177777.7813,0.00000000
"test5",60,65,446.00,383.00,239,0.1732,131.00,89.00,0.00,-2200.00,130338.1328,0.00000000
"test5",60,66,446.00,372.00,244,0.1732,130.00,87.00,0.00,-1548.31,64613.3438,0.00000000
"test5",60,67,446.00,365.81,248,0.1732,130.00,87.00,0.00,-1806.76,606762.6875,0.00000000
"test5",60,68,446.00,364.00,249,0.1654,129.00,86.00,0.00,-1200.00,67207.0313,0.00000000
"test5",60,69,446.00,358.00,254,0.1654,126.00,85.00,0.00,-863.96,36757.8125,0.00000000
"test5",60,70,446.00,353.68,259,0.1654,126.00,85.00,0.00,-680.18,417561.7813,0.86460483
"test5",60,71,446.00,353.00,260,0.1575,123.00,84.00,400.00,-800.00,90053.4766,0.06632867
"test5",60,72,448.00,349.00,265,0.1575,120.00,84.00,0.00,-593.26,0.0000,0.00000000
"test5",60,73,448.00,346.03,270,0.1575,120.00,84.00,0.00,-593.26,0.0000,0.00000000
"test5",60,74,448.00,346.00,270,0.1496,117.00,84.00,0.00,-333.33,11111.1094,0.00000000
"test5",60,75,448.00,344.00,276,0.1496,115.00,84.00,0.00,-400.00,0.0000,0.00000000
"test5",60,76,448.00,342.00,281,0.1496,114.00,84.00,0.00,-400.00,0.0000,0.00000000
"test5",60,77,448.00,341.83,281,0.1496,114.00,84.00,0.00,-166.82,33364.2578,0.00000000
"test5",60,78,448.00,341.00,286,0.1417,113.00,84.00,0.00,0.00,0.0000,0.00000000
"test5",60,79,448.00,341.00,291,0.1417,112.00,84.00,0.00,0.00,0.0000,0.00000000
"test5",60,80,448.00,341.00,292,0.1417,112.00,84.00,0.00,0.00,0.0000,0.00000000
"test5",60,81,448.00,341.00,297,0.1417,111.00,84.00,0.00,0.00,0.0000,0.00000000
"test5",60,82,448.00,341.00,302,0.1417,110.00,84.00,0.00,0.00,0.0000,0.00000000
"test5",60,83,448.00,341.00,303,0.1417,112.00,84.00,0.00,0.00,0.0000,0.00000000
"test5",60,84,448.00,341.00,307,0.1417,109.00,84.00,0.00,0.00,0.0000,0.00000000
"test5",60,85,448.00,341.00,312,0.1339,108.00,83.00,0.00,0.00,176776.6875,0.00000000
"test5",60,86,448.00,341.00,314,0.1417,112.00,84.00,250.00,-250.00,88388.3438,0.00000000
"test5",60,87,449.00,340.00,318,0.1339,107.00,82.00,0.00,0.00,0.0000,0.00000000
"test5",60,88,449.00,340.00,323,0.1260,106.00,81.00,0.00,0.00,0.0000,0.00000000
"test5",60,89,449.00,340.00,325,0.1260,106.00,81.00,0.00,0.00,0.0000,0.00000000
"test5",60,90,449.00,340.00,327,0.1260,106.00,81.00,0.00,0.00,0.0000,0.00000000
"test5",59,0,279.00,686.00,0,0.1339,104.00,84.00,0.00,0.00,0.0000,0.00000000
"test5",59,1,279.00,686.00,10,0.1339,104.00,84.00,0.00,0.00,0.0000,0.00000000
"test5",59,2,279.00,686.00,15,0.1339,105.00,82.00,0.00,0.00,0.0000,0.00000000
"test5",59,3,279.00,686.00,18,0.1339,105.00,82.00,0.00,0.00,0.0000,0.00000000
"test5",59,4,279.00,686.00,21,0.1260,105.00,79.00,0.00,0.00,0.0000,0.00000000
"test5",59,5,279.00,686.00,26,0.1181,105.00,75.00,0.00,0.00,0.0000,0.00000000
"test5",59,6,279.00,686.00,31,0.1339,105.00,82.00,0.00,0.00,0.0000,0.00000000
"test5",59,7,279.00,686.00,31,0.1102,105.00,72.00,0.00,0.00,0.0000,0.00000000
"test5",59,8,279.00,686.00,36,0.1102,105.00,69.00,0.00,0.00,0.0000,0.00000000
"test5",59,9,279.00,686.00,42,0.1339,105.00,82.00,0.00,0.00,0.0000,0.00000000
"test5",59,10,279.00,686.00,42,0.1024,105.00,67.00,0.00,0.00,0.0000,0.00000000
"test5",59,11,279.00,686.00,47,0.1024,105.00,65.00,0.00,0.00,0.0000,0.00000000
"test5",59,12,279.00,686.00,52,0.0945,105.00,62.00,0.00,0.00,0.0000,0.00000000
"test5",59,13,279.00,686.00,53,0.1339,105.00,82.00,0.00,0.00,0.0000,0.00000000
"test5",59,14,279.00,686.00,58,0.0945,105.00,60.00,0.00,0.00,0.0000,0.00000000
"test5",59,15,279.00,686.00,63,0.0945,105.00,59.00,0.00,0.00,0.0000,0.00000000
"test5",59,16,279.00,686.00,64,0.1339,105.00,82.00,0.00,0.00,0.0000,0.00000000
"test5",59,17,279.00,686.00,68,0.0866,105.00,57.00,0.00,0.00,0.0000,0.00000000
"test5",59,18,279.00,686.00,74,0.1417,103.00,92.00,0.00,0.00,0.0000,0.00000000
"test5",59,19,279.00,686.00,75,0.1339,105.00,82.00,0.00,0.00,0.0000,0.00000000
"test5",59,20,279.00,686.00,79,0.1496,104.00,93.00,0.00,0.00,0.0000,0.00000000
"test5",59,21,279.00,686.00,84,0.1496,104.00,93.00,0.00,0.00,0.0000,0.00000000
"test5",59,22,279.00,686.00,86,0.1339,105.00,82.00,0.00,0.00,158113.8750,0.00000000
"test5",59,23,279.00,686.00,90,0.1496,105.00,93.00,-200.00,-600.00,5268.2109,0.00000241
"test5",59,24,278.00,683.00,95,0.1575,108.00,95.00,-191.67,-575.01,761033.1250,1.43460572
"test5",59,25,277.62,681.85,97,0.1575,108.00,95.00,461.11,-1949.99,103601.8828,0.00491052
"test5",59,26,279.00,676.00,100,0.1654,111.00,96.00,333.33,-1666.67,102498.6094,0.00000034
"test5",59,27,281.00,666.00,106,0.1654,114.00,97.00,453.95,-2269.71,237849.7969,0.04270647
"test5",59,28,281.91,661.46,108,0.1654,114.00,97.00,30.70,-2486.86,155873.5313,0.02009098
"test5",59,29,282.00,654.00,111,0.1732,117.00,97.00,400.00,-2200.00,74535.5938,0.00000000
"test5",59,30,284.00,643.00,116,0.1811,121.00,98.00,333.33,-1833.33,400616.7813,0.08014068
"test5",59,31,285.00,637.50,119,0.1811,121.00,98.00,-333.33,-2833.33,259391.5156,0.02440507
"test5",59,32,284.00,629.00,122,0.1890,126.00,97.00,200.00,-3400.00,189845.6250,0.00720643
"test5",59,33,285.00,612.00,127,0.1969,133.00,97.00,667.30,-4226.24,359597.4063,0.00000013
"test5",59,34,287.00,599.32,130,0.1969,133.00,97.00,499.05,-3160.64,80323.6563,0.00126916
"test5",59,35,288.00,593.00,132,0.2047,139.00,97.00,500.00,-3000.00,46350.2148,0.00283333
"test5",59,36,291.00,575.00,138,0.2126,144.00,96.00,382.60,-3252.11,186143.0781,0.00000022
"test5",59,37,292.53,561.99,142,0.2126,144.00,96.00,469.60,-3991.58,994017.1250,0.00289299
"test5",59,38,293.00,558.00,143,0.2126,148.00,94.00,400.00,-3000.00,127053.8828,0.00322491
"test5",59,39,295.00,543.00,148,0.2126,151.00,92.00,171.94,-2407.08,0.0000,0.00000000
"test5",59,40,295.86,530.96,153,0.2126,151.00,92.00,171.94,-2407.08,0.0000,0.00000000
"test5",59,41,296.00,529.00,153,0.2126,153.00,90.00,333.33,-1833.33,18826.1113,0.00330657
"test5",59,42,298.00,518.00,159,0.1969,151.00,87.00,385.10,-1732.93,0.0000,0.00000000
"test5",59,43,299.93,509.34,164,0.1969,151.00,87.00,385.10,-1732.93,0.0000,0.00000000
"test5",59,44,300.00,509.00,164,0.1890,148.00,85.00,600.00,-1200.00,178885.4375,0.00000000
"test5",59,45,303.00,503.00,169,0.1811,144.00,83.00,200.00,-400.00,58437.4766,0.00002729
"test5",59,46,304.00,501.00,174,0.1732,138.00,82.00,69.31,-138.67,441497.6875,11.16099548
"test5",59,47,304.07,500.86,175,0.1732,138.00,82.00,-13.86,-572.27,74504.7188,0.00295585
"test5",59,48,304.00,498.00,180,0.1654,132.00,81.00,0.00,-200.00,7211.9141,0.00000000
"test5",59,49,304.00,497.00,185,0.1417,97.00,96.00,0.00,-163.94,163940.4375,0.00000000
"test5",59,50,304.00,496.84,186,0.1417,97.00,96.00,0.00,0.00,0.0000,0.00000000
"test5",59,51,304.00,496.84,191,0.1417,98.00,96.00,0.00,0.00,0.0000,0.00000000
"test5",59,52,304.00,496.84,196,0.1417,98.00,96.00,0.00,0.00,0.0000,0.00000000
"test5",59,53,304.00,496.84,197,0.1417,97.00,96.00,0.00,0.00,65172.7617,0.00000000
"test5",59,54,304.00,496.84,201,0.1417,98.00,96.00,-200.00,-167.21,5811.3232,0.06334074
"test5",59,55,303.00,496.00,206,0.1417,99.00,96.00,-171.22,-171.20,176850.5000,3.01543403
"test5",59,56,302.66,495.66,208,0.1417,99.00,96.00,85.61,-414.40,105787.1797,0.00000000
"test5",59,57,303.00,494.00,212,0.1417,99.00,96.00,0.00,0.00,0.0000,0.00000000
"test5",59,58,303.00,494.00,217,0.1417,97.00,96.00,0.00,0.00,0.0000,0.00000000
"test5",59,59,303.00,494.00,219,0.1417,97.00,96.00,0.00,0.00,0.0000,0.00000000
"test5",59,60,303.00,494.00,222,0.1417,98.00,96.00,0.00,0.00,0.0000,0.00000000
"test5",59,61,303.00,494.00,228,0.1417,103.00,93.00,0.00,0.00,0.0000,0.00000000
"test5",59,62,303.00,494.00,230,0.1417,97.00,96.00,0.00,0.00,0.0000,0.00000000
"test5",59,63,303.00,494.00,233,0.1339,98.00,89.00,0.00,0.00,0.0000,0.00000000
"test5",59,64,303.00,494.00,238,0.1260,97.00,88.00,0.00,0.00,0.0000,0.00000000
"test5",59,65,303.00,494.00,243,0.1260,97.00,88.00,0.00,0.00,0.0000,0.00000000
"test5",58,0,353.00,941.00,0,0.1496,103.00,99.00,0.00,0.00,0.0000,0.00000000
"test5",58,1,353.00,941.00,10,0.1575,103.00,100.00,0.00,0.00,0.0000,0.00000000
"test5",58,2,353.00,941.00,15,0.1575,103.00,100.00,0.00,0.00,0.0000,0.00000000
"test5",58,3,353.00,941.00,18,0.1575,103.00,100.00,0.00,0.00,0.0000,0.00000000
"test5",58,4,353.00,941.00,21,0.1575,103.00,100.00,0.00,0.00,0.0000,0.00000000
"test5",58,5,353.00,941.00,26,0.1575,103.00,100.00,0.00,0.00,0.0000,0.00000000
"test5",58,6,353.00,941.00,29,0.1575,103.00,100.00,0.00,0.00,0.0000,0.00000000
"test5",58,7,353.00,941.00,32,0.1575,103.00,101.00,0.00,0.00,0.0000,0.00000000
"test5",58,8,353.00,941.00,37,0.1575,103.00,101.00,0.00,0.00,0.0000,0.00000000
"test5",58,9,353.00,941.00,39,0.1575,103.00,100.00,0.00,0.00,0.0000,0.00000000
"test5",58,10,353.00,941.00,42,0.1575,103.00,101.00,0.00,0.00,0.0000,0.00000000
"test5",58,11,353.00,941.00,47,0.1575,103.00,101.00,0.00,0.00,0.0000,0.00000000
"test5",58,12,353.00,941.00,52,0.1575,103.00,100.00,0.00,0.00,0.0000,0.00000000
"test5",58,13,353.00,941.00,53,0.1575,103.00,101.00,0.00,0.00,0.0000,0.00000000
"test5",58,14,353.00,941.00,58,0.1575,103.00,101.00,0.00,0.00,0.0000,0.00000000
"test5",58,15,353.00,941.00,63,0.1575,103.00,100.00,0.00,0.00,0.0000,0.00000000
"test5",58,16,353.00,941.00,63,0.1575,103.00,101.00,0.00,0.00,0.0000,0.00000000
"test5",58,17,353.00,941.00,69,0.1575,103.00,101.00,0.00,0.00,0.0000,0.00000000
"test5",58,18,353.00,941.00,74,0.1575,103.00,101.00,0.00,0.00,0.0000,0.00000000
"test5",58,19,353.00,941.00,74,0.1575,103.00,100.00,0.00,0.00,0.0000,0.00000000
"test5",58,20,353.00,941.00,79,0.1575,103.00,101.00,0.00,0.00,0.0000,0.00000000
"test5",58,21,353.00,941.00,85,0.1575,103.00,101.00,0.00,0.00,0.0000,0.00000000
"test5",58,22,353.00,941.00,85,0.1575,103.00,100.00,0.00,0.00,0.0000,0.00000000
"test5",58,23,353.00,941.00,90,0.1575,103.00,100.00,0.00,0.00,0.0000,0.00000000
"test5",58,24,353.00,941.00,95,0.1575,103.00,100.00,0.00,0.00,0.0000,0.00000000
"test5",58,25,353.00,941.00,97,0.1575,103.00,100.00,0.00,0.00,100000.0000,0.00000000
"test5",58,26,353.00,941.00,101,0.1496,103.00,99.00,0.00,-400.00,19282.2266,0.00000000
"test5",58,27,353.00,939.00,106,0.1496,104.00,97.00,0.00,-303.59,1119136.7500,9.04163647
"test5",58,28,353.00,938.39,108,0.1496,104.00,97.00,1666.67,-1797.61,268346.0313,0.00345683
"test5",58,29,358.00,933.00,111,0.1496,105.00,95.00,1166.67,-1166.67,27437.3457,0.00000066
"test5",58,30,365.00,926.00,117,0.1575,110.00,93.00,1283.07,-1283.08,877169.3750,0.07159071
"test5",58,31,367.57,923.43,119,0.1575,110.00,93.00,2811.29,-2144.61,209387.3906,0.00681943
"test5",58,32,376.00,917.00,122,0.1654,117.00,92.00,2200.00,-2000.00,126553.6563,0.00000040
"test5",58,33,387.00,907.00,127,0.1732,126.00,91.00,1731.80,-1574.34,540455.0625,0.03956680
"test5",58,34,392.20,902.28,130,0.1732,126.00,91.00,3268.20,-2092.33,202161.9375,0.00550413
"test5",58,35,402.00,896.00,133,0.1890,135.00,91.00,3600.00,-2600.00,148024.0156,0.00000000
"test5",58,36,420.00,883.00,138,0.2047,146.00,90.00,3000.00,-2166.67,1084756.8750,0.00548126
"test5",58,37,429.00,876.50,141,0.2047,146.00,90.00,5500.00,-4250.00,1090521.0000,0.00347422
"test5",58,38,440.00,868.00,143,0.2126,156.00,89.00,4000.00,-2666.67,400616.8125,0.00000000
"test5",58,39,464.00,852.00,149,0.2205,167.00,87.00,6000.00,-4000.00,1433720.8750,0.00088894
"test5",58,40,476.00,844.00,151,0.2205,167.00,87.00,3666.67,-2333.33,475576.3125,0.00216555
"test5",58,41,487.00,837.00,154,0.2362,176.00,86.00,4800.00,-3200.00,192296.0625,0.00000000
"test5",58,42,511.00,821.00,159,0.2441,183.00,86.00,4000.00,-2666.67,157134.8594,0.00133342
"test5",58,43,523.00,813.00,162,0.2441,183.00,86.00,3666.67,-2333.33,309519.7500,0.00974497
"test5",58,44,534.00,806.00,165,0.2441,187.00,87.00,4000.00,-3200.00,73909.1563,0.00072653
"test5",58,45,554.00,790.00,170,0.2520,189.00,87.00,3661.65,-3051.39,100327.7266,0.00000063
"test5",58,46,568.65,777.79,174,0.2520,189.00,87.00,3353.39,-2794.43,747184.6250,0.01120147
"test5",58,47,572.00,775.00,175,0.2520,188.00,87.00,2666.67,-2500.00,238170.4063,0.00790382
"test5",58,48,588.00,760.00,181,0.2520,186.00,88.00,4034.47,-2913.79,669919.1875,0.00000015
"test5",58,49,604.14,748.34,185,0.2520,186.00,88.00,1862.12,-1344.85,2259335.2500,0.08365945
"test5",58,50,606.00,747.00,186,0.2520,183.00,90.00,3400.00,-3000.00,91524.9375,0.00400308
"test5",58,51,623.00,732.00,191,0.2441,177.00,90.00,2977.62,-3176.12,0.0000,0.00000000
"test5",58,52,637.89,716.12,196,0.2441,177.00,90.00,2977.62,-3176.12,0.0000,0.00000000
"test5",58,53,638.00,716.00,196,0.2362,172.00,91.00,2500.00,-2333.33,84070.8125,0.00416754
"test5",58,54,653.00,702.00,202,0.2283,166.00,91.00,3000.00,-2400.00,523367.7813,0.00000026
"test5",58,55,668.00,690.00,207,0.2283,161.00,92.00,956.60,-765.26,2419450.5000,0.18727945
"test5",58,56,668.96,689.23,208,0.2283,161.00,92.00,3008.68,-2046.95,70631.6875,0.00448240
"test5",58,57,684.00,679.00,213,0.2205,156.00,92.00,3000.00,-2400.00,269347.1250,0.00000026
"test5",58,58,699.00,667.00,218,0.2126,152.00,92.00,1948.36,-1558.72,1681496.7500,0.05643600
"test5",58,59,700.95,665.44,219,0.2126,152.00,92.00,3012.91,-2860.32,380155.9063,0.00751286
"test5",58,60,713.00,654.00,223,0.2047,149.00,91.00,2333.33,-1500.00,139887.9688,0.00000040
"test5",58,61,727.00,645.00,229,0.1969,146.00,88.00,3039.37,-1953.86,963476.5625,0.06903253
"test5",58,62,730.04,643.05,230,0.1969,146.00,88.00,3240.16,-1011.54,114176.5391,0.00959879
"test5",58,63,743.00,639.00,234,0.1890,144.00,84.00,3000.00,-1400.00,84268.6172,0.00000037
"test5",58,64,758.00,632.00,239,0.1732,140.00,81.00,2618.19,-1221.80,394478.1563,0.00241063
"test5",58,65,763.24,629.56,241,0.1732,140.00,81.00,1921.20,-852.13,148801.6563,0.02308765
"test5",58,66,769.00,627.00,244,0.1654,137.00,78.00,1500.00,-1000.00,87145.8906,0.00000000
"test5",58,67,778.00,621.00,250,0.1575,133.00,78.00,1935.06,-1290.04,658509.3125,0.02563948
"test5",58,68,781.87,618.42,252,0.1575,133.00,78.00,709.96,-806.64,140415.2656,0.05372758
"test5",58,69,784.00,616.00,255,0.1496,129.00,78.00,600.00,-400.00,24037.0078,0.00000000
"test5",58,70,787.00,614.00,260,0.1575,127.00,80.00,500.00,-333.33,157134.8438,0.42669243
"test5",58,71,788.50,613.00,263,0.1575,127.00,80.00,166.67,-666.67,80890.1172,0.17120162
"test5",58,72,789.00,611.00,266,0.1575,125.00,82.00,400.00,-600.00,24037.0078,0.00000000
"test5",58,73,791.00,608.00,271,0.1575,123.00,85.00,333.33,-500.00,373711.8125,0.25601557
"test5",58,74,792.00,606.50,274,0.1575,123.00,85.00,-500.00,250.00,195256.2344,0.14310835
"test5",58,75,791.00,607.00,276,0.1654,121.00,88.00,-200.00,0.00,6666.6655,0.00000000
"test5",58,76,790.00,607.00,281,0.1654,120.00,90.00,-166.67,0.00,333333.3125,0.00000000
"test5",58,77,789.50,607.00,284,0.1654,120.00,90.00,-1166.67,0.00,55555.5430,0.00000000
"test5",58,78,786.00,607.00,287,0.1654,118.00,93.00,-1000.00,0.00,47326.6602,0.00000000
"test5",58,79,781.00,607.00,292,0.1654,117.00,94.00,-763.37,0.00,45791.6250,0.00000000
"test5",58,80,777.95,607.00,296,0.1654,117.00,94.00,-946.53,0.00,279866.5313,0.00000000
"test5",58,81,777.00,607.00,297,0.1575,115.00,93.00,-666.67,0.00,39496.5313,0.00000000
"test5",58,82,773.00,607.00,303,0.1575,114.00,89.00,-429.69,0.00,37109.3750,0.00000000
"test5",58,83,771.28,607.00,307,0.1575,114.00,89.00,-281.25,0.00,118750.0000,0.00000000
"test5",58,84,771.00,607.00,308,0.1339,112.00,81.00,-400.00,0.00,13333.3311,0.00000000
"test5",58,85,769.00,607.00,313,0.1181,111.00,72.00,-333.33,0.00,277777.8125,0.00000000
"test5",58,86,768.00,607.00,316,0.1181,111.00,72.00,500.00,0.00,0.0000,0.00000000
"test5",58,87,769.00,607.00,318,0.1181,111.00,72.00,500.00,0.00,0.0000,0.00000000
"test5",57,0,402.00,650.00,0,0.1496,103.00,98.00,0.00,0.00,0.0000,0.00000000
"test5",57,1,402.00,650.00,11,0.1496,103.00,98.00,0.00,0.00,0.0000,0.00000000
"test5",57,2,402.00,650.00,12,0.1496,103.00,98.00,0.00,0.00,0.0000,0.00000000
"test5",57,3,402.00,650.00,16,0.1496,103.00,96.00,0.00,0.00,0.0000,0.00000000
"test5",57,4,402.00,650.00,21,0.1496,103.00,96.00,0.00,0.00,0.0000,0.00000000
"test5",57,5,402.00,650.00,23,0.1496,103.00,98.00,0.00,0.00,0.0000,0.00000000
"test5",57,6,402.00,650.00,26,0.1496,103.00,98.00,0.00,0.00,0.0000,0.00000000
"test5",57,7,402.00,650.00,32,0.1496,103.00,98.00,0.00,0.00,0.0000,0.00000000
"test5",57,8,402.00,650.00,34,0.1496,103.00,98.00,0.00,0.00,0.0000,0.00000000
"test5",57,9,402.00,650.00,37,0.1496,103.00,98.00,0.00,0.00,0.0000,0.00000000
"test5",57,10,402.00,650.00,42,0.1496,103.00,98.00,0.00,0.00,0.0000,0.00000000
"test5",57,11,402.00,650.00,45,0.1496,103.00,98.00,0.00,0.00,0.0000,0.00000000
"test5",57,12,402.00,650.00,47,0.1496,103.00,98.00,0.00,0.00,0.0000,0.00000000
"test5",57,13,402.00,650.00,53,0.1496,103.00,98.00,0.00,0.00,0.0000,0.00000000
"test5",57,14,402.00,650.00,56,0.1496,103.00,98.00,0.00,0.00,0.0000,0.00000000
"test5",57,15,402.00,650.00,58,0.1575,104.00,98.00,0.00,0.00,0.0000,0.00000000
"test5",57,16,402.00,650.00,64,0.1575,104.00,98.00,0.00,0.00,0.0000,0.00000000
"test5",57,17,402.00,650.00,66,0.1496,103.00,98.00,0.00,0.00,0.0000,0.00000000
"test5",57,18,402.00,650.00,69,0.1496,103.00,97.00,0.00,0.00,0.0000,0.00000000
"test5",57,19,402.00,650.00,74,0.1496,103.00,97.00,0.00,0.00,0.0000,0.00000000
"test5",57,20,402.00,650.00,78,0.1496,103.00,98.00,0.00,0.00,0.0000,0.00000000
"test5",57,21,402.00,650.00,80,0.1496,103.00,97.00,0.00,0.00,0.0000,0.00000000
"test5",57,22,402.00,650.00,85,0.1496,104.00,96.00,0.00,0.00,0.0000,0.00000000
"test5",57,23,402.00,650.00,89,0.1496,103.00,98.00,0.00,0.00,0.0000,0.00000000
"test5",57,24,402.00,650.00,90,0.1496,104.00,96.00,0.00,0.00,0.0000,0.00000000
"test5",57,25,402.00,650.00,96,0.1496,104.00,93.00,0.00,0.00,559017.0000,0.00000000
"test5",57,26,402.00,650.00,100,0.1496,103.00,98.00,1000.00,-2000.00,824621.1250,0.10733126
"test5",57,27,403.00,648.00,101,0.1417,105.00,90.00,1200.00,-1200.00,74905.7422,0.00947176
"test5",57,28,409.00,642.00,106,0.1417,108.00,87.00,1350.20,-1543.09,334460.5000,0.00000056
"test5",57,29,415.75,634.28,111,0.1417,108.00,87.00,248.99,-284.55,2183575.7500,0.79015905
"test5",57,30,416.00,634.00,112,0.1417,112.00,84.00,1600.00,-2000.00,126491.1094,0.01047507
"test5",57,31,424.00,624.00,117,0.1575,120.00,84.00,2200.00,-2200.00,0.0000,0.00000000
"test5",57,32,435.00,613.00,122,0.1654,130.00,84.00,2200.00,-2200.00,0.0000,0.00000000
"test5",57,33,435.59,612.41,122,0.1654,130.00,84.00,2568.82,-2068.83,284573.3750,0.00264219
"test5",57,34,451.00,600.00,128,0.1811,141.00,84.00,4000.00,-3000.00,322949.2188,0.00000024
"test5",57,35,471.00,585.00,133,0.1969,153.00,85.00,2708.22,-2031.13,2706116.7500,0.03927262
"test5",57,36,473.71,582.97,134,0.1969,153.00,85.00,4572.94,-3992.22,104891.4922,0.00068160
"test5",57,37,492.00,567.00,138,0.2205,165.00,86.00,4200.00,-3800.00,477029.0000,0.00000005
"test5",57,38,513.00,548.00,143,0.2362,176.00,87.00,2431.34,-2199.77,1080868.6250,0.00000086
"test5",57,39,517.86,543.60,145,0.2362,176.00,87.00,4034.33,-3650.12,38441.4570,0.00113329
"test5",57,40,534.00,529.00,149,0.2520,184.00,89.00,4000.00,-3800.00,211814.8750,0.00000006
"test5",57,41,554.00,510.00,154,0.2598,189.00,90.00,3232.18,-3070.56,485324.8125,0.01246271
"test5",57,42,560.46,503.86,156,0.2598,189.00,90.00,4178.55,-3286.30,369546.1563,0.00317871
"test5",57,43,573.00,494.00,159,0.2677,192.00,90.00,3166.67,-2833.33,195682.8906,0.00000005
"test5",57,44,592.00,477.00,165,0.2756,193.00,92.00,4041.66,-3616.21,270217.2500,0.00000016
"test5",57,45,600.08,469.77,167,0.2756,193.00,92.00,3638.90,-3255.86,169343.0156,0.00142572
"test5",57,46,611.00,460.00,170,0.2756,192.00,93.00,3200.00,-3000.00,146211.4063,0.00000000
"test5",57,47,627.00,445.00,175,0.2677,189.00,93.00,2666.67,-2500.00,400616.8438,0.00682519
"test5",57,48,635.00,437.50,178,0.2677,189.00,93.00,2000.00,-1500.00,348010.2188,0.01920000
"test5",57,49,641.00,433.00,181,0.2598,186.00,91.00,3000.00,-1800.00,174928.5625,0.00000000
"test5",57,50,656.00,424.00,186,0.2441,180.00,88.00,3750.00,-2250.00,709557.8125,0.01195633
"test5",57,51,663.50,419.50,188,0.2441,180.00,88.00,2833.33,-1166.67,164053.5625,0.01351775
"test5",57,52,672.00,416.00,191,0.2283,174.00,84.00,2400.00,-1400.00,92616.2969,0.00000000
"test5",57,53,684.00,409.00,196,0.2047,168.00,81.00,2000.00,-1166.67,555555.5625,0.05221462
"test5",57,54,690.00,405.50,199,0.2047,168.00,81.00,333.33,-1166.67,235440.2344,0.13062212
"test5",57,55,691.00,402.00,202,0.1969,162.00,78.00,1000.00,-1400.00,206598.5938,0.00149922
"test5",57,56,696.00,395.00,207,0.1732,155.00,73.00,381.67,-572.51,65357.3047,0.00000586
"test5",57,57,697.53,392.71,211,0.1732,155.00,73.00,236.66,-354.98,84713.4375,0.30471513
"test5",57,58,698.00,392.00,213,0.1575,148.00,69.00,400.00,-400.00,37721.0313,0.09425385
"test5",57,59,700.00,390.00,218,0.1339,141.00,63.00,213.27,-426.54,37096.6328,0.00000000
"test5",57,60,700.85,388.29,222,0.1339,141.00,63.00,146.91,-293.82,328504.3750,0.00000000
"test5",57,61,701.00,388.00,223,0.1260,136.00,60.00,0.00,0.00,37099.6094,0.00000000
"test5",57,62,701.00,388.00,228,0.1102,132.00,57.00,0.00,-185.50,22597.6563,0.00000000
"test5",57,63,701.00,387.07,233,0.1102,132.00,57.00,0.00,-72.51,212738.5000,38.03969193
"test5",57,64,701.00,387.00,234,0.1102,127.00,56.00,-200.00,0.00,0.0000,0.00000000
"test5",57,65,700.00,387.00,239,0.1024,124.00,56.00,-200.00,0.00,38083.4961,0.00000000
"test5",57,66,699.00,387.00,244,0.1024,121.00,56.00,-9.58,0.00,388500.9688,0.00000000
"test5",57,67,698.99,387.00,245,0.1024,121.00,56.00,-398.08,0.00,383.3008,0.00000000
"test5",57,68,697.00,387.00,250,0.1024,119.00,57.00,-400.00,0.00,38520.5078,0.00000000
"test5",57,69,695.00,387.00,255,0.1024,117.00,59.00,-207.40,0.00,490753.1875,0.00000000
"test5",57,70,694.79,387.00,256,0.1024,117.00,59.00,-698.15,0.00,64730.9102,0.08548512
"test5",57,71,692.00,387.00,260,0.1024,114.00,61.00,-500.00,-166.67,19977.6191,0.00001158
"test5",57,72,689.00,386.00,266,0.1102,113.00,65.00,-613.71,-204.59,267197.2188,0.18886824
"test5",57,73,688.39,385.80,267,0.1102,113.00,65.00,-346.57,-198.85,99892.1563,0.00000000
"test5",57,74,687.00,385.00,271,0.1181,112.00,69.00,0.00,0.00,0.0000,0.00000000
"test5",57,75,687.00,385.00,275,0.1181,112.00,69.00,0.00,0.00,0.0000,0.00000000
"test5",56,0,574.00,980.00,0,0.1260,104.00,81.00,0.00,0.00,0.0000,0.00000000
"test5",56,1,574.00,980.00,10,0.1024,107.00,63.00,0.00,0.00,0.0000,0.00000000
"test5",56,2,574.00,980.00,11,0.1024,107.00,63.00,0.00,0.00,0.0000,0.00000000
"test5",56,3,574.00,980.00,15,0.1024,108.00,63.00,0.00,0.00,0.0000,0.00000000
"test5",56,4,574.00,980.00,17,0.1024,107.00,63.00,0.00,0.00,0.0000,0.00000000
"test5",56,5,574.00,980.00,26,0.1024,107.00,63.00,0.00,0.00,0.0000,0.00000000
"test5",56,6,574.00,980.00,31,0.1024,107.00,63.00,0.00,0.00,0.0000,0.00000000
"test5",56,7,574.00,980.00,36,0.1260,106.00,80.00,0.00,0.00,0.0000,0.00000000
"test5",56,8,574.00,980.00,42,0.0945,104.00,63.00,0.00,0.00,0.0000,0.00000000
"test5",56,9,574.00,980.00,44,0.1024,107.00,63.00,0.00,0.00,0.0000,0.00000000
"test5",56,10,574.00,980.00,57,0.0945,104.00,63.00,0.00,0.00,0.0000,0.00000000
"test5",56,11,574.00,980.00,63,0.0945,103.00,63.00,0.00,0.00,0.0000,0.00000000
"test5",56,12,574.00,980.00,65,0.1024,107.00,63.00,0.00,0.00,0.0000,0.00000000
"test5",56,13,574.00,980.00,68,0.0945,103.00,63.00,0.00,0.00,0.0000,0.00000000
"test5",56,14,574.00,980.00,74,0.0945,102.00,63.00,0.00,0.00,0.0000,0.00000000
"test5",56,15,574.00,980.00,76,0.1024,107.00,63.00,0.00,0.00,0.0000,0.00000000
"test5",56,16,574.00,980.00,79,0.0945,102.00,63.00,0.00,0.00,0.0000,0.00000000
"test5",56,17,574.00,980.00,84,0.0945,98.00,62.00,0.00,0.00,0.0000,0.00000000
"test5",56,18,574.00,980.00,88,0.1024,107.00,63.00,0.00,0.00,0.0000,0.00000000
"test5",56,19,574.00,980.00,89,0.1024,102.00,65.00,0.00,0.00,0.0000,0.00000000
"test5",56,20,574.00,980.00,95,0.1181,94.00,80.00,0.00,0.00,0.0000,0.00000000
"test5",56,21,574.00,980.00,99,0.1024,107.00,63.00,0.00,0.00,0.0000,0.00000000
"test5",56,22,574.00,980.00,100,0.1181,94.00,81.00,0.00,0.00,0.0000,0.00000000
"test5",56,23,574.00,980.00,105,0.1181,95.00,81.00,0.00,0.00,0.0000,0.00000000
"test5",56,24,574.00,980.00,111,0.1024,107.00,63.00,0.00,0.00,0.0000,0.00000000
"test5",56,25,573.00,977.00,111,0.1181,96.00,81.00,0.00,-1400.00,80000.0000,0.00000000
"test5",56,26,573.00,970.00,116,0.1181,99.00,78.00,0.00,-1800.00,258120.1250,0.00000000
"test5",56,27,573.00,961.00,121,0.1181,104.00,76.00,0.00,-509.40,1588720.7500,0.00000000
"test5",56,28,573.00,960.49,122,0.1181,104.00,76.00,0.00,-2098.12,60375.9766,0.00000000
"test5",56,29,573.00,950.00,127,0.1260,110.00,76.00,0.00,-2400.00,69550.7813,0.00000000
"test5",56,30,573.00,938.00,132,0.1339,116.00,77.00,0.00,-2052.25,684692.3750,0.00000000
"test5",56,31,573.00,935.95,133,0.1339,116.00,77.00,0.00,-2736.94,45218.8398,0.00556235
"test5",56,32,573.00,925.00,137,0.1417,122.00,78.00,-166.67,-2666.67,249094.7500,0.00000018
"test5",56,33,572.00,909.00,143,0.1496,129.00,79.00,-259.89,-4158.33,211591.4688,0.00359286
"test5",56,34,571.74,904.84,144,0.1496,129.00,79.00,-185.03,-3960.42,40278.9648,0.00035692
"test5",56,35,571.00,889.00,148,0.1654,136.00,81.00,-200.00,-3800.00,128206.8516,0.00000018
"test5",56,36,570.00,870.00,153,0.1811,142.00,83.00,-166.32,-3159.85,130111.9531,0.00065719
"test5",56,37,569.67,863.68,155,0.1811,142.00,83.00,-166.84,-3420.07,145218.2031,0.00010372
"test5",56,38,569.00,850.00,159,0.1890,147.00,85.00,-200.00,-4000.00,70730.2500,0.00000011
"test5",56,39,568.00,830.00,164,0.1969,150.00,87.00,-217.65,-4353.21,461243.2813,0.00043845
"test5",56,40,567.56,821.29,166,0.1969,150.00,87.00,-188.23,-3431.19,88467.9922,0.00019882
"test5",56,41,567.00,811.00,169,0.2047,153.00,87.00,-166.67,-3166.67,264254.1250,0.00000000
"test5",56,42,566.00,792.00,175,0.2047,154.00,87.00,-250.00,-4750.00,792762.3750,0.00000000
"test5",56,43,565.50,782.50,177,0.2047,154.00,87.00,-166.67,-3166.67,211403.2813,0.00000000
"test5",56,44,565.00,773.00,180,0.2047,153.00,86.00,-200.00,-3800.00,126841.9688,0.00000000
"test5",56,45,564.00,754.00,185,0.2047,152.00,86.00,-166.67,-3166.67,111111.1641,0.00058076
"test5",56,46,563.50,744.50,188,0.2047,152.00,86.00,-166.67,-2833.33,196889.4219,0.00826158
"test5",56,47,563.00,736.00,191,0.1969,150.00,87.00,0.00,-3400.00,170000.0000,0.00000000
"test5",56,48,563.00,719.00,196,0.1969,147.00,87.00,0.00,-4250.00,1219773.3750,0.00922722
"test5",56,49,563.00,710.50,198,0.1969,147.00,87.00,-333.33,-1833.33,219145.3594,0.04121521
"test5",56,50,562.00,705.00,201,0.1890,143.00,87.00,0.00,-2400.00,66077.8828,0.00000000
"test5",56,51,562.00,693.00,206,0.1811,139.00,87.00,0.00,-2069.61,177207.9531,0.00000000
"test5",56,52,562.00,684.72,210,0.1811,139.00,87.00,0.00,-1360.78,431361.8750,0.05400388
"test5",56,53,562.00,682.00,212,0.1811,136.00,88.00,-200.00,-2200.00,142992.7188,0.00122525
"test5",56,54,561.00,671.00,217,0.1811,133.00,89.00,-165.10,-1485.89,17037.6211,0.00000073
"test5",56,55,560.17,663.57,222,0.1811,133.00,89.00,-174.50,-1570.56,244007.4688,0.06191115
"test5",56,56,560.00,662.00,223,0.1811,130.00,90.00,0.00,-1400.00,23754.8828,0.00000000
"test5",56,57,560.00,655.00,228,0.1732,127.00,90.00,0.00,-1281.23,0.0000,0.00000000
"test5",56,58,560.00,648.59,233,0.1732,127.00,90.00,0.00,-1281.23,0.0000,0.00000000
"test5",56,59,560.00,648.00,233,0.1654,123.00,90.00,400.00,-1000.00,128062.4844,0.03201644
"test5",56,60,562.00,643.00,238,0.1575,119.00,87.00,0.00,-500.00,0.0000,0.00000000
"test5",56,61,562.00,640.00,244,0.1181,93.00,84.00,0.00,-500.00,0.0000,0.00000000
"test5",56,62,562.00,639.98,244,0.1181,93.00,84.00,0.00,-396.51,40006.0938,0.25442183
"test5",56,63,562.00,638.00,249,0.1181,93.00,84.00,-200.00,-400.00,43231.0117,0.00000000
"test5",56,64,561.00,636.00,254,0.1181,93.00,84.00,-103.33,-206.67,231058.5313,0.00000000
"test5",56,65,560.90,635.79,255,0.1181,93.00,84.00,0.00,0.00,0.0000,0.00000000
"test5",56,66,560.90,635.79,260,0.1181,94.00,84.00,0.00,0.00,0.0000,0.00000000
"test5",56,67,560.90,635.79,265,0.1181,94.00,84.00,0.00,0.00,0.0000,0.00000000
"test5",56,68,560.90,635.79,266,0.1181,93.00,84.00,0.00,0.00,46771.7031,0.00000000
"test5",56,69,560.90,635.79,270,0.1181,95.00,83.00,183.89,34.44,20466.4473,0.26454133
"test5",56,70,562.00,636.00,276,0.1181,97.00,81.00,301.76,0.00,452523.7813,2.74550939
"test5",56,71,562.30,636.00,277,0.1181,97.00,81.00,-75.44,250.00,65283.5703,0.00000000
"test5",56,72,562.00,637.00,281,0.1181,98.00,81.00,0.00,0.00,0.0000,0.00000000
"test5",56,73,562.00,637.00,286,0.1181,99.00,80.00,0.00,0.00,0.0000,0.00000000
"test5",56,74,562.00,637.00,288,0.1181,99.00,80.00,0.00,0.00,0.0000,0.00000000
"test5",56,75,562.00,637.00,291,0.1181,99.00,80.00,0.00,0.00,0.0000,0.00000000
"test5",56,76,562.00,637.00,297,0.0315,101.00,24.00,0.00,0.00,0.0000,0.00000000
"test5",56,77,562.00,637.00,301,0.0315,101.00,24.00,0.00,0.00,0.0000,0.00000000
"test5",55,0,455.00,961.00,0,0.1339,97.00,92.00,0.00,0.00,0.0000,0.00000000
"test5",55,1,455.00,961.00,15,0.1339,97.00,92.00,0.00,0.00,0.0000,0.00000000
"test5",55,2,455.00,961.00,17,0.1339,97.00,92.00,0.00,0.00,0.0000,0.00000000
"test5",55,3,455.00,961.00,20,0.1339,97.00,92.00,0.00,0.00,0.0000,0.00000000
"test5",55,4,455.00,961.00,25,0.1339,96.00,92.00,0.00,0.00,0.0000,0.00000000
"test5",55,5,455.00,961.00,28,0.1339,97.00,92.00,0.00,0.00,0.0000,0.00000000
"test5",55,6,455.00,961.00,31,0.1339,96.00,92.00,0.00,0.00,0.0000,0.00000000
"test5",55,7,455.00,961.00,36,0.1339,96.00,92.00,0.00,0.00,0.0000,0.00000000
"test5",55,8,455.00,961.00,39,0.1339,97.00,92.00,0.00,0.00,0.0000,0.00000000
"test5",55,9,455.00,961.00,41,0.1339,96.00,91.00,0.00,0.00,0.0000,0.00000000
"test5",55,10,455.00,961.00,47,0.1339,96.00,91.00,0.00,0.00,0.0000,0.00000000
"test5",55,11,455.00,961.00,51,0.1339,97.00,92.00,0.00,0.00,0.0000,0.00000000
"test5",55,12,455.00,961.00,52,0.1339,96.00,90.00,0.00,0.00,0.0000,0.00000000
"test5",55,13,455.00,961.00,57,0.1260,96.00,88.00,0.00,0.00,0.0000,0.00000000
"test5",55,14,455.00,961.00,60,0.1339,97.00,92.00,0.00,0.00,0.0000,0.00000000
"test5",55,15,455.00,961.00,63,0.1260,95.00,86.00,0.00,0.00,0.0000,0.00000000
"test5",55,16,455.00,961.00,68,0.1181,95.00,84.00,0.00,0.00,0.0000,0.00000000
"test5",55,17,455.00,961.00,73,0.1339,97.00,92.00,0.00,0.00,0.0000,0.00000000
"test5",55,18,455.00,961.00,73,0.1181,95.00,82.00,0.00,0.00,0.0000,0.00000000
"test5",55,19,455.00,961.00,78,0.1181,95.00,81.00,0.00,0.00,0.0000,0.00000000
"test5",55,20,455.00,961.00,84,0.1181,96.00,80.00,0.00,0.00,0.0000,0.00000000
"test5",55,21,455.00,961.00,84,0.1339,97.00,92.00,0.00,0.00,0.0000,0.00000000
"test5",55,22,455.00,961.00,89,0.1181,96.00,80.00,0.00,0.00,0.0000,0.00000000
"test5",55,23,455.00,961.00,95,0.1181,96.00,81.00,0.00,0.00,0.0000,0.00000000
"test5",55,24,455.00,961.00,95,0.1339,97.00,92.00,0.00,0.00,126491.1094,0.00000000
"test5",55,25,455.00,961.00,100,0.1260,99.00,83.00,-200.00,-600.00,2271.7366,0.00001448
"test5",55,26,454.00,958.00,105,0.1260,101.00,84.00,-196.38,-589.23,1042763.6250,1.43436134
"test5",55,27,453.80,957.41,106,0.1260,101.00,84.00,49.10,-1602.69,28456.0059,0.00446590
"test5",55,28,454.00,951.00,110,0.1339,104.00,86.00,0.00,-1500.00,174296.0625,0.00000000
"test5",55,29,454.00,942.00,116,0.1417,108.00,87.00,0.00,-2545.78,432220.4688,0.00000000
"test5",55,30,454.00,939.45,117,0.1417,108.00,87.00,0.00,-2113.56,71611.0234,0.00000000
"test5",55,31,454.00,931.00,121,0.1496,112.00,88.00,0.00,-2400.00,19758.3008,0.00000000
"test5",55,32,454.00,919.00,126,0.1654,118.00,90.00,0.00,-2301.21,251158.3125,0.04720936
"test5",55,33,454.00,914.40,128,0.1654,118.00,90.00,500.00,-2349.40,321520.9063,0.02399417
"test5",55,34,456.00,905.00,132,0.1732,126.00,91.00,200.00,-3600.00,130347.1016,0.00000010
"test5",55,35,457.00,887.00,137,0.1890,132.00,92.00,236.15,-4250.73,424038.2813,0.00969131
"test5",55,36,457.47,878.50,139,0.1890,132.00,92.00,-157.43,-3499.51,52476.9180,0.00427263
"test5",55,37,457.00,868.00,142,0.1969,138.00,93.00,0.00,-3500.00,291666.6563,0.00000000
"test5",55,38,457.00,847.00,148,0.2126,144.00,94.00,0.00,-5250.00,1093700.3750,0.01209373
"test5",55,39,457.00,836.50,150,0.2126,144.00,94.00,666.67,-3166.67,229061.3906,0.01245899
"test5",55,40,459.00,827.00,153,0.2205,150.00,96.00,400.00,-3800.00,127366.4688,0.00000000
"test5",55,41,461.00,808.00,158,0.2283,153.00,96.00,333.33,-3166.67,539346.8750,0.01634803
"test5",55,42,462.00,798.50,161,0.2283,153.00,96.00,0.00,-4750.00,796040.5000,0.00369344
"test5",55,43,462.00,789.00,163,0.2362,154.00,98.00,166.67,-3166.67,68442.7109,0.00339854
"test5",55,44,463.00,770.00,169,0.2362,154.00,98.00,390.13,-3511.20,111683.7344,0.00000043
"test5",55,45,464.56,755.96,173,0.2362,154.00,98.00,439.48,-3955.20,604648.3750,0.01115789
"test5",55,46,465.00,752.00,174,0.2362,154.00,99.00,200.00,-3400.00,30214.5508,0.00034655
"test5",55,47,466.00,735.00,179,0.2283,153.00,99.00,171.14,-3251.71,102192.0313,0.00000000
"test5",55,48,466.86,718.74,184,0.2283,153.00,99.00,144.29,-2741.46,1152471.8750,0.05300241
"test5",55,49,467.00,716.00,185,0.2283,150.00,100.00,600.00,-3800.00,167565.2031,0.00131422
"test5",55,50,470.00,697.00,190,0.2283,147.00,101.00,374.15,-2993.19,0.0000,0.00000000
"test5",55,51,471.87,682.03,195,0.2283,147.00,101.00,374.15,-2993.19,0.0000,0.00000000
"test5",55,52,472.00,681.00,195,0.2205,144.00,101.00,166.67,-2666.67,188970.5469,0.00087378
"test5",55,53,473.00,665.00,201,0.2205,141.00,102.00,200.00,-3800.00,0.0000,0.00000000
"test5",55,54,474.00,646.00,206,0.2205,138.00,102.00,200.00,-3800.00,0.0000,0.00000000
"test5",55,55,474.02,645.54,206,0.2205,138.00,102.00,-4.85,-3707.89,73960.9609,0.00297406
"test5",55,56,474.00,627.00,211,0.2126,135.00,102.00,200.00,-3400.00,267497.7188,0.00000000
"test5",55,57,475.00,610.00,216,0.2047,133.00,102.00,121.46,-2064.82,765662.5625,0.04941277
"test5",55,58,475.12,607.94,217,0.2047,133.00,102.00,375.71,-2787.04,205618.0156,0.00782584
"test5",55,59,477.00,594.00,222,0.2047,132.00,102.00,200.00,-3800.00,66190.2500,0.00000018
"test5",55,60,478.00,575.00,227,0.2047,129.00,102.00,217.41,-4130.49,941209.6250,0.01612794
"test5",55,61,478.22,570.87,228,0.2047,129.00,102.00,445.65,-3217.38,192428.5625,0.00421599
"test5",55,62,480.00,558.00,232,0.2047,128.00,102.00,166.67,-2500.00,335684.2500,0.00000043
"test5",55,63,481.00,543.00,238,0.1969,127.00,102.00,300.66,-4509.64,1641757.2500,0.01139663
"test5",55,64,481.30,538.49,239,0.1969,127.00,102.00,424.84,-2872.59,131998.8281,0.00301607
"test5",55,65,483.00,527.00,243,0.1969,127.00,102.00,400.00,-3400.00,26900.3711,0.00000014
"test5",55,66,485.00,510.00,248,0.1969,126.00,102.00,384.29,-3266.42,203436.2344,0.00135069
"test5",55,67,485.77,503.47,250,0.1969,126.00,102.00,307.85,-2866.79,153924.9063,0.01091707
"test5",55,68,487.00,492.00,254,0.1969,126.00,102.00,0.00,-3400.00,169804.6875,0.00000000
"test5",55,69,487.00,475.00,259,0.1969,126.00,101.00,0.00,-4249.02,540852.8750,0.00000000
"test5",55,70,487.00,466.50,261,0.1969,126.00,101.00,0.00,-3167.32,157288.3750,0.01107578
"test5",55,71,487.00,457.00,264,0.1969,126.00,100.00,333.33,-2833.33,237739.5000,0.00000000
"test5",55,72,489.00,440.00,270,0.1890,126.00,99.00,500.00,-4250.00,910013.6875,0.00797551
"test5",55,73,490.00,431.50,272,0.1890,126.00,99.00,0.00,-2500.00,300000.0000,0.00000000
"test5",55,74,490.00,424.00,275,0.1890,126.00,99.00,0.00,-3400.00,113333.3516,0.00000000
"test5",55,75,490.00,407.00,280,0.1890,127.00,98.00,0.00,-2833.33,111111.1641,0.00000000
"test5",55,76,490.00,398.50,283,0.1890,127.00,98.00,0.00,-3166.67,159086.8594,0.00664820
"test5",55,77,490.00,389.00,286,0.1890,128.00,97.00,200.00,-3600.00,180277.5625,0.00000000
"test5",55,78,491.00,371.00,291,0.1890,129.00,96.00,250.00,-4500.00,925150.1250,0.00864763
"test5",55,79,491.50,362.00,293,0.1890,129.00,96.00,500.00,-2666.67,295856.1250,0.02837348
"test5",55,80,493.00,354.00,296,0.1890,129.00,96.00,0.00,-3400.00,124272.5000,0.00285049
"test5",55,81,493.00,337.00,301,0.1890,129.00,95.00,164.76,-2800.88,39012.5820,0.00000011
"test5",55,82,493.82,323.00,306,0.1890,129.00,95.00,176.21,-2995.61,462187.8125,0.02217275
"test5",55,83,494.00,320.00,307,0.1890,131.00,94.00,400.00,-3400.00,138135.6875,0.00237114
"test5",55,84,496.00,303.00,312,0.1890,131.00,94.00,182.95,-2744.31,0.0000,0.00000000
"test5",55,85,496.91,289.28,317,0.1890,131.00,94.00,182.95,-2744.31,0.0000,0.00000000
"test5",55,86,497.00,288.00,317,0.1890,131.00,95.00,0.00,-2666.67,155555.5469,0.00000000
"test5",55,87,497.00,272.00,323,0.1890,131.00,94.00,0.00,-3600.00,0.0000,0.00000000
"test5",55,88,497.00,254.00,328,0.1890,132.00,93.00,0.00,-3600.00,0.0000,0.00000000
"test5",55,89,497.00,253.64,328,0.1890,132.00,93.00,200.00,-3727.37,313277.3125,0.00311146
"test5",55,90,498.00,235.00,333,0.1890,132.00,92.00,333.33,-2166.67,0.0000,0.00000000
"test5",55,91,500.00,222.00,339,0.1811,130.00,90.00,333.33,-2166.67,0.0000,0.00000000
"test5",55,92,500.21,220.64,339,0.1811,130.00,90.00,158.12,-1527.73,99606.4297,0.01745644
"test5",55,93,501.00,213.00,344,0.1732,129.00,88.00,0.00,-2000.00,1464.8438,0.00000000
"test5",55,94,501.00,203.00,349,0.1654,126.00,86.00,0.00,-1992.68,259155.2813,0.00000000
"test5",55,95,501.00,201.01,350,0.1654,126.00,86.00,0.00,-2251.83,133756.1719,0.01643415
"test5",55,96,501.00,192.00,354,0.1575,125.00,83.00,333.33,-1833.33,216749.7969,0.00000026
"test5",55,97,503.00,181.00,360,0.1496,124.00,78.00,565.98,-3112.85,1945615.1250,0.01116930
"test5",55,98,503.57,177.89,361,0.1496,124.00,78.00,108.51,-1221.79,52161.6719,0.02057856
"test5",55,99,504.00,173.00,365,0.1417,123.00,74.00,0.00,-1400.00,2525.6348,0.00000000
"test5",55,100,504.00,166.00,370,0.1339,122.00,70.00,0.00,-1412.63,184471.1250,0.00000000
"test5",55,101,504.00,163.17,372,0.1339,122.00,70.00,0.00,-1043.69,110921.4766,0.00000000
"test5",55,102,504.00,159.00,376,0.1260,120.00,68.00,0.00,-600.00,22677.4102,0.00000000
"test5",55,103,504.00,156.00,381,0.1181,118.00,67.00,0.00,-486.61,72177.4609,0.00000000
"test5",55,104,504.00,154.54,384,0.1181,118.00,67.00,0.00,-270.08,135040.2813,0.00000000
"test5",55,105,504.00,154.00,386,0.1181,116.00,67.00,0.00,0.00,0.0000,0.00000000
"test5",55,106,504.00,154.00,391,0.1260,104.00,79.00,0.00,0.00,0.0000,0.00000000
"test5",55,107,504.00,154.00,394,0.1260,104.00,79.00,0.00,0.00,0.0000,0.00000000
"test5",55,108,504.00,154.00,397,0.1260,104.00,80.00,0.00,0.00,0.0000,0.00000000
"test5",55,109,504.00,154.00,402,0.1260,106.00,79.00,0.00,0.00,0.0000,0.00000000
"test5",55,110,504.00,154.00,405,0.1260,104.00,79.00,0.00,0.00,0.0000,0.00000000
"test5",55,111,504.00,154.00,407,0.1260,106.00,80.00,0.00,0.00,0.0000,0.00000000
"test5",55,112,504.00,154.00,413,0.1260,106.00,80.00,0.00,0.00,0.0000,0.00000000
"test5",55,113,504.00,154.00,417,0.1260,104.00,79.00,0.00,0.00,0.0000,0.00000000
"test5",55,114,504.00,154.00,418,0.1260,106.00,80.00,0.00,0.00,0.0000,0.00000000
"test5",55,115,504.00,154.00,423,0.1260,105.00,80.00,0.00,0.00,0.0000,0.00000000
"test5",55,116,504.00,154.00,428,0.1260,104.00,79.00,0.00,0.00,0.0000,0.00000000
"test5",55,117,504.00,154.00,429,0.1260,103.00,80.00,0.00,0.00,0.0000,0.00000000
"test5",55,118,504.00,154.00,433,0.1260,103.00,80.00,0.00,0.00,0.0000,0.00000000
"test5",54,0,543.00,916.00,0,0.0866,105.00,56.00,0.00,0.00,0.0000,0.00000000
"test5",54,1,543.00,916.00,10,0.1181,103.00,78.00,0.00,0.00,0.0000,0.00000000
"test5",54,2,543.00,916.00,16,0.1260,104.00,78.00,0.00,0.00,0.0000,0.00000000
"test5",54,3,543.00,916.00,17,0.1260,104.00,78.00,0.00,0.00,0.0000,0.00000000
"test5",54,4,543.00,916.00,21,0.1260,104.00,78.00,0.00,0.00,0.0000,0.00000000
"test5",54,5,543.00,916.00,26,0.1260,104.00,78.00,0.00,0.00,0.0000,0.00000000
"test5",54,6,543.00,916.00,28,0.1260,104.00,78.00,0.00,0.00,0.0000,0.00000000
"test5",54,7,543.00,916.00,31,0.1260,104.00,78.00,0.00,0.00,0.0000,0.00000000
"test5",54,8,543.00,916.00,37,0.1260,104.00,78.00,0.00,0.00,0.0000,0.00000000
"test5",54,9,543.00,916.00,39,0.1260,104.00,78.00,0.00,0.00,0.0000,0.00000000
"test5",54,10,543.00,916.00,42,0.1260,104.00,79.00,0.00,0.00,0.0000,0.00000000
"test5",54,11,543.00,916.00,47,0.1181,103.00,78.00,0.00,0.00,0.0000,0.00000000
"test5",54,12,543.00,916.00,50,0.1260,104.00,78.00,0.00,0.00,0.0000,0.00000000
"test5",54,13,543.00,916.00,53,0.0866,105.00,55.00,0.00,0.00,0.0000,0.00000000
"test5",54,14,543.00,916.00,58,0.0866,107.00,55.00,0.00,0.00,0.0000,0.00000000
"test5",54,15,543.00,916.00,61,0.1260,104.00,78.00,0.00,0.00,0.0000,0.00000000
"test5",54,16,543.00,916.00,63,0.0866,107.00,56.00,0.00,0.00,0.0000,0.00000000
"test5",54,17,543.00,916.00,69,0.0866,107.00,57.00,0.00,0.00,0.0000,0.00000000
"test5",54,18,543.00,916.00,71,0.1260,104.00,78.00,0.00,0.00,0.0000,0.00000000
"test5",54,19,543.00,916.00,74,0.0866,105.00,55.00,0.00,0.00,0.0000,0.00000000
"test5",54,20,543.00,916.00,80,0.0866,105.00,55.00,0.00,0.00,0.0000,0.00000000
"test5",54,21,543.00,916.00,82,0.1260,104.00,78.00,0.00,0.00,0.0000,0.00000000
"test5",54,22,543.00,916.00,85,0.0866,105.00,55.00,0.00,0.00,0.0000,0.00000000
"test5",54,23,543.00,916.00,90,0.0945,105.00,63.00,0.00,0.00,0.0000,0.00000000
"test5",54,24,543.00,916.00,94,0.1260,104.00,78.00,0.00,0.00,0.0000,0.00000000
"test5",54,25,543.00,916.00,95,0.1024,105.00,64.00,0.00,0.00,0.0000,0.00000000
"test5",54,26,543.00,916.00,100,0.1024,105.00,66.00,0.00,0.00,600000.0000,0.00000000
"test5",54,27,543.00,916.00,105,0.1260,104.00,78.00,0.00,-3000.00,1612451.5000,0.02222222
"test5",54,28,543.00,913.00,106,0.1102,107.00,69.00,200.00,-1400.00,85694.8125,0.03620849
"test5",54,29,544.00,906.00,111,0.1260,110.00,74.00,590.84,-1575.59,0.0000,0.00000000
"test5",54,30,546.95,898.12,116,0.1260,110.00,74.00,590.84,-1575.59,0.0000,0.00000000
"test5",54,31,547.00,898.00,116,0.1339,114.00,78.00,666.67,-1666.67,104822.0156,0.00576296
"test5",54,32,551.00,888.00,122,0.1417,119.00,81.00,1000.00,-2200.00,0.0000,0.00000000
"test5",54,33,556.00,877.00,127,0.1575,125.00,84.00,1000.00,-2200.00,0.0000,0.00000000
"test5",54,34,556.28,876.37,127,0.1575,125.00,84.00,1343.01,-2274.61,78435.3359,0.00595228
"test5",54,35,563.00,865.00,132,0.1732,132.00,87.00,1333.33,-2666.67,120154.3984,0.00000000
"test5",54,36,571.00,849.00,138,0.1969,140.00,90.00,1010.93,-2021.85,2431709.0000,0.02187996
"test5",54,37,572.01,846.98,139,0.1969,140.00,90.00,1997.27,-4244.54,242331.1563,0.00100912
"test5",54,38,580.00,830.00,143,0.2126,148.00,92.00,1666.67,-3333.33,140125.7969,0.00000000
"test5",54,39,590.00,810.00,149,0.2205,157.00,93.00,2042.66,-4085.33,243363.5938,0.00535909
"test5",54,40,592.04,805.91,150,0.2205,157.00,93.00,2239.33,-4228.67,58006.5742,0.00078892
"test5",54,41,601.00,789.00,154,0.2362,164.00,93.00,2200.00,-4000.00,153177.5000,0.00000003
"test5",54,42,612.00,769.00,159,0.2441,170.00,93.00,1830.90,-3328.92,559827.2500,0.02023496
"test5",54,43,615.66,762.34,161,0.2441,170.00,93.00,1779.40,-4447.39,452059.5000,0.00089492
"test5",54,44,621.00,749.00,164,0.2520,173.00,94.00,1333.33,-3166.67,136735.9844,0.00000002
"test5",54,45,629.00,730.00,170,0.2520,174.00,94.00,1651.70,-3922.79,452847.4688,0.01561883
"test5",54,46,632.30,722.15,172,0.2520,174.00,94.00,1898.86,-3051.47,153040.0313,0.01129984
"test5",54,47,638.00,713.00,175,0.2520,174.00,95.00,1600.00,-3400.00,149477.0938,0.00000011
"test5",54,48,646.00,696.00,180,0.2520,172.00,95.00,1281.76,-2723.75,199507.7656,0.01631483
"test5",54,49,649.85,687.83,183,0.2520,172.00,95.00,1051.57,-3276.25,118718.7578,0.00119318
"test5",54,50,653.00,678.00,186,0.2441,171.00,95.00,1200.00,-3600.00,126491.1094,0.00000000
"test5",54,51,659.00,660.00,191,0.2520,168.00,96.00,1000.00,-3000.00,600925.2500,0.03689324
"test5",54,52,662.00,651.00,194,0.2520,168.00,96.00,2500.00,-4000.00,533593.7500,0.00794006
"test5",54,53,667.00,643.00,196,0.2362,164.00,95.00,1666.67,-3333.33,144859.6094,0.00249330
"test5",54,54,677.00,623.00,202,0.2362,160.00,95.00,1858.26,-4181.11,529928.5625,0.00000050
"test5",54,55,682.57,610.46,205,0.2362,160.00,95.00,1212.62,-2728.33,348658.1563,0.00569658
"test5",54,56,685.00,605.00,207,0.2283,156.00,95.00,1400.00,-3400.00,98745.9531,0.00488014
"test5",54,57,692.00,588.00,212,0.2205,153.00,94.00,1565.19,-2934.72,92475.8906,0.00000000
"test5",54,58,698.26,576.26,216,0.2205,153.00,94.00,1739.26,-3261.11,719816.3125,0.00574175
"test5",54,59,700.00,573.00,217,0.2126,149.00,93.00,1333.33,-2666.67,251831.5156,0.00918903
"test5",54,60,708.00,557.00,223,0.2047,145.00,92.00,1534.19,-4164.25,485224.0625,0.00000004
"test5",54,61,714.14,540.34,227,0.2047,145.00,92.00,863.22,-2343.02,1366798.1250,0.01108866
"test5",54,62,715.00,538.00,228,0.1969,144.00,91.00,1400.00,-3600.00,92483.9844,0.00576964
"test5",54,63,722.00,520.00,233,0.1969,142.00,90.00,1739.88,-3286.45,615235.5625,0.00000033
"test5",54,64,730.70,503.57,238,0.1969,142.00,90.00,300.60,-567.75,3116101.7500,0.42861190
"test5",54,65,731.00,503.00,239,0.1969,141.00,90.00,1600.00,-3400.00,40000.0000,0.00120622
"test5",54,66,739.00,486.00,244,0.1969,141.00,90.00,1600.00,-3200.00,502634.9063,0.00000000
"test5",54,67,747.00,470.00,249,0.1969,141.00,90.00,476.07,-952.15,2063196.1250,0.31570813
"test5",54,68,747.48,469.05,250,0.1969,141.00,90.00,1704.79,-2609.57,73976.6719,0.00289300
"test5",54,69,756.00,456.00,255,0.1969,140.00,90.00,1400.00,-2400.00,166668.6250,0.00000000
"test5",54,70,763.00,444.00,260,0.1890,138.00,90.00,980.10,-1680.18,313031.3750,0.04280550
"test5",54,71,763.98,442.32,261,0.1890,138.00,90.00,1254.97,-1829.96,254329.1406,0.00080097
"test5",54,72,769.00,435.00,265,0.1890,134.00,90.00,666.67,-1000.00,57043.9570,0.00000196
"test5",54,73,773.00,429.00,271,0.1732,129.00,89.00,856.51,-1284.79,362927.1875,0.05816936
"test5",54,74,773.86,427.72,272,0.1732,129.00,89.00,785.87,-928.80,167836.5313,0.07139890
"test5",54,75,777.00,424.00,276,0.1654,126.00,87.00,800.00,-1600.00,72571.2109,0.00000000
"test5",54,76,781.00,416.00,281,0.1575,123.00,87.00,637.73,-1275.45,84426.6406,0.02749078
"test5",54,77,782.28,413.45,283,0.1575,123.00,87.00,681.14,-1112.27,34630.8359,0.00155189
"test5",54,78,785.00,409.00,287,0.1575,120.00,87.00,600.00,-1000.00,4197.0278,0.00000308
"test5",54,79,788.00,404.00,292,0.1575,120.00,87.00,610.78,-1018.01,488384.3750,0.08111569
"test5",54,80,789.22,401.96,294,0.1575,120.00,87.00,-73.85,-321.33,35967.8984,0.27473748
"test5",54,81,789.00,401.00,297,0.1575,119.00,87.00,0.00,-400.00,14228.5156,0.00000000
"test5",54,82,789.00,399.00,302,0.1575,118.00,88.00,0.00,-328.86,109619.1406,0.00000000
"test5",54,83,789.00,398.01,305,0.1575,118.00,88.00,0.00,0.00,0.0000,0.00000000
"test5",54,84,789.00,398.01,308,0.1575,117.00,89.00,0.00,0.00,0.0000,0.00000000
"test5",54,85,789.00,398.01,313,0.1575,117.00,90.00,0.00,0.00,2237.9558,0.00000000
"test5",54,86,789.00,398.01,316,0.1575,118.00,88.00,0.00,-6.71,166700.4688,0.00000000
"test5",54,87,789.00,398.00,318,0.1575,116.00,90.00,-333.33,0.00,27777.7773,0.00000000
"test5",54,88,787.00,398.00,324,0.1575,116.00,90.00,-500.00,0.00,83333.3438,0.00000000
"test5",54,89,786.00,398.00,326,0.1575,116.00,90.00,-666.67,0.00,22222.2285,0.00000000
"test5",54,90,784.00,398.00,329,0.1575,115.00,90.00,-600.00,0.00,45811.7656,0.00000000
"test5",54,91,781.00,398.00,334,0.1575,114.00,90.00,-370.94,0.00,28205.8711,0.00000000
"test5",54,92,779.52,398.00,338,0.1575,114.00,90.00,-258.12,0.00,129058.8359,0.00000000
"test5",54,93,779.00,398.00,340,0.1575,114.00,90.00,0.00,0.00,0.0000,0.00000000
"test5",54,94,779.00,398.00,345,0.1575,114.00,89.00,0.00,0.00,0.0000,0.00000000
"test5",54,95,779.00,398.00,349,0.1575,114.00,89.00,0.00,0.00,0.0000,0.00000000
"test5",53,0,423.00,930.00,0,0.1339,97.00,93.00,0.00,0.00,0.0000,0.00000000
"test5",53,1,423.00,930.00,10,0.1417,98.00,94.00,0.00,0.00,0.0000,0.00000000
"test5",53,2,423.00,930.00,13,0.1417,98.00,94.00,0.00,0.00,0.0000,0.00000000
"test5",53,3,423.00,930.00,15,0.1417,98.00,94.00,0.00,0.00,0.0000,0.00000000
"test5",53,4,423.00,930.00,21,0.1417,98.00,94.00,0.00,0.00,0.0000,0.00000000
"test5",53,5,423.00,930.00,23,0.1417,98.00,94.00,0.00,0.00,0.0000,0.00000000
"test5",53,6,423.00,930.00,26,0.1417,99.00,95.00,0.00,0.00,0.0000,0.00000000
"test5",53,7,423.00,930.00,31,0.1417,99.00,96.00,0.00,0.00,0.0000,0.00000000
"test5",53,8,423.00,930.00,34,0.1417,98.00,94.00,0.00,0.00,0.0000,0.00000000
"test5",53,9,423.00,930.00,37,0.1417,99.00,96.00,0.00,0.00,0.0000,0.00000000
"test5",53,10,423.00,930.00,42,0.1496,100.00,96.00,0.00,0.00,0.0000,0.00000000
"test5",53,11,423.00,930.00,45,0.1417,98.00,94.00,0.00,0.00,0.0000,0.00000000
"test5",53,12,423.00,930.00,47,0.1496,100.00,96.00,0.00,0.00,0.0000,0.00000000
"test5",53,13,423.00,930.00,53,0.1496,101.00,97.00,0.00,0.00,0.0000,0.00000000
"test5",53,14,423.00,930.00,57,0.1417,98.00,94.00,0.00,0.00,0.0000,0.00000000
"test5",53,15,423.00,930.00,58,0.1496,101.00,97.00,0.00,0.00,0.0000,0.00000000
"test5",53,16,423.00,930.00,63,0.1496,101.00,97.00,0.00,0.00,0.0000,0.00000000
"test5",53,17,423.00,930.00,68,0.1417,98.00,94.00,0.00,0.00,0.0000,0.00000000
"test5",53,18,423.00,930.00,69,0.1496,100.00,97.00,0.00,0.00,0.0000,0.00000000
"test5",53,19,423.00,930.00,74,0.1496,100.00,97.00,0.00,0.00,0.0000,0.00000000
"test5",53,20,423.00,930.00,79,0.1417,98.00,94.00,0.00,0.00,0.0000,0.00000000
"test5",53,21,423.00,930.00,79,0.1102,98.00,72.00,0.00,0.00,0.0000,0.00000000
"test5",53,22,423.00,930.00,85,0.1102,98.00,72.00,0.00,0.00,0.0000,0.00000000
"test5",53,23,423.00,930.00,90,0.1102,98.00,72.00,0.00,0.00,0.0000,0.00000000
"test5",53,24,423.00,930.00,90,0.1417,98.00,94.00,0.00,0.00,100000.0000,0.00000000
"test5",53,25,423.00,930.00,95,0.1024,99.00,71.00,0.00,-500.00,0.0000,0.00000000
"test5",53,26,423.00,927.00,101,0.1102,100.00,72.00,0.00,-500.00,0.0000,0.00000000
"test5",53,27,423.00,926.44,101,0.1102,100.00,72.00,0.00,-1287.87,163356.5938,0.04823347
"test5",53,28,423.00,920.00,106,0.1181,103.00,74.00,-400.00,-2000.00,133065.1094,0.00000014
"test5",53,29,421.00,910.00,111,0.1260,109.00,76.00,-269.52,-1347.60,367434.3125,0.01297829
"test5",53,30,420.46,907.30,113,0.1260,109.00,76.00,-365.24,-2076.20,90881.0313,0.01231112
"test5",53,31,419.00,899.00,117,0.1417,117.00,80.00,-200.00,-2400.00,57358.8594,0.00000017
"test5",53,32,418.00,887.00,122,0.1575,124.00,83.00,-176.18,-2114.20,571847.3750,0.00614909
"test5",53,33,417.65,882.77,124,0.1575,124.00,83.00,-215.88,-3257.20,146613.5469,0.00454289
"test5",53,34,417.00,873.00,127,0.1732,132.00,87.00,-333.33,-2833.33,127077.6250,0.00000007
"test5",53,35,415.00,856.00,133,0.1969,141.00,90.00,-422.42,-3590.58,464123.5313,0.02085785
"test5",53,36,414.16,848.82,135,0.1969,141.00,90.00,-1051.72,-4272.95,158589.4844,0.00108132
"test5",53,37,411.00,836.00,138,0.2126,150.00,93.00,-1000.00,-3800.00,130979.2031,0.00000000
"test5",53,38,406.00,817.00,143,0.2283,157.00,95.00,-833.33,-3166.67,545746.7500,0.00000000
"test5",53,39,403.50,807.50,146,0.2283,157.00,95.00,-1250.00,-4750.00,689706.0625,0.00509866
"test5",53,40,401.00,798.00,148,0.2441,162.00,97.00,-666.67,-3500.00,296910.5313,0.00000000
"test5",53,41,397.00,777.00,154,0.2520,165.00,99.00,-1000.00,-5250.00,1155452.0000,0.01037237
"test5",53,42,395.00,766.50,156,0.2520,165.00,99.00,0.00,-3166.67,303274.2813,0.02659279
"test5",53,43,395.00,757.00,159,0.2598,168.00,101.00,-800.00,-3600.00,122927.2578,0.00000000
"test5",53,44,391.00,739.00,164,0.2677,168.00,102.00,-666.67,-3000.00,0.0000,0.00000000
"test5",53,45,389.00,730.00,167,0.2677,168.00,102.00,-666.67,-3000.00,281091.3438,0.01531274
"test5",53,46,387.00,721.00,170,0.2598,166.00,102.00,-400.00,-3800.00,80500.4609,0.00538508
"test5",53,47,385.00,702.00,175,0.2520,163.00,101.00,0.00,-3755.19,56015.0156,0.00000000
"test5",53,48,385.00,686.98,179,0.2520,163.00,101.00,0.00,-3979.25,878293.5000,0.02105119
"test5",53,49,385.00,683.00,180,0.2441,160.00,99.00,-333.33,-3166.67,115290.8516,0.00845408
"test5",53,50,383.00,664.00,186,0.2362,156.00,98.00,-893.23,-3572.91,480479.0313,0.00000000
"test5",53,51,379.43,649.71,190,0.2362,156.00,98.00,-427.09,-1708.37,1291910.1250,0.10949863
"test5",53,52,379.00,648.00,191,0.2283,152.00,96.00,-400.00,-3000.00,109951.1875,0.00590856
"test5",53,53,377.00,633.00,196,0.2126,147.00,94.00,-195.01,-3510.11,0.0000,0.00000000
"test5",53,54,376.02,615.45,201,0.2126,147.00,94.00,-195.01,-3510.11,0.0000,0.00000000
"test5",53,55,376.00,615.00,201,0.1969,144.00,91.00,-333.33,-3166.67,29917.5938,0.00137668
"test5",53,56,374.00,596.00,207,0.1890,141.00,88.00,-400.00,-3000.00,0.0000,0.00000000
"test5",53,57,372.00,581.00,212,0.1811,138.00,86.00,-400.00,-3000.00,0.0000,0.00000000
"test5",53,58,371.88,580.07,212,0.1811,138.00,86.00,-175.25,-1214.38,39567.7656,0.01852915
"test5",53,59,371.00,574.00,217,0.1732,134.00,86.00,-333.33,-1333.33,7346.9028,0.00000000
"test5",53,60,369.00,566.00,223,0.1732,131.00,86.00,-344.02,-1376.10,1045493.6875,0.21095288
"test5",53,61,368.66,564.62,224,0.1732,131.00,86.00,-163.99,-2405.98,52274.6875,0.00214637
"test5",53,62,368.00,555.00,228,0.1654,128.00,85.00,-200.00,-2200.00,142379.2344,0.00000017
"test5",53,63,367.00,544.00,233,0.1654,126.00,84.00,-135.54,-1491.03,248400.1406,0.03365961
"test5",53,64,366.73,541.02,235,0.1654,126.00,84.00,-242.97,-1005.98,25512.7285,0.02264700
"test5",53,65,366.00,538.00,238,0.1575,124.00,84.00,-166.67,-1000.00,18429.0508,0.00000000
"test5",53,66,365.00,532.00,244,0.1496,123.00,83.00,-184.84,-1109.07,194650.6719,0.13004157
"test5",53,67,364.63,529.78,246,0.1496,123.00,83.00,-543.44,-1260.62,143709.4531,0.03753605
"test5",53,68,363.00,526.00,249,0.1496,123.00,82.00,-200.00,-1000.00,52765.9844,0.00000115
"test5",53,69,362.00,521.00,254,0.1496,122.00,82.00,-148.26,-741.29,289377.0313,0.07626133
"test5",53,70,361.56,518.78,257,0.1496,122.00,82.00,148.26,74.63,104030.7734,2.16138077
"test5",53,71,362.00,519.00,260,0.1496,120.00,81.00,0.00,-200.00,6666.6655,0.00000000
"test5",53,72,362.00,518.00,265,0.1417,119.00,81.00,0.00,-166.67,55555.5586,0.00000000
"test5",53,73,362.00,517.50,268,0.1417,119.00,81.00,0.00,0.00,125000.0000,0.00000000
"test5",53,74,362.00,517.50,270,0.1417,117.00,80.00,0.00,250.00,0.0000,0.00000000
"test5",53,75,362.00,519.00,276,0.1417,114.00,80.00,0.00,250.00,125000.0000,0.00000000
"test5",53,76,362.00,519.50,278,0.1417,114.00,80.00,0.00,500.00,166666.6719,0.00000000
"test5",53,77,362.00,521.00,281,0.1339,113.00,81.00,0.00,0.00,0.0000,0.00000000
"test5",53,78,362.00,521.00,286,0.1339,111.00,81.00,0.00,0.00,0.0000,0.00000000
"test5",53,79,362.00,521.00,290,0.1339,111.00,81.00,0.00,0.00,333333.3438,0.00000000
"test5",53,80,362.00,521.00,291,0.1654,107.00,102.00,0.00,-333.33,55555.5586,0.00000000
"test5",53,81,362.00,519.00,297,0.1575,105.00,99.00,0.00,0.00,0.0000,0.00000000
"test5",53,82,362.00,519.00,301,0.1575,105.00,99.00,0.00,0.00,0.0000,0.00000000
"test5",53,83,362.00,519.00,302,0.1575,105.00,99.00,0.00,0.00,0.0000,0.00000000
"test5",53,84,362.00,519.00,307,0.0079,99.00,0.00,0.00,0.00,0.0000,0.00000000
"test5",53,85,362.00,519.00,312,0.0079,99.00,0.00,0.00,0.00,0.0000,0.00000000
"test5",52,0,338.00,717.00,0,0.1417,103.00,93.00,0.00,0.00,0.0000,0.00000000
"test5",52,1,338.00,717.00,15,0.1496,104.00,93.00,0.00,0.00,0.0000,0.00000000
"test5",52,2,338.00,717.00,16,0.1496,104.00,93.00,0.00,0.00,0.0000,0.00000000
"test5",52,3,338.00,717.00,20,0.1496,104.00,93.00,0.00,0.00,0.0000,0.00000000
"test5",52,4,338.00,717.00,26,0.1496,104.00,93.00,0.00,0.00,0.0000,0.00000000
"test5",52,5,338.00,717.00,27,0.1496,104.00,93.00,0.00,0.00,0.0000,0.00000000
"test5",52,6,338.00,717.00,31,0.1496,103.00,94.00,0.00,0.00,0.0000,0.00000000
"test5",52,7,338.00,717.00,36,0.1496,103.00,94.00,0.00,0.00,0.0000,0.00000000
"test5",52,8,338.00,717.00,38,0.1496,104.00,93.00,0.00,0.00,0.0000,0.00000000
"test5",52,9,338.00,717.00,42,0.1496,104.00,94.00,0.00,0.00,0.0000,0.00000000
"test5",52,10,338.00,717.00,47,0.1417,104.00,88.00,0.00,0.00,0.0000,0.00000000
"test5",52,11,338.00,717.00,49,0.1496,104.00,93.00,0.00,0.00,0.0000,0.00000000
"test5",52,12,338.00,717.00,52,0.1339,103.00,87.00,0.00,0.00,0.0000,0.00000000
"test5",52,13,338.00,717.00,55,0.1496,104.00,93.00,0.00,0.00,0.0000,0.00000000
"test5",52,14,338.00,717.00,63,0.1417,104.00,88.00,0.00,0.00,0.0000,0.00000000
"test5",52,15,338.00,717.00,68,0.1417,104.00,88.00,0.00,0.00,0.0000,0.00000000
"test5",52,16,338.00,717.00,71,0.1496,104.00,93.00,0.00,0.00,0.0000,0.00000000
"test5",52,17,338.00,717.00,73,0.1417,104.00,88.00,0.00,0.00,0.0000,0.00000000
"test5",52,18,338.00,717.00,79,0.1417,104.00,89.00,0.00,0.00,0.0000,0.00000000
"test5",52,19,338.00,717.00,81,0.1496,104.00,93.00,0.00,0.00,0.0000,0.00000000
"test5",52,20,338.00,717.00,84,0.1417,104.00,89.00,0.00,0.00,0.0000,0.00000000
"test5",52,21,338.00,717.00,89,0.1417,104.00,88.00,0.00,0.00,0.0000,0.00000000
"test5",52,22,338.00,717.00,93,0.1496,104.00,93.00,0.00,0.00,0.0000,0.00000000
"test5",52,23,338.00,717.00,95,0.0787,103.00,53.00,0.00,0.00,248452.0000,0.00000000
"test5",52,24,338.00,717.00,104,0.1496,104.00,93.00,-1000.00,-2000.00,1414213.5000,0.08944272
"test5",52,25,337.00,715.00,105,0.0866,104.00,54.00,0.00,-1000.00,88755.2891,0.00000000
"test5",52,26,337.00,709.00,111,0.0866,105.00,57.00,0.00,-1532.53,165664.6719,0.00000000
"test5",52,27,337.00,702.87,115,0.0866,105.00,57.00,0.00,-869.87,930126.9375,0.00000000
"test5",52,28,337.00,702.00,116,0.0945,108.00,61.00,0.00,-1800.00,25219.7266,0.00000000
"test5",52,29,337.00,693.00,121,0.1102,111.00,66.00,0.00,-1926.10,311318.3750,0.00000000
"test5",52,30,337.00,683.37,126,0.1102,111.00,66.00,0.00,-369.51,1841386.7500,1.46482277
"test5",52,31,337.00,683.00,127,0.1260,116.00,72.00,-200.00,-2200.00,56568.5430,0.00890515
"test5",52,32,336.00,672.00,132,0.1417,121.00,78.00,0.00,-2400.00,320942.3750,0.00000000
"test5",52,33,336.00,660.00,137,0.1654,126.00,84.00,0.00,-795.29,2478149.5000,0.63242793
"test5",52,34,336.00,659.20,138,0.1654,126.00,84.00,-400.00,-3240.94,151811.5313,0.00174382
"test5",52,35,334.00,643.00,143,0.1732,131.00,89.00,-400.00,-4000.00,236672.5000,0.00000008
"test5",52,36,332.00,623.00,148,0.1969,138.00,93.00,-282.26,-2822.51,1284795.5000,0.03400660
"test5",52,37,331.72,620.18,149,0.1969,138.00,93.00,-679.44,-4044.37,141427.0781,0.00359660
"test5",52,38,329.00,604.00,153,0.2126,144.00,96.00,-833.33,-3500.00,198284.4688,0.00000031
"test5",52,39,324.00,583.00,159,0.2205,147.00,99.00,-1108.92,-4657.35,1039158.3125,0.01869599
"test5",52,40,322.89,578.34,160,0.2205,147.00,99.00,-472.77,-3835.66,20259.8926,0.00113588
"test5",52,41,321.00,563.00,164,0.2283,150.00,99.00,-400.00,-3800.00,186586.7031,0.00000002
"test5",52,42,319.00,544.00,169,0.2362,152.00,100.00,-302.34,-2872.19,777444.6875,0.00000021
"test5",52,43,318.40,538.26,171,0.2362,152.00,100.00,-465.11,-4418.54,474882.0000,0.00029464
"test5",52,44,317.00,525.00,174,0.2283,153.00,99.00,-333.33,-3000.00,77449.3516,0.00000015
"test5",52,45,315.00,507.00,180,0.2283,152.00,99.00,-384.66,-3461.85,192179.4844,0.01365391
"test5",52,46,314.23,500.08,182,0.2283,152.00,99.00,-76.89,-3692.10,232118.7813,0.00152683
"test5",52,47,314.00,489.00,185,0.2205,150.00,96.00,0.00,-3000.00,164683.0313,0.00000000
"test5",52,48,314.00,471.00,191,0.2126,148.00,95.00,0.00,-3988.10,228796.5156,0.01047893
"test5",52,49,314.00,463.02,193,0.2126,148.00,95.00,-333.33,-3674.60,33349.6602,0.00179067
"test5",52,50,313.00,452.00,196,0.2047,146.00,93.00,-400.00,-3600.00,120738.4688,0.00000000
"test5",52,51,311.00,434.00,201,0.1969,143.00,90.00,-333.33,-3000.00,222222.2500,0.00269345
"test5",52,52,310.00,425.00,204,0.1969,143.00,90.00,-333.33,-2333.33,372512.3438,0.02884996
"test5",52,53,309.00,418.00,207,0.1890,140.00,86.00,0.00,-3400.00,113333.3516,0.00000000
"test5",52,54,309.00,401.00,212,0.1732,138.00,81.00,0.00,-2833.33,805555.6250,0.00000000
"test5",52,55,309.00,392.50,215,0.1732,138.00,81.00,0.00,-5250.00,1219773.5000,0.00604686
"test5",52,56,309.00,382.00,217,0.1575,136.00,76.00,-333.33,-2833.33,237739.5000,0.00000000
"test5",52,57,307.00,365.00,223,0.1496,134.00,74.00,-500.00,-4250.00,1044994.6250,0.01116572
"test5",52,58,306.00,356.50,225,0.1496,134.00,74.00,-666.67,-2166.67,420610.9375,0.04005925
"test5",52,59,304.00,350.00,228,0.1417,132.00,72.00,-400.00,-3400.00,118645.0938,0.00119430
"test5",52,60,302.00,333.00,233,0.1339,130.00,68.00,-399.32,-3993.23,497387.2500,0.00000000
"test5",52,61,300.40,317.03,237,0.1339,130.00,68.00,-201.35,-2013.55,693225.4375,0.01700949
"test5",52,62,300.00,313.00,239,0.1181,129.00,63.00,-200.00,-3400.00,189441.9844,0.00250495
"test5",52,63,299.00,296.00,244,0.1102,128.00,58.00,0.00,-2474.15,0.0000,0.00000000
"test5",52,64,299.00,283.63,249,0.1102,128.00,58.00,0.00,-2474.15,0.0000,0.00000000
"test5",52,65,299.00,282.00,249,0.1102,127.00,57.00,-333.33,-2666.67,199451.5781,0.00221105
"test5",52,66,297.00,266.00,255,0.1102,126.00,57.00,-386.22,-3862.21,0.0000,0.00000000
"test5",52,67,295.07,246.69,260,0.1102,126.00,57.00,-386.22,-3862.21,0.0000,0.00000000
"test5",52,68,295.00,246.00,260,0.1102,127.00,57.00,0.00,-3600.00,320000.0000,0.00000000
"test5",52,69,295.00,228.00,265,0.1102,127.00,59.00,0.00,-2000.00,298461.9063,0.00000000
"test5",52,70,295.00,218.00,270,0.1181,126.00,61.00,0.00,-507.69,815671.2500,0.77594697
"test5",52,71,295.00,217.49,271,0.1181,126.00,61.00,-200.00,-1298.46,250869.3906,0.04928335
"test5",52,72,294.00,211.00,276,0.1181,125.00,63.00,-800.00,-2400.00,93785.5469,0.00000030
"test5",52,73,290.00,199.00,281,0.1260,123.00,66.00,-651.70,-1955.14,532194.3750,0.07445737
"test5",52,74,289.35,197.04,282,0.1260,123.00,66.00,-1087.07,-2261.22,298600.7813,0.01984598
"test5",52,75,285.00,188.00,286,0.1339,122.00,71.00,-166.67,-1500.00,161090.7344,0.00000025
"test5",52,76,284.00,179.00,292,0.1417,122.00,75.00,-273.41,-2460.63,1451860.3750,0.07206642
"test5",52,77,283.73,176.54,293,0.1417,122.00,75.00,318.35,-1134.84,26115.1465,0.01098004
"test5",52,78,285.00,172.00,297,0.1417,121.00,78.00,400.00,-1200.00,29199.5352,0.00000060
"test5",52,79,287.00,166.00,302,0.1496,120.00,82.00,353.84,-1061.49,118929.4688,0.09471639
"test5",52,80,287.71,163.88,304,0.1496,120.00,82.00,573.08,-969.25,201939.4375,0.04014227
"test5",52,81,290.00,160.00,308,0.1496,119.00,84.00,0.00,-400.00,2891.8457,0.00000000
"test5",52,82,290.00,158.00,313,0.1496,117.00,85.00,0.00,-414.46,244371.0156,0.97025335
"test5",52,83,290.00,157.17,315,0.1496,117.00,85.00,-333.33,-57.03,112725.4375,0.00000000
"test5",52,84,289.00,157.00,318,0.1496,115.00,85.00,0.00,0.00,0.0000,0.00000000
"test5",52,85,289.00,157.00,324,0.1417,113.00,84.00,0.00,0.00,166666.6719,0.00000000
"test5",52,86,289.00,157.00,326,0.1417,113.00,84.00,0.00,-333.33,111111.1172,0.00000000
"test5",52,87,289.00,156.00,329,0.1417,111.00,84.00,0.00,0.00,0.0000,0.00000000
"test5",52,88,289.00,156.00,334,0.1339,109.00,82.00,0.00,0.00,0.0000,0.00000000
"test5",52,89,289.00,156.00,337,0.1339,109.00,82.00,0.00,0.00,0.0000,0.00000000
"test5",52,90,289.00,156.00,340,0.1260,107.00,81.00,0.00,0.00,0.0000,0.00000000
"test5",52,91,289.00,156.00,345,0.1260,105.00,79.00,0.00,0.00,0.0000,0.00000000
"test5",52,92,289.00,156.00,347,0.1339,109.00,82.00,0.00,0.00,0.0000,0.00000000
"test5",52,93,289.00,156.00,350,0.1260,104.00,78.00,0.00,0.00,0.0000,0.00000000
"test5",52,94,289.00,156.00,355,0.1181,103.00,76.00,0.00,0.00,111111.1172,0.00000000
"test5",52,95,289.00,156.00,358,0.1339,109.00,82.00,-333.33,0.00,111111.1172,0.00000000
"test5",52,96,288.00,156.00,361,0.1181,102.00,75.00,0.00,0.00,0.0000,0.00000000
"test5",52,97,288.00,156.00,365,0.1181,102.00,75.00,0.00,0.00,0.0000,0.00000000
"test5",51,0,521.00,994.00,0,0.1024,97.00,69.00,0.00,0.00,0.0000,0.00000000
"test5",51,1,521.00,994.00,10,0.1339,99.00,90.00,0.00,0.00,0.0000,0.00000000
"test5",51,2,521.00,994.00,15,0.1339,99.00,90.00,0.00,0.00,0.0000,0.00000000
"test5",51,3,521.00,994.00,18,0.1339,99.00,90.00,0.00,0.00,0.0000,0.00000000
"test5",51,4,521.00,994.00,21,0.1339,99.00,90.00,0.00,0.00,0.0000,0.00000000
"test5",51,5,521.00,994.00,26,0.1024,96.00,70.00,0.00,0.00,0.0000,0.00000000
"test5",51,6,521.00,994.00,29,0.1339,99.00,90.00,0.00,0.00,0.0000,0.00000000
"test5",51,7,521.00,994.00,31,0.1339,98.00,89.00,0.00,0.00,0.0000,0.00000000
"test5",51,8,521.00,994.00,37,0.1339,99.00,90.00,0.00,0.00,0.0000,0.00000000
"test5",51,9,521.00,994.00,39,0.1339,99.00,90.00,0.00,0.00,0.0000,0.00000000
"test5",51,10,521.00,994.00,42,0.1339,99.00,90.00,0.00,0.00,0.0000,0.00000000
"test5",51,11,521.00,994.00,47,0.1339,99.00,90.00,0.00,0.00,0.0000,0.00000000
"test5",51,12,521.00,994.00,51,0.1339,99.00,90.00,0.00,0.00,0.0000,0.00000000
"test5",51,13,521.00,994.00,53,0.1024,96.00,69.00,0.00,0.00,0.0000,0.00000000
"test5",51,14,521.00,994.00,58,0.1024,96.00,70.00,0.00,0.00,0.0000,0.00000000
"test5",51,15,521.00,994.00,62,0.1339,99.00,90.00,0.00,0.00,0.0000,0.00000000
"test5",51,16,521.00,994.00,63,0.1024,96.00,70.00,0.00,0.00,0.0000,0.00000000
"test5",51,17,521.00,994.00,68,0.1024,96.00,70.00,0.00,0.00,0.0000,0.00000000
"test5",51,18,521.00,994.00,73,0.1339,99.00,90.00,0.00,0.00,0.0000,0.00000000
"test5",51,19,521.00,994.00,74,0.1024,96.00,70.00,0.00,0.00,0.0000,0.00000000
"test5",51,20,521.00,994.00,79,0.1024,96.00,70.00,0.00,0.00,0.0000,0.00000000
"test5",51,21,521.00,994.00,84,0.1339,99.00,90.00,0.00,0.00,0.0000,0.00000000
"test5",51,22,521.00,994.00,84,0.1024,96.00,70.00,0.00,0.00,0.0000,0.00000000
"test5",51,23,521.00,994.00,90,0.1024,96.00,70.00,0.00,0.00,0.0000,0.00000000
"test5",51,24,521.00,994.00,95,0.1024,96.00,69.00,0.00,0.00,0.0000,0.00000000
"test5",51,25,521.00,994.00,95,0.1339,99.00,90.00,0.00,0.00,0.0000,0.00000000
"test5",51,26,521.00,994.00,100,0.1181,97.00,80.00,0.00,0.00,0.0000,0.00000000
"test5",51,27,521.00,994.00,106,0.1181,98.00,81.00,0.00,0.00,0.0000,0.00000000
"test5",51,28,521.00,994.00,106,0.1339,99.00,90.00,0.00,-600.00,164924.2188,0.11111111
"test5",51,29,521.00,991.00,111,0.2047,136.00,99.00,200.00,-1400.00,124402.2891,0.00000043
"test5",51,30,522.00,984.00,116,0.2126,137.00,100.00,112.03,-784.24,408574.7188,0.39435720
"test5",51,31,522.22,982.43,118,0.2126,137.00,100.00,693.98,-1357.88,162703.2813,0.02126697
"test5",51,32,525.00,977.00,122,0.2126,138.00,100.00,800.00,-2000.00,63106.0391,0.00000073
"test5",51,33,529.00,967.00,127,0.2126,139.00,100.00,682.83,-1707.03,495321.6250,0.09155470
"test5",51,34,530.37,963.59,129,0.2126,139.00,100.00,1544.78,-2195.31,218024.8438,0.01097368
"test5",51,35,535.00,957.00,132,0.2126,141.00,100.00,1000.00,-1833.33,79532.9219,0.00000037
"test5",51,36,541.00,946.00,138,0.2205,142.00,100.00,1228.52,-2252.26,639294.5625,0.02627339
"test5",51,37,543.46,941.50,140,0.2205,142.00,100.00,1514.32,-3498.49,50960.8867,0.00333130
"test5",51,38,548.00,931.00,143,0.2205,146.00,99.00,1400.00,-3600.00,129356.2266,0.00000017
"test5",51,39,555.00,913.00,148,0.2205,150.00,97.00,1165.59,-2997.19,335205.8125,0.01168322
"test5",51,40,558.50,904.01,151,0.2205,150.00,97.00,1167.74,-4002.81,158369.8906,0.00689694
"test5",51,41,562.00,892.00,154,0.2283,156.00,96.00,1600.00,-4200.00,149814.6875,0.00000000
"test5",51,42,570.00,871.00,159,0.2362,160.00,94.00,1333.33,-3500.00,569952.3125,0.01533247
"test5",51,43,574.00,860.50,162,0.2362,160.00,94.00,2500.00,-4750.00,403887.3750,0.00145483
"test5",51,44,579.00,851.00,164,0.2362,164.00,94.00,2200.00,-4000.00,152169.5000,0.00000000
"test5",51,45,590.00,831.00,169,0.2441,166.00,94.00,1833.33,-3333.33,248451.9531,0.00067272
"test5",51,46,595.50,821.00,172,0.2441,166.00,94.00,1500.00,-2666.67,379245.5000,0.01668149
"test5",51,47,600.00,813.00,175,0.2441,168.00,94.00,1600.00,-3800.00,137436.8281,0.00000000
"test5",51,48,608.00,794.00,180,0.2441,167.00,95.00,1333.33,-3166.67,696663.0625,0.01848977
"test5",51,49,612.00,784.50,183,0.2441,167.00,95.00,1500.00,-5250.00,1137278.6250,0.00499144
"test5",51,50,615.00,774.00,185,0.2441,165.00,96.00,1166.67,-3000.00,171386.9375,0.00440887
"test5",51,51,622.00,756.00,191,0.2441,163.00,96.00,1270.45,-4023.07,292413.3125,0.00000020
"test5",51,52,627.08,739.91,195,0.2441,163.00,96.00,918.21,-2907.71,1128047.3750,0.00647558
"test5",51,53,628.00,737.00,196,0.2362,159.00,96.00,1200.00,-4000.00,229936.2500,0.00523235
"test5",51,54,634.00,717.00,201,0.2283,156.00,96.00,1333.79,-2858.13,474245.8750,0.00000047
"test5",51,55,640.67,702.71,206,0.2283,156.00,96.00,331.05,-709.35,2710346.5000,0.13818413
"test5",51,56,641.00,702.00,207,0.2205,151.00,96.00,1400.00,-3200.00,89442.7188,0.00732175
"test5",51,57,648.00,686.00,212,0.2126,147.00,96.00,1000.00,-3400.00,0.0000,0.00000000
"test5",51,58,653.00,669.00,217,0.2126,144.00,95.00,1000.00,-3400.00,0.0000,0.00000000
"test5",51,59,653.18,668.37,217,0.2126,144.00,95.00,802.59,-2895.49,177341.2813,0.01071200
"test5",51,60,658.00,651.00,223,0.2047,141.00,95.00,1600.00,-3600.00,315822.2188,0.00000024
"test5",51,61,666.00,633.00,228,0.1969,138.00,95.00,958.68,-2156.98,2379330.5000,0.12300103
"test5",51,62,666.96,630.84,229,0.1969,138.00,95.00,2510.33,-3960.75,407461.6250,0.00444070
"test5",51,63,677.00,615.00,233,0.1969,135.00,95.00,1333.33,-2833.33,156121.4063,0.00000022
"test5",51,64,685.00,598.00,239,0.1969,134.00,96.00,1732.18,-3680.91,730597.6875,0.00723534
"test5",51,65,686.73,594.32,240,0.1969,134.00,96.00,1316.96,-3079.77,41932.3477,0.00344954
"test5",51,66,692.00,582.00,244,0.1969,132.00,96.00,1200.00,-3200.00,176741.5625,0.00000000
"test5",51,67,698.00,566.00,249,0.1890,130.00,95.00,889.71,-2372.56,514386.2813,0.00455724
"test5",51,68,699.78,561.25,251,0.1890,130.00,95.00,1305.15,-3313.72,124379.2344,0.00544052
"test5",51,69,705.00,548.00,255,0.1811,129.00,93.00,1200.00,-3800.00,30290.5625,0.00000006
"test5",51,70,711.00,529.00,260,0.1811,129.00,92.00,1154.39,-3655.58,248825.3125,0.00398410
"test5",51,71,713.31,521.69,262,0.1811,129.00,92.00,897.07,-3229.61,167932.2500,0.01461203
"test5",51,72,716.00,512.00,265,0.1732,130.00,89.00,1400.00,-3200.00,134308.7344,0.00000011
"test5",51,73,723.00,496.00,270,0.1732,130.00,87.00,1130.84,-2584.76,146344.7969,0.01838320
"test5",51,74,726.39,488.25,273,0.1732,130.00,87.00,1535.83,-2415.24,65194.9648,0.00183052
"test5",51,75,731.00,481.00,276,0.1654,130.00,85.00,1600.00,-2600.00,101762.2266,0.00000000
"test5",51,76,739.00,468.00,281,0.1654,131.00,85.00,1333.33,-2166.67,114530.7188,0.01687009
"test5",51,77,743.00,461.50,284,0.1654,131.00,85.00,1000.00,-2250.00,384147.6875,0.01256098
"test5",51,78,745.00,457.00,286,0.1732,131.00,86.00,833.33,-1500.00,142994.8594,0.00000000
"test5",51,79,750.00,448.00,292,0.1732,130.00,87.00,1250.00,-2250.00,294627.8125,0.01221744
"test5",51,80,752.50,443.50,294,0.1732,130.00,87.00,833.33,-1833.33,218298.7188,0.03401120
"test5",51,81,755.00,438.00,297,0.1732,128.00,88.00,1000.00,-1200.00,52068.3320,0.00000000
"test5",51,82,760.00,432.00,302,0.1654,124.00,88.00,833.33,-1000.00,157134.8438,0.00839586
"test5",51,83,762.50,429.00,305,0.1654,124.00,88.00,500.00,-666.67,149484.7188,0.21119998
"test5",51,84,764.00,427.00,308,0.1575,120.00,87.00,200.00,-1000.00,33993.4648,0.00000000
"test5",51,85,765.00,422.00,313,0.1496,117.00,86.00,166.67,-833.33,335640.1875,0.27154547
"test5",51,86,765.50,419.50,316,0.1496,117.00,86.00,-250.00,-1750.00,626387.3750,0.01508495
"test5",51,87,765.00,416.00,318,0.1417,113.00,85.00,-166.67,-500.00,54789.5586,0.04110537
"test5",51,88,764.00,413.00,324,0.1417,110.00,84.00,0.00,-216.64,20805.3594,0.00000000
"test5",51,89,764.00,412.13,328,0.1417,110.00,84.00,0.00,-133.42,133422.8438,0.00000000
"test5",51,90,764.00,412.00,329,0.1260,107.00,81.00,0.00,0.00,38813.4766,0.00000000
"test5",51,91,764.00,412.00,334,0.1260,104.00,80.00,0.00,194.07,32880.8594,0.00000000
"test5",51,92,764.00,412.97,339,0.1260,104.00,80.00,0.00,29.66,29663.0859,0.00000000
"test5",51,93,764.00,413.00,340,0.1181,102.00,78.00,0.00,0.00,0.0000,0.00000000
"test5",51,94,764.00,413.00,345,0.1181,100.00,77.00,0.00,0.00,0.0000,0.00000000
"test5",51,95,764.00,413.00,350,0.1102,99.00,75.00,0.00,0.00,0.0000,0.00000000
"test5",51,96,764.00,413.00,351,0.1102,99.00,75.00,0.00,0.00,40000.0000,0.00000000
"test5",51,97,764.00,413.00,356,0.1102,98.00,75.00,-200.00,0.00,11936.0352,0.00000000
"test5",51,98,763.00,413.00,361,0.1102,97.00,74.00,-140.32,0.00,140319.8281,0.00000000
"test5",51,99,762.86,413.00,362,0.1102,97.00,74.00,0.00,0.00,0.0000,0.00000000
"test5",51,100,762.86,413.00,366,0.1102,96.00,74.00,0.00,0.00,0.0000,0.00000000
"test5",51,101,762.86,413.00,372,0.1024,96.00,73.00,0.00,0.00,0.0000,0.00000000
"test5",51,102,762.86,413.00,373,0.1102,97.00,74.00,0.00,0.00,0.0000,0.00000000
"test5",51,103,762.86,413.00,376,0.1024,96.00,73.00,0.00,0.00,0.0000,0.00000000
"test5",50,0,694.00,565.00,0,0.1024,94.00,70.00,0.00,0.00,0.0000,0.00000000
"test5",50,1,694.00,565.00,10,0.1024,95.00,70.00,0.00,0.00,0.0000,0.00000000
"test5",50,2,694.00,565.00,11,0.1024,95.00,70.00,0.00,0.00,0.0000,0.00000000
"test5",50,3,694.00,565.00,15,0.1024,95.00,70.00,0.00,0.00,0.0000,0.00000000
"test5",50,4,694.00,565.00,21,0.1024,95.00,70.00,0.00,0.00,0.0000,0.00000000
"test5",50,5,694.00,565.00,22,0.1024,95.00,70.00,0.00,0.00,0.0000,0.00000000
"test5",50,6,694.00,565.00,26,0.0945,95.00,69.00,0.00,0.00,0.0000,0.00000000
"test5",50,7,694.00,565.00,31,0.1024,96.00,69.00,0.00,0.00,0.0000,0.00000000
"test5",50,8,694.00,565.00,33,0.1024,95.00,70.00,0.00,0.00,0.0000,0.00000000
"test5",50,9,694.00,565.00,37,0.1024,96.00,69.00,0.00,0.00,0.0000,0.00000000
"test5",50,10,694.00,565.00,42,0.1024,96.00,69.00,0.00,0.00,0.0000,0.00000000
"test5",50,11,694.00,565.00,44,0.1024,95.00,70.00,0.00,0.00,0.0000,0.00000000
"test5",50,12,694.00,565.00,47,0.1024,96.00,69.00,0.00,0.00,0.0000,0.00000000
"test5",50,13,694.00,565.00,53,0.1024,96.00,69.00,0.00,0.00,0.0000,0.00000000
"test5",50,14,694.00,565.00,55,0.1024,95.00,70.00,0.00,0.00,0.0000,0.00000000
"test5",50,15,694.00,565.00,58,0.1024,96.00,68.00,0.00,0.00,0.0000,0.00000000
"test5",50,16,694.00,565.00,63,0.1024,96.00,68.00,0.00,0.00,0.0000,0.00000000
"test5",50,17,694.00,565.00,66,0.1024,95.00,70.00,0.00,0.00,0.0000,0.00000000
"test5",50,18,694.00,565.00,69,0.1024,96.00,68.00,0.00,0.00,0.0000,0.00000000
"test5",50,19,694.00,565.00,74,0.1024,96.00,68.00,0.00,0.00,0.0000,0.00000000
"test5",50,20,694.00,565.00,77,0.1024,95.00,70.00,0.00,0.00,0.0000,0.00000000
"test5",50,21,694.00,565.00,79,0.0945,96.00,67.00,0.00,0.00,0.0000,0.00000000
"test5",50,22,694.00,565.00,85,0.0945,96.00,67.00,0.00,0.00,0.0000,0.00000000
"test5",50,23,694.00,565.00,87,0.1024,95.00,70.00,0.00,0.00,0.0000,0.00000000
"test5",50,24,694.00,565.00,90,0.0945,96.00,67.00,0.00,0.00,0.0000,0.00000000
"test5",50,25,694.00,565.00,95,0.0945,97.00,66.00,0.00,0.00,0.0000,0.00000000
"test5",50,26,694.00,565.00,99,0.1024,95.00,70.00,0.00,0.00,0.0000,0.00000000
"test5",50,27,694.00,565.00,100,0.0945,98.00,66.00,0.00,0.00,0.0000,0.00000000
"test5",50,28,694.00,565.00,106,0.1260,134.00,60.00,0.00,0.00,790569.4375,0.00000000
"test5",50,29,694.00,565.00,110,0.1024,95.00,70.00,-3000.00,-1000.00,1612451.5000,0.03162277
"test5",50,30,691.00,564.00,111,0.1260,135.00,61.00,-1600.00,-200.00,99188.0156,0.00545401
"test5",50,31,683.00,563.00,116,0.1260,135.00,61.00,-2095.85,-190.53,316318.0938,0.00000105
"test5",50,32,672.52,562.05,121,0.1260,135.00,61.00,-520.75,-47.36,1715874.8750,0.72811139
"test5",50,33,672.00,562.00,122,0.0157,179.00,6.00,-2200.00,-400.00,89442.7188,0.01073313
"test5",50,34,661.00,560.00,127,0.0157,180.00,6.00,-2600.00,-200.00,401859.8750,0.00000014
"test5",50,35,648.00,559.00,132,0.0157,180.00,6.00,-596.62,-45.90,2488281.2500,0.12858994
"test5",50,36,647.40,558.95,133,0.0157,180.00,6.00,-3080.68,-190.82,188564.2969,0.00318978
"test5",50,37,632.00,558.00,138,0.0157,182.00,9.00,-4000.00,-400.00,263638.2188,0.00000045
"test5",50,38,612.00,556.00,143,0.0394,185.00,15.00,-2688.35,-268.80,2395178.0000,0.01021302
"test5",50,39,609.31,555.73,144,0.0394,185.00,15.00,-5077.91,-432.80,229164.2969,0.00020908
"test5",50,40,589.00,554.00,148,0.0551,188.00,21.00,-4166.67,-333.33,290468.7813,0.00000023
"test5",50,41,564.00,552.00,154,0.0709,192.00,27.00,-5903.93,-472.29,1421269.5000,0.00653496
"test5",50,42,558.10,551.53,155,0.0709,192.00,27.00,-4524.02,-131.93,69658.1797,0.00324329
"test5",50,43,540.00,551.00,159,0.1024,195.00,35.00,-4600.00,-400.00,189345.7188,0.00000007
"test5",50,44,517.00,549.00,164,0.1260,196.00,42.00,-3656.83,-317.99,286740.2500,0.02009213
"test5",50,45,509.69,548.36,166,0.1260,196.00,42.00,-3421.58,-841.00,144966.6563,0.00358209
"test5",50,46,496.00,545.00,170,0.1496,195.00,50.00,-4000.00,-800.00,75115.9219,0.00000000
"test5",50,47,476.00,541.00,175,0.2047,156.00,84.00,-4368.29,-873.66,752133.3750,0.01317639
"test5",50,48,467.26,539.25,177,0.2047,156.00,84.00,-3087.81,-84.23,111703.1641,0.01092035
"test5",50,49,458.00,539.00,180,0.2362,159.00,96.00,-3200.00,-400.00,107496.7500,0.00000000
"test5",50,50,442.00,537.00,185,0.2362,159.00,96.00,-2666.67,-333.33,0.0000,0.00000000
"test5",50,51,434.00,536.00,188,0.2362,159.00,96.00,-2666.67,-333.33,49690.4141,0.00572468
"test5",50,52,426.00,535.00,191,0.2362,159.00,96.00,-2600.00,-200.00,86922.6797,0.00000000
"test5",50,53,413.00,534.00,196,0.2283,157.00,96.00,-2166.67,-166.67,492223.5000,0.02165548
"test5",50,54,406.50,533.50,199,0.2283,157.00,96.00,-750.00,250.00,242956.3125,0.29514590
"test5",50,55,405.00,534.00,201,0.2283,153.00,96.00,-1166.67,0.00,97222.2266,0.00000000
"test5",50,56,398.00,534.00,207,0.2205,148.00,97.00,-1750.00,0.00,442922.7500,0.10884355
"test5",50,57,394.50,534.00,209,0.2205,148.00,97.00,-1166.67,-666.67,165178.5469,0.05953668
"test5",50,58,391.00,532.00,212,0.1575,115.00,90.00,-1000.00,-200.00,62858.7305,0.02857084
"test5",50,59,386.00,531.00,217,0.1969,129.00,101.00,-757.55,0.00,68164.8281,0.00000000
"test5",50,60,382.97,531.00,221,0.1969,129.00,101.00,-484.89,0.00,108635.8125,0.42531112
"test5",50,61,382.00,531.00,223,0.1969,129.00,101.00,-400.00,-200.00,61557.2148,0.28351074
"test5",50,62,380.00,530.00,228,0.1969,129.00,101.00,-633.95,0.00,42436.6016,0.00000000
"test5",50,63,377.46,530.00,232,0.1969,129.00,101.00,-464.20,0.00,135797.1250,0.00000000
"test5",50,64,377.00,530.00,233,0.1969,129.00,101.00,-600.00,0.00,57585.4492,0.00000000
"test5",50,65,374.00,530.00,238,0.1969,129.00,101.00,-312.07,0.00,0.0000,0.00000000
"test5",50,66,372.13,530.00,244,0.1969,129.00,101.00,-312.07,0.00,0.0000,0.00000000
"test5",50,67,372.00,530.00,244,0.1811,117.00,101.00,0.00,0.00,0.0000,0.00000000
"test5",50,68,372.00,530.00,249,0.1732,115.00,100.00,0.00,0.00,0.0000,0.00000000
"test5",50,69,372.00,530.00,254,0.1732,115.00,100.00,0.00,0.00,447213.5938,0.00000000
"test5",50,70,372.00,530.00,255,0.1732,115.00,100.00,400.00,200.00,56568.5430,0.08944272
"test5",50,71,374.00,531.00,260,0.1732,113.00,101.00,200.00,0.00,17160.6445,0.00000000
"test5",50,72,375.00,531.00,265,0.1732,113.00,101.00,114.20,0.00,357254.0313,0.00000000
"test5",50,73,375.11,531.00,266,0.1732,113.00,101.00,471.45,0.00,34529.3672,0.00000000
"test5",50,74,377.00,531.00,270,0.1732,113.00,101.00,333.33,0.00,11333.8877,0.00000000
"test5",50,75,379.00,531.00,276,0.1260,108.00,79.00,401.34,0.00,250005.5938,1.55210936
"test5",50,76,379.40,531.00,277,0.1260,108.00,79.00,399.67,-250.00,79986.8906,0.11931577
"test5",50,77,381.00,530.00,281,0.1260,108.00,79.00,200.00,0.00,12692.8711,0.00000000
"test5",50,78,382.00,530.00,286,0.1260,108.00,79.00,136.54,0.00,113779.7109,0.00000000
"test5",50,79,382.27,530.00,288,0.1260,108.00,79.00,-91.02,0.00,0.0000,0.00000000
"test5",50,80,382.00,530.00,291,0.1260,108.00,79.00,-91.02,0.00,0.0000,0.00000000
"test5",49,0,358.00,885.00,0,0.1339,99.00,92.00,0.00,0.00,0.0000,0.00000000
"test5",49,1,358.00,885.00,10,0.1339,99.00,92.00,0.00,0.00,0.0000,0.00000000
"test5",49,2,358.00,885.00,12,0.1339,99.00,92.00,0.00,0.00,0.0000,0.00000000
"test5",49,3,358.00,885.00,15,0.1339,99.00,92.00,0.00,0.00,0.0000,0.00000000
"test5",49,4,358.00,885.00,21,0.1339,99.00,92.00,0.00,0.00,0.0000,0.00000000
"test5",49,5,358.00,885.00,23,0.1339,99.00,92.00,0.00,0.00,0.0000,0.00000000
"test5",49,6,358.00,885.00,26,0.1339,99.00,92.00,0.00,0.00,0.0000,0.00000000
"test5",49,7,358.00,885.00,31,0.1339,99.00,93.00,0.00,0.00,0.0000,0.00000000
"test5",49,8,358.00,885.00,34,0.1339,99.00,92.00,0.00,0.00,0.0000,0.00000000
"test5",49,9,358.00,885.00,37,0.1339,99.00,93.00,0.00,0.00,0.0000,0.00000000
"test5",49,10,358.00,885.00,42,0.1339,99.00,93.00,0.00,0.00,0.0000,0.00000000
"test5",49,11,358.00,885.00,45,0.1339,99.00,92.00,0.00,0.00,0.0000,0.00000000
"test5",49,12,358.00,885.00,47,0.1339,99.00,93.00,0.00,0.00,0.0000,0.00000000
"test5",49,13,358.00,885.00,53,0.1339,99.00,93.00,0.00,0.00,0.0000,0.00000000
"test5",49,14,358.00,885.00,55,0.1339,99.00,92.00,0.00,0.00,0.0000,0.00000000
"test5",49,15,358.00,885.00,58,0.1339,99.00,93.00,0.00,0.00,0.0000,0.00000000
"test5",49,16,358.00,885.00,63,0.1339,99.00,92.00,0.00,0.00,0.0000,0.00000000
"test5",49,17,358.00,885.00,67,0.1339,99.00,92.00,0.00,0.00,0.0000,0.00000000
"test5",49,18,358.00,885.00,69,0.1339,99.00,91.00,0.00,0.00,0.0000,0.00000000
"test5",49,19,358.00,885.00,74,0.1339,99.00,90.00,0.00,0.00,0.0000,0.00000000
"test5",49,20,358.00,885.00,78,0.1339,99.00,92.00,0.00,0.00,0.0000,0.00000000
"test5",49,21,358.00,885.00,79,0.1339,99.00,90.00,0.00,0.00,0.0000,0.00000000
"test5",49,22,358.00,885.00,85,0.1339,100.00,90.00,0.00,0.00,0.0000,0.00000000
"test5",49,23,358.00,885.00,89,0.1339,99.00,92.00,0.00,0.00,600000.0000,0.00000000
"test5",49,24,358.00,885.00,90,0.1417,102.00,90.00,0.00,-600.00,164924.2188,0.11111111
"test5",49,25,358.00,882.00,95,0.1417,103.00,90.00,200.00,-1400.00,0.0000,0.00000000
"test5",49,26,359.00,875.00,100,0.1496,106.00,90.00,200.00,-1400.00,0.0000,0.00000000
"test5",49,27,359.02,874.83,100,0.1496,106.00,90.00,662.66,-1471.94,104435.2656,0.00580987
"test5",49,28,363.00,866.00,106,0.1496,109.00,91.00,1000.00,-2000.00,232311.4063,0.00000109
"test5",49,29,368.00,856.00,111,0.1575,114.00,92.00,480.56,-961.06,1129091.2500,0.07752135
"test5",49,30,368.48,855.04,112,0.1575,114.00,92.00,903.89,-2007.79,126484.3516,0.01201991
"test5",49,31,373.00,845.00,117,0.1732,120.00,93.00,1400.00,-2400.00,46378.0313,0.00000046
"test5",49,32,380.00,833.00,122,0.1811,128.00,93.00,1283.14,-2199.71,1407418.0000,0.01109455
"test5",49,33,381.28,830.80,123,0.1811,128.00,93.00,1929.21,-3450.07,110615.7578,0.00104896
"test5",49,34,389.00,817.00,127,0.1969,136.00,94.00,2200.00,-3800.00,324661.5625,0.00000011
"test5",49,35,400.00,798.00,132,0.2126,145.00,95.00,1386.67,-2395.14,779317.9375,0.00817804
"test5",49,36,402.77,793.21,134,0.2126,145.00,95.00,2056.66,-3802.43,153630.2813,0.00211653
"test5",49,37,411.00,778.00,138,0.2205,154.00,94.00,2200.00,-4400.00,182371.0938,0.00000000
"test5",49,38,422.00,756.00,143,0.2362,162.00,94.00,1792.21,-3584.41,70423.3438,0.00348080
"test5",49,39,425.58,748.83,145,0.2362,162.00,94.00,1853.90,-3457.79,106527.1563,0.00626026
"test5",49,40,433.00,735.00,149,0.2362,167.00,93.00,1600.00,-3800.00,19150.0117,0.00000006
"test5",49,41,441.00,716.00,154,0.2441,170.00,93.00,1637.16,-3888.24,242191.8594,0.00363352
"test5",49,42,444.27,708.22,156,0.2441,170.00,93.00,1575.23,-3407.84,245884.9531,0.00952073
"test5",49,43,449.00,698.00,159,0.2441,171.00,93.00,2200.00,-3800.00,165790.5000,0.00000004
"test5",49,44,460.00,679.00,164,0.2441,172.00,93.00,1784.67,-3082.60,63913.8750,0.00438765
"test5",49,45,465.35,669.75,167,0.2441,172.00,93.00,1882.00,-2917.40,308852.2500,0.01978507
"test5",49,46,471.00,661.00,170,0.2441,171.00,93.00,1600.00,-3800.00,137436.8281,0.00000000
"test5",49,47,479.00,642.00,175,0.2362,167.00,93.00,1333.33,-3166.67,111111.1250,0.00867422
"test5",49,48,483.00,632.50,178,0.2362,167.00,93.00,1000.00,-3166.67,159086.8594,0.00182044
"test5",49,49,486.00,623.00,181,0.2283,162.00,93.00,1200.00,-3600.00,52795.9180,0.00365477
"test5",49,50,492.00,605.00,186,0.2205,158.00,92.00,1456.28,-3536.70,123194.8125,0.00000055
"test5",49,51,496.37,594.39,189,0.2205,158.00,92.00,1315.58,-3194.95,42284.4297,0.00318864
"test5",49,52,499.00,588.00,191,0.2126,153.00,91.00,1400.00,-3200.00,96245.9453,0.00267583
"test5",49,53,506.00,572.00,196,0.2047,148.00,90.00,1069.01,-2850.68,147393.7344,0.00000027
"test5",49,54,510.28,560.60,200,0.2047,148.00,90.00,861.98,-2298.65,672268.4375,0.01165118
"test5",49,55,512.00,556.00,202,0.1969,144.00,90.00,1200.00,-3600.00,124770.6484,0.00855470
"test5",49,56,518.00,538.00,207,0.1969,141.00,90.00,1753.01,-3311.25,405565.7188,0.00000033
"test5",49,57,525.01,524.76,211,0.1969,141.00,90.00,993.99,-1877.50,1036203.1875,0.05874604
"test5",49,58,527.00,521.00,213,0.1890,139.00,91.00,2400.00,-3400.00,129950.1484,0.00164486
"test5",49,59,539.00,504.00,218,0.1890,138.00,91.00,1918.04,-2964.23,0.0000,0.00000000
"test5",49,60,548.59,489.18,223,0.1890,138.00,91.00,1918.04,-2964.23,0.0000,0.00000000
"test5",49,61,550.00,487.00,223,0.1890,137.00,91.00,1400.00,-3600.00,188034.6563,0.00399360
"test5",49,62,557.00,469.00,228,0.1890,137.00,92.00,799.13,-2876.89,0.0000,0.00000000
"test5",49,63,561.79,451.74,234,0.1890,137.00,92.00,799.13,-2876.89,0.0000,0.00000000
"test5",49,64,562.00,451.00,234,0.1890,137.00,92.00,1200.00,-3400.00,164924.2188,0.01263010
"test5",49,65,568.00,434.00,239,0.1890,136.00,93.00,2000.00,-3200.00,598133.3125,0.00000055
"test5",49,66,578.00,418.00,244,0.1890,136.00,93.00,414.92,-663.94,3180351.2500,0.34552208
"test5",49,67,578.41,417.34,245,0.1890,136.00,93.00,1917.02,-3467.21,122972.2031,0.00781687
"test5",49,68,588.00,400.00,250,0.1890,137.00,93.00,1400.00,-3800.00,429889.6563,0.00000004
"test5",49,69,595.00,381.00,255,0.1969,138.00,93.00,656.92,-1783.08,1499069.8750,0.09026961
"test5",49,70,595.66,379.22,256,0.1969,138.00,93.00,1468.62,-3043.38,127991.3125,0.00566755
"test5",49,71,603.00,364.00,261,0.1969,138.00,93.00,2000.00,-3400.00,78525.4844,0.00000040
"test5",49,72,613.00,347.00,266,0.1969,138.00,93.00,2199.10,-3738.40,1084746.7500,0.03436605
"test5",49,73,615.20,343.26,267,0.1969,138.00,93.00,1200.23,-3315.40,178288.3906,0.00090875
"test5",49,74,620.00,330.00,271,0.1969,139.00,92.00,1400.00,-4000.00,230014.8906,0.00000010
"test5",49,75,627.00,310.00,276,0.1890,139.00,91.00,1020.08,-2914.49,186476.4688,0.00494891
"test5",49,76,629.04,304.17,278,0.1890,139.00,91.00,989.96,-2542.76,121013.4219,0.00969612
"test5",49,77,633.00,294.00,282,0.1890,138.00,90.00,1400.00,-2800.00,40618.8086,0.00000000
"test5",49,78,640.00,280.00,287,0.1890,138.00,90.00,1309.17,-2618.35,752570.2500,0.03479039
"test5",49,79,642.62,274.76,289,0.1890,138.00,90.00,2460.55,-3587.77,385192.1563,0.01383781
"test5",49,80,650.00,264.00,292,0.1890,138.00,90.00,1333.33,-3333.33,229079.1719,0.00000015
"test5",49,81,658.00,244.00,298,0.1890,139.00,90.00,1843.81,-4609.50,1073626.8750,0.00125541
"test5",49,82,661.69,234.78,300,0.1890,139.00,90.00,1104.13,-2593.67,179029.3750,0.01574905
"test5",49,83,665.00,227.00,303,0.1890,139.00,90.00,1600.00,-2800.00,107496.7813,0.00000000
"test5",49,84,673.00,213.00,308,0.1890,138.00,88.00,1333.33,-2333.33,248451.9844,0.01908227
"test5",49,85,677.00,206.00,311,0.1890,138.00,88.00,666.67,-2000.00,228791.7813,0.00948683
"test5",49,86,679.00,200.00,314,0.1811,137.00,87.00,1000.00,-2600.00,103028.6641,0.01241590
"test5",49,87,684.00,187.00,319,0.1732,136.00,85.00,1515.14,-2597.39,190430.7656,0.00000062
"test5",49,88,688.55,179.21,322,0.1732,136.00,85.00,1227.29,-2103.91,138644.1250,0.00707676
"test5",49,89,691.00,175.00,324,0.1732,135.00,84.00,1166.67,-1833.33,66650.9922,0.00535852
"test5",49,90,698.00,164.00,330,0.1732,133.00,84.00,1237.20,-2226.97,407028.6563,0.00000021
"test5",49,91,701.71,157.32,333,0.1732,133.00,84.00,644.20,-1159.55,181126.0000,0.03864028
"test5",49,92,703.00,155.00,335,0.1575,131.00,81.00,600.00,-800.00,128243.4609,0.01316992
"test5",49,93,706.00,151.00,340,0.1496,128.00,78.00,164.62,-329.25,5480.9868,0.00000000
"test5",49,94,706.82,149.35,345,0.1496,128.00,78.00,176.88,-353.76,51698.1523,0.00000000
"test5",49,95,707.00,149.00,346,0.1417,124.00,74.00,200.00,-400.00,40487.6016,0.16487725
"test5",49,96,708.00,147.00,351,0.1260,121.00,70.00,0.00,-368.68,0.0000,0.00000000
"test5",49,97,708.00,145.16,356,0.1260,121.00,70.00,0.00,-368.68,0.0000,0.00000000
"test5",49,98,708.00,145.00,356,0.1181,118.00,67.00,0.00,0.00,0.0000,0.00000000
"test5",49,99,708.00,145.00,362,0.1181,115.00,66.00,0.00,0.00,0.0000,0.00000000
"test5",49,100,708.00,145.00,367,0.1181,115.00,66.00,0.00,0.00,0.0000,0.00000000
"test5",49,101,708.00,145.00,367,0.1102,112.00,66.00,0.00,0.00,0.0000,0.00000000
"test5",49,102,708.00,145.00,372,0.1102,110.00,68.00,0.00,0.00,0.0000,0.00000000
"test5",49,103,708.00,145.00,377,0.1181,108.00,70.00,0.00,0.00,0.0000,0.00000000
"test5",49,104,708.00,145.00,378,0.1181,115.00,66.00,0.00,0.00,40000.0000,0.00000000
"test5",49,105,708.00,145.00,383,0.1102,105.00,72.00,-200.00,0.00,7370.6055,0.00000000
"test5",49,106,707.00,145.00,388,0.1181,104.00,74.00,-163.15,0.00,163146.9688,0.00000000
"test5",49,107,706.84,145.00,389,0.1181,104.00,74.00,0.00,0.00,33474.1211,0.00000000
"test5",49,108,706.84,145.00,394,0.1181,102.00,75.00,-167.37,0.00,11643.0664,0.00000000
"test5",49,109,706.00,145.00,399,0.1181,102.00,78.00,-225.59,0.00,252037.4375,4.91265154
"test5",49,110,705.77,145.00,400,0.1181,102.00,78.00,-193.60,-250.00,79049.9531,0.00000000
"test5",49,111,705.00,144.00,404,0.1181,100.00,78.00,0.00,0.00,0.0000,0.00000000
"test5",49,112,705.00,144.00,409,0.1181,100.00,78.00,0.00,0.00,0.0000,0.00000000
"test5",48,0,297.00,708.00,0,0.1181,103.00,78.00,0.00,0.00,0.0000,0.00000000
"test5",48,1,297.00,708.00,10,0.1181,103.00,78.00,0.00,0.00,0.0000,0.00000000
"test5",48,2,297.00,708.00,15,0.1181,102.00,78.00,0.00,0.00,0.0000,0.00000000
"test5",48,3,297.00,708.00,16,0.1181,102.00,78.00,0.00,0.00,0.0000,0.00000000
"test5",48,4,297.00,708.00,20,0.1181,102.00,78.00,0.00,0.00,0.0000,0.00000000
"test5",48,5,297.00,708.00,26,0.1181,102.00,78.00,0.00,0.00,0.0000,0.00000000
"test5",48,6,297.00,708.00,27,0.1181,102.00,78.00,0.00,0.00,0.0000,0.00000000
"test5",48,7,297.00,708.00,31,0.1181,101.00,78.00,0.00,0.00,0.0000,0.00000000
"test5",48,8,297.00,708.00,36,0.1181,101.00,78.00,0.00,0.00,0.0000,0.00000000
"test5",48,9,297.00,708.00,38,0.1181,102.00,78.00,0.00,0.00,0.0000,0.00000000
"test5",48,10,297.00,708.00,42,0.1181,100.00,78.00,0.00,0.00,0.0000,0.00000000
"test5",48,11,297.00,708.00,47,0.1181,100.00,78.00,0.00,0.00,0.0000,0.00000000
"test5",48,12,297.00,708.00,49,0.1181,102.00,78.00,0.00,0.00,0.0000,0.00000000
"test5",48,13,297.00,708.00,52,0.1181,99.00,78.00,0.00,0.00,0.0000,0.00000000
"test5",48,14,297.00,708.00,58,0.1181,99.00,78.00,0.00,0.00,0.0000,0.00000000
"test5",48,15,297.00,708.00,60,0.1181,102.00,78.00,0.00,0.00,0.0000,0.00000000
"test5",48,16,297.00,708.00,63,0.1181,99.00,78.00,0.00,0.00,0.0000,0.00000000
"test5",48,17,297.00,708.00,68,0.1102,98.00,77.00,0.00,0.00,0.0000,0.00000000
"test5",48,18,297.00,708.00,71,0.1181,102.00,78.00,0.00,0.00,0.0000,0.00000000
"test5",48,19,297.00,708.00,74,0.1102,98.00,76.00,0.00,0.00,0.0000,0.00000000
"test5",48,20,297.00,708.00,79,0.0394,113.00,27.00,0.00,0.00,0.0000,0.00000000
"test5",48,21,297.00,708.00,81,0.1181,102.00,78.00,0.00,0.00,0.0000,0.00000000
"test5",48,22,297.00,708.00,84,0.0394,113.00,27.00,0.00,0.00,0.0000,0.00000000
"test5",48,23,297.00,708.00,90,0.0472,113.00,30.00,0.00,0.00,0.0000,0.00000000
"test5",48,24,297.00,708.00,92,0.1181,102.00,78.00,0.00,0.00,200000.0000,0.00000000
"test5",48,25,297.00,708.00,95,0.0551,112.00,35.00,0.00,-600.00,150379.6406,0.00000000
"test5",48,26,297.00,705.00,100,0.0630,113.00,40.00,0.00,-1351.90,138923.6406,0.00000000
"test5",48,27,297.00,699.59,104,0.0630,113.00,40.00,0.00,-796.20,701898.1875,0.00000000
"test5",48,28,297.00,698.00,106,0.0787,116.00,45.00,0.00,-2200.00,43491.2109,0.00000000
"test5",48,29,297.00,687.00,111,0.0866,120.00,50.00,0.00,-2417.46,0.0000,0.00000000
"test5",48,30,297.00,674.91,116,0.0866,120.00,50.00,0.00,-2417.46,0.0000,0.00000000
"test5",48,31,297.00,673.00,116,0.1024,126.00,55.00,0.00,-2166.67,124794.5703,0.01332358
"test5",48,32,297.00,660.00,122,0.1181,132.00,60.00,375.28,-2814.60,0.0000,0.00000000
"test5",48,33,298.88,645.93,127,0.1181,132.00,60.00,375.28,-2814.60,0.0000,0.00000000
"test5",48,34,299.00,645.00,127,0.1339,139.00,63.00,200.00,-3600.00,59628.4961,0.00227569
"test5",48,35,300.00,627.00,132,0.1417,147.00,63.00,333.33,-3333.33,0.0000,0.00000000
"test5",48,36,302.00,607.00,138,0.1496,154.00,63.00,333.33,-3333.33,0.0000,0.00000000
"test5",48,37,302.05,606.50,138,0.1496,154.00,63.00,390.06,-3900.54,19991.7207,0.00000005
"test5",48,38,304.00,587.00,143,0.1496,161.00,63.00,400.00,-4000.00,316708.4688,0.00000000
"test5",48,39,306.00,567.00,148,0.1654,166.00,64.00,242.43,-2424.32,1855476.6250,0.08800323
"test5",48,40,306.24,564.58,149,0.1654,166.00,64.00,939.39,-4143.92,253026.6094,0.00570293
"test5",48,41,310.00,548.00,153,0.1654,171.00,65.00,333.33,-3333.33,69279.6484,0.00000000
"test5",48,42,312.00,528.00,159,0.1732,172.00,66.00,374.69,-3746.95,473039.8750,0.03333160
"test5",48,43,312.37,524.25,160,0.1732,172.00,66.00,-93.67,-3813.26,105936.6016,0.00143467
"test5",48,44,312.00,509.00,164,0.1732,171.00,67.00,0.00,-3400.00,169843.7500,0.00000000
"test5",48,45,312.00,492.00,169,0.1732,169.00,69.00,0.00,-2550.78,419536.7500,0.03842320
"test5",48,46,312.00,486.90,171,0.1732,169.00,69.00,500.00,-3224.61,162225.6094,0.00903030
"test5",48,47,314.00,474.00,175,0.1811,167.00,72.00,200.00,-3800.00,53176.5859,0.00000008
"test5",48,48,315.00,455.00,180,0.1890,164.00,74.00,186.02,-3534.48,270161.5625,0.01328561
"test5",48,49,315.37,447.93,182,0.1890,164.00,74.00,-124.01,-3977.01,438732.8750,0.00174990
"test5",48,50,315.00,436.00,185,0.1890,160.00,76.00,0.00,-2666.67,202477.3438,0.00000000
"test5",48,51,315.00,420.00,191,0.1890,156.00,78.00,0.00,-3881.53,658535.8750,0.02212446
"test5",48,52,315.00,412.24,193,0.1890,156.00,78.00,666.67,-2745.65,415813.3125,0.03743867
"test5",48,53,317.00,404.00,196,0.1890,152.00,81.00,0.00,-3800.00,126666.6484,0.00000000
"test5",48,54,317.00,385.00,201,0.1890,149.00,83.00,0.00,-3166.67,222222.2500,0.00000000
"test5",48,55,317.00,375.50,204,0.1890,149.00,83.00,0.00,-2500.00,166666.6719,0.00000000
"test5",48,56,317.00,368.00,207,0.1890,145.00,85.00,0.00,-3000.00,223819.8281,0.01523370
"test5",48,57,317.00,353.00,212,0.1890,142.00,87.00,685.52,-3884.56,410041.9688,0.00000025
"test5",48,58,319.06,341.35,215,0.1890,142.00,87.00,471.73,-2673.16,467838.8750,0.00235783
"test5",48,59,320.00,336.00,217,0.1969,140.00,90.00,600.00,-3600.00,110465.1797,0.00515895
"test5",48,60,323.00,318.00,222,0.1890,138.00,91.00,189.99,-3229.92,297953.6875,0.00000003
"test5",48,61,323.76,305.08,226,0.1890,138.00,91.00,120.01,-2040.16,583015.6250,0.02249547
"test5",48,62,324.00,301.00,228,0.1969,138.00,93.00,0.00,-3200.00,149126.7813,0.00660253
"test5",48,63,324.00,285.00,233,0.1969,136.00,94.00,338.05,-2535.40,0.0000,0.00000000
"test5",48,64,325.69,272.32,238,0.1969,136.00,94.00,338.05,-2535.40,0.0000,0.00000000
"test5",48,65,326.00,270.00,238,0.1969,135.00,96.00,666.67,-2166.67,81035.3438,0.01395650
"test5",48,66,330.00,257.00,244,0.1969,135.00,96.00,188.81,-2076.90,0.0000,0.00000000
"test5",48,67,330.94,246.62,249,0.1969,135.00,96.00,188.81,-2076.90,0.0000,0.00000000
"test5",48,68,331.00,246.00,249,0.2047,135.00,98.00,0.00,-1800.00,42687.5039,0.01028807
"test5",48,69,331.00,237.00,254,0.2047,134.00,99.00,166.67,-1666.67,0.0000,0.00000000
"test5",48,70,332.00,227.00,260,0.1969,132.00,99.00,166.67,-1666.67,0.0000,0.00000000
"test5",48,71,332.03,226.71,260,0.1969,132.00,99.00,-5.81,-1541.87,28397.8125,0.00044384
"test5",48,72,332.00,219.00,265,0.1890,129.00,96.00,0.00,-1400.00,109101.5625,0.00000000
"test5",48,73,332.00,212.00,270,0.1732,125.00,93.00,0.00,-854.49,25390.6250,0.00000000
"test5",48,74,332.00,211.15,271,0.1732,125.00,93.00,0.00,-829.10,94684.3516,0.05818949
"test5",48,75,332.00,207.00,276,0.1654,122.00,90.00,200.00,-400.00,4017.9346,0.00000000
"test5",48,76,333.00,205.00,281,0.1575,119.00,87.00,208.98,-417.97,377460.3438,0.51198518
"test5",48,77,333.21,204.58,282,0.1575,119.00,87.00,-52.25,-145.51,38650.8242,0.00000000
"test5",48,78,333.00,204.00,286,0.1496,116.00,87.00,0.00,0.00,0.0000,0.00000000
"test5",48,79,333.00,204.00,292,0.1496,114.00,87.00,0.00,0.00,250000.0000,0.00000000
"test5",48,80,333.00,204.00,293,0.1496,114.00,87.00,250.00,0.00,37500.0000,0.00000000
"test5",48,81,334.00,204.00,297,0.1496,112.00,89.00,400.00,0.00,4114.9902,0.00000000
"test5",48,82,336.00,204.00,302,0.1496,111.00,90.00,379.43,0.00,189712.5313,0.00000000
"test5",48,83,336.76,204.00,304,0.1496,111.00,90.00,0.00,0.00,0.0000,0.00000000
"test5",48,84,336.76,204.00,308,0.1496,110.00,90.00,0.00,0.00,0.0000,0.00000000
"test5",48,85,336.76,204.00,313,0.1496,109.00,91.00,0.00,0.00,489082.2813,0.00000000
"test5",48,86,336.76,204.00,315,0.1496,111.00,90.00,-919.62,-333.33,326054.8750,0.00000000
"test5",48,87,334.00,203.00,318,0.1496,109.00,93.00,0.00,0.00,0.0000,0.00000000
"test5",48,88,334.00,203.00,323,0.1575,108.00,94.00,0.00,0.00,222222.2344,0.00000000
"test5",48,89,334.00,203.00,326,0.1575,108.00,94.00,666.67,0.00,222222.2344,0.00000000
"test5",48,90,336.00,203.00,329,0.1575,108.00,96.00,0.00,0.00,0.0000,0.00000000
"test5",48,91,336.00,203.00,333,0.1575,108.00,96.00,0.00,0.00,0.0000,0.00000000
"test5",47,0,564.00,555.00,0,0.1339,106.00,82.00,0.00,0.00,0.0000,0.00000000
"test5",47,1,564.00,555.00,10,0.1339,107.00,82.00,0.00,0.00,0.0000,0.00000000
"test5",47,2,564.00,555.00,15,0.0079,116.00,6.00,0.00,0.00,0.0000,0.00000000
"test5",47,3,564.00,555.00,21,0.0945,109.00,60.00,0.00,0.00,0.0000,0.00000000
"test5",47,4,564.00,555.00,24,0.0945,109.00,60.00,0.00,0.00,0.0000,0.00000000
"test5",47,5,564.00,555.00,31,0.1024,110.00,60.00,0.00,0.00,0.0000,0.00000000
"test5",47,6,564.00,555.00,36,0.0945,109.00,60.00,0.00,0.00,0.0000,0.00000000
"test5",47,7,564.00,555.00,37,0.0945,109.00,60.00,0.00,0.00,0.0000,0.00000000
"test5",47,8,564.00,555.00,42,0.0079,114.00,6.00,0.00,0.00,0.0000,0.00000000
"test5",47,9,564.00,555.00,45,0.0945,109.00,60.00,0.00,0.00,0.0000,0.00000000
"test5",47,10,564.00,555.00,58,0.0787,87.00,62.00,0.00,0.00,0.0000,0.00000000
"test5",47,11,564.00,555.00,58,0.0945,109.00,60.00,0.00,0.00,0.0000,0.00000000
"test5",47,12,564.00,555.00,63,0.0787,88.00,62.00,0.00,0.00,0.0000,0.00000000
"test5",47,13,564.00,555.00,68,0.0787,89.00,62.00,0.00,0.00,0.0000,0.00000000
"test5",47,14,564.00,555.00,69,0.0945,109.00,60.00,0.00,0.00,0.0000,0.00000000
"test5",47,15,564.00,555.00,74,0.0866,91.00,62.00,0.00,0.00,0.0000,0.00000000
"test5",47,16,564.00,555.00,79,0.0866,93.00,62.00,0.00,0.00,0.0000,0.00000000
"test5",47,17,564.00,555.00,80,0.0945,109.00,60.00,0.00,0.00,0.0000,0.00000000
"test5",47,18,564.00,555.00,85,0.0866,96.00,63.00,0.00,0.00,0.0000,0.00000000
"test5",47,19,564.00,555.00,90,0.0945,99.00,63.00,0.00,0.00,0.0000,0.00000000
"test5",47,20,564.00,555.00,91,0.0945,109.00,60.00,0.00,0.00,100000.0000,0.00000000
"test5",47,21,564.00,555.00,95,0.1732,127.00,88.00,0.00,-400.00,80.5664,0.00000000
"test5",47,22,564.00,553.00,100,0.1732,128.00,88.00,0.00,-399.60,575302.1250,0.00000000
"test5",47,23,564.00,552.20,102,0.1732,128.00,88.00,0.00,-1550.20,62449.6445,0.00000000
"test5",47,24,564.00,546.00,106,0.1732,129.00,89.00,0.00,-1800.00,60000.0000,0.00000000
"test5",47,25,564.00,537.00,111,0.1732,129.00,88.00,0.00,-1500.00,416666.6563,0.00000000
"test5",47,26,564.00,532.50,114,0.1732,129.00,88.00,0.00,-2750.00,458333.3125,0.00000000
"test5",47,27,564.00,527.00,116,0.1811,132.00,88.00,0.00,-1833.33,152777.7656,0.00000000
"test5",47,28,564.00,516.00,122,0.1811,133.00,89.00,0.00,-2750.00,41666.6250,0.00000000
"test5",47,29,564.00,510.50,124,0.1811,133.00,89.00,0.00,-2833.33,122222.2500,0.00000000
"test5",47,30,564.00,502.00,127,0.1811,136.00,89.00,0.00,-3200.00,106666.6484,0.00000000
"test5",47,31,564.00,486.00,132,0.1890,141.00,89.00,0.00,-2666.67,333333.3438,0.00000000
"test5",47,32,564.00,478.00,135,0.1890,141.00,89.00,0.00,-3666.67,44444.4180,0.00000000
"test5",47,33,564.00,467.00,138,0.1969,144.00,89.00,0.00,-3800.00,3262.9395,0.00000000
"test5",47,34,564.00,448.00,143,0.1969,148.00,89.00,0.00,-3816.31,229606.6250,0.00000000
"test5",47,35,564.00,432.73,147,0.1969,148.00,89.00,0.00,-4734.74,734741.1875,0.00000000
"test5",47,36,564.00,428.00,148,0.2047,151.00,89.00,0.00,-4000.00,136347.6563,0.00000000
"test5",47,37,564.00,408.00,153,0.2126,154.00,89.00,0.00,-3318.26,18085.9375,0.00000000
"test5",47,38,564.00,391.41,158,0.2126,154.00,89.00,0.00,-3408.69,391308.5938,0.00000000
"test5",47,39,564.00,388.00,159,0.2126,156.00,89.00,0.00,-3800.00,104545.8984,0.00000000
"test5",47,40,564.00,369.00,164,0.2126,156.00,89.00,0.00,-3277.27,332724.6250,0.00000000
"test5",47,41,564.00,352.61,169,0.2126,156.00,89.00,0.00,-1613.65,1996395.7500,0.07680910
"test5",47,42,564.00,351.00,170,0.2126,154.00,90.00,200.00,-3600.00,40095.6953,0.00306037
"test5",47,43,565.00,333.00,175,0.2126,153.00,90.00,0.00,-3586.16,0.0000,0.00000000
"test5",47,44,565.00,315.07,180,0.2126,153.00,90.00,0.00,-3586.16,0.0000,0.00000000
"test5",47,45,565.00,315.00,180,0.2047,150.00,90.00,0.00,-3000.00,268741.9375,0.00370370
"test5",47,46,565.00,300.00,185,0.2047,147.00,90.00,166.67,-1666.67,0.0000,0.00000000
"test5",47,47,566.00,290.00,191,0.1969,144.00,91.00,166.67,-1666.67,0.0000,0.00000000
"test5",47,48,566.08,289.23,191,0.1969,144.00,91.00,-15.39,-1246.12,110819.1406,0.00286319
"test5",47,49,566.00,283.00,196,0.1969,139.00,92.00,0.00,-1800.00,19228.5156,0.00000000
"test5",47,50,566.00,274.00,201,0.1890,135.00,92.00,0.00,-1703.86,44628.9063,0.00000000
"test5",47,51,566.00,272.30,202,0.1890,135.00,92.00,0.00,-1659.23,11845.7031,0.00000000
"test5",47,52,566.00,264.00,207,0.1811,131.00,90.00,0.00,-1600.00,117304.6875,0.00000000
"test5",47,53,566.00,256.00,212,0.1732,127.00,90.00,0.00,-2186.52,1483154.2500,0.00000000
"test5",47,54,566.00,253.81,213,0.1732,127.00,90.00,0.00,-703.37,50842.2852,0.00000000
"test5",47,55,566.00,251.00,217,0.1654,125.00,88.00,0.00,-500.00,10314.9414,0.00000000
"test5",47,56,566.00,248.00,223,0.1575,123.00,87.00,0.00,-561.89,134908.0313,0.00000000
"test5",47,57,566.00,246.88,225,0.1575,123.00,87.00,0.00,-292.07,30691.1934,0.00000000
"test5",47,58,566.00,246.00,228,0.1575,121.00,84.00,0.00,-200.00,9474.2832,0.00000000
"test5",47,59,566.00,245.00,233,0.1496,120.00,82.00,0.00,-152.63,9358.7236,0.00000000
"test5",47,60,566.00,244.54,236,0.1496,120.00,82.00,0.00,-180.70,6431.7476,0.00000000
"test5",47,61,566.00,244.00,239,0.1417,118.00,80.00,0.00,-200.00,6666.6655,0.00000000
"test5",47,62,566.00,243.00,244,0.1417,117.00,78.00,0.00,-166.67,27777.7773,0.00000000
"test5",47,63,566.00,242.50,247,0.1417,117.00,78.00,0.00,-250.00,150231.3125,1.33333337
"test5",47,64,566.00,242.00,249,0.1339,116.00,75.00,166.67,0.00,13888.8887,0.00000000
"test5",47,65,567.00,242.00,255,0.1260,115.00,74.00,250.00,0.00,125000.0000,0.00000000
"test5",47,66,567.50,242.00,257,0.1260,115.00,74.00,0.00,0.00,0.0000,0.00000000
"test5",47,67,567.50,242.00,260,0.1260,114.00,72.00,0.00,0.00,0.0000,0.00000000
"test5",47,68,567.50,242.00,265,0.1181,113.00,71.00,0.00,0.00,0.0000,0.00000000
"test5",47,69,567.50,242.00,268,0.1260,115.00,74.00,0.00,0.00,0.0000,0.00000000
"test5",47,70,567.50,242.00,270,0.1181,112.00,70.00,0.00,0.00,0.0000,0.00000000
"test5",47,71,567.50,242.00,276,0.1181,112.00,69.00,0.00,0.00,0.0000,0.00000000
"test5",47,72,567.50,242.00,280,0.1181,112.00,69.00,0.00,0.00,0.0000,0.00000000
"test5",46,0,434.00,739.00,0,0.1024,105.00,65.00,0.00,0.00,0.0000,0.00000000
"test5",46,1,434.00,739.00,10,0.1024,105.00,66.00,0.00,0.00,0.0000,0.00000000
"test5",46,2,434.00,739.00,13,0.1024,105.00,66.00,0.00,0.00,0.0000,0.00000000
"test5",46,3,434.00,739.00,16,0.1024,105.00,67.00,0.00,0.00,0.0000,0.00000000
"test5",46,4,434.00,739.00,21,0.1102,105.00,70.00,0.00,0.00,0.0000,0.00000000
"test5",46,5,434.00,739.00,23,0.1024,105.00,66.00,0.00,0.00,0.0000,0.00000000
"test5",46,6,434.00,739.00,26,0.1102,105.00,73.00,0.00,0.00,0.0000,0.00000000
"test5",46,7,434.00,739.00,32,0.1181,104.00,77.00,0.00,0.00,0.0000,0.00000000
"test5",46,8,434.00,739.00,35,0.1024,105.00,66.00,0.00,0.00,0.0000,0.00000000
"test5",46,9,434.00,739.00,37,0.1260,104.00,80.00,0.00,0.00,0.0000,0.00000000
"test5",46,10,434.00,739.00,42,0.1339,103.00,84.00,0.00,0.00,0.0000,0.00000000
"test5",46,11,434.00,739.00,45,0.1024,105.00,66.00,0.00,0.00,0.0000,0.00000000
"test5",46,12,434.00,739.00,48,0.1339,103.00,87.00,0.00,0.00,0.0000,0.00000000
"test5",46,13,434.00,739.00,53,0.1339,103.00,89.00,0.00,0.00,0.0000,0.00000000
"test5",46,14,434.00,739.00,58,0.1024,105.00,66.00,0.00,0.00,0.0000,0.00000000
"test5",46,15,434.00,739.00,58,0.1417,102.00,91.00,0.00,0.00,0.0000,0.00000000
"test5",46,16,434.00,739.00,64,0.1417,102.00,93.00,0.00,0.00,0.0000,0.00000000
"test5",46,17,434.00,739.00,66,0.1024,105.00,66.00,0.00,0.00,0.0000,0.00000000
"test5",46,18,434.00,739.00,69,0.1417,102.00,93.00,0.00,0.00,0.0000,0.00000000
"test5",46,19,434.00,739.00,74,0.1496,102.00,94.00,0.00,0.00,0.0000,0.00000000
"test5",46,20,434.00,739.00,80,0.1496,102.00,94.00,0.00,0.00,0.0000,0.00000000
"test5",46,21,434.00,739.00,80,0.1024,105.00,66.00,0.00,0.00,0.0000,0.00000000
"test5",46,22,434.00,739.00,85,0.1496,102.00,95.00,0.00,0.00,0.0000,0.00000000
"test5",46,23,434.00,739.00,90,0.1496,102.00,95.00,0.00,0.00,0.0000,0.00000000
"test5",46,24,434.00,739.00,91,0.1024,105.00,66.00,0.00,0.00,0.0000,0.00000000
"test5",46,25,434.00,739.00,96,0.1496,102.00,95.00,0.00,0.00,0.0000,0.00000000
"test5",46,26,434.00,739.00,101,0.1496,102.00,94.00,0.00,0.00,0.0000,0.00000000
"test5",46,27,434.00,739.00,102,0.1024,105.00,66.00,0.00,0.00,0.0000,0.00000000
"test5",46,28,434.00,739.00,106,0.1417,103.00,93.00,0.00,0.00,0.0000,0.00000000
"test5",46,29,434.00,739.00,111,0.1496,104.00,93.00,0.00,0.00,395284.7188,0.00000000
"test5",46,30,434.00,739.00,113,0.1024,105.00,66.00,-250.00,-750.00,197642.3594,0.25298220
"test5",46,31,433.00,736.00,117,0.1417,105.00,91.00,200.00,-1400.00,10251.8398,0.00000043
"test5",46,32,434.00,729.00,122,0.1496,107.00,91.00,207.24,-1450.74,203155.1406,0.06585243
"test5",46,33,434.41,726.10,124,0.1496,107.00,91.00,528.50,-1699.50,64117.5273,0.00970134
"test5",46,34,436.00,721.00,127,0.1496,110.00,90.00,666.67,-1833.33,151524.2500,0.00000023
"test5",46,35,440.00,710.00,133,0.1575,114.00,90.00,977.36,-2687.74,432490.7188,0.00000044
"test5",46,36,441.95,704.62,135,0.1575,114.00,90.00,681.76,-1874.84,297102.8438,0.02003570
"test5",46,37,444.00,699.00,138,0.1654,120.00,90.00,1200.00,-2600.00,95452.1250,0.00000000
"test5",46,38,450.00,686.00,143,0.1732,128.00,90.00,1000.00,-2166.67,555555.5000,0.04088372
"test5",46,39,453.00,679.50,146,0.1732,128.00,90.00,1000.00,-3833.33,207572.6875,0.01143717
"test5",46,40,456.00,668.00,149,0.1890,136.00,91.00,1600.00,-4000.00,110291.7891,0.00098946
"test5",46,41,464.00,648.00,154,0.2047,145.00,92.00,1483.31,-3461.03,1004966.2500,0.00000086
"test5",46,42,469.93,634.16,158,0.2047,145.00,92.00,3066.77,-7155.88,4070895.2500,0.00361084
"test5",46,43,473.00,627.00,159,0.2126,153.00,93.00,1666.67,-3333.33,310565.0313,0.00000000
"test5",46,44,483.00,607.00,165,0.2362,160.00,94.00,2500.00,-5000.00,1238839.0000,0.00477028
"test5",46,45,488.00,597.00,167,0.2362,160.00,94.00,1666.67,-2666.67,248451.9531,0.00928986
"test5",46,46,493.00,589.00,170,0.2362,165.00,95.00,1800.00,-3400.00,216439.6563,0.00492358
"test5",46,47,502.00,572.00,175,0.2441,167.00,96.00,1001.21,-2669.87,4111.8804,0.00000084
"test5",46,48,507.01,558.65,180,0.2441,167.00,96.00,993.96,-2650.63,535655.2500,0.03213498
"test5",46,49,508.00,556.00,181,0.2441,167.00,96.00,1400.00,-3000.00,198109.1719,0.00496522
"test5",46,50,515.00,541.00,186,0.2441,165.00,96.00,750.66,-2251.98,0.0000,0.00000000
"test5",46,51,518.75,529.74,191,0.2441,165.00,96.00,750.66,-2251.98,0.0000,0.00000000
"test5",46,52,519.00,529.00,191,0.2441,162.00,96.00,800.00,-2200.00,226764.6875,0.00311809
"test5",46,53,523.00,518.00,196,0.2362,159.00,96.00,333.33,-1166.67,0.0000,0.00000000
"test5",46,54,525.00,511.00,202,0.2205,153.00,94.00,333.33,-1166.67,0.0000,0.00000000
"test5",46,55,525.04,510.86,202,0.2205,153.00,94.00,591.76,-1371.17,120499.5781,0.00450704
"test5",46,56,528.00,504.00,207,0.2047,147.00,92.00,400.00,-800.00,86707.6875,0.00000000
"test5",46,57,530.00,500.00,212,0.1339,105.00,84.00,206.12,-412.23,466467.0938,0.84213698
"test5",46,58,530.21,499.59,213,0.1339,105.00,84.00,558.78,-717.55,114201.6641,0.08913966
"test5",46,59,533.00,496.00,218,0.1339,105.00,84.00,0.00,-600.00,11259.7656,0.00000000
"test5",46,60,533.00,493.00,223,0.1575,108.00,97.00,0.00,-543.70,179626.4688,0.00000000
"test5",46,61,533.00,492.46,224,0.1575,108.00,97.00,0.00,-364.07,7685.3408,0.00000000
"test5",46,62,533.00,491.00,228,0.1575,108.00,97.00,0.00,-333.33,35122.3398,0.00000000
"test5",46,63,533.00,489.00,234,0.1575,108.00,97.00,0.00,-544.07,430084.2188,0.00000000
"test5",46,64,533.00,488.46,235,0.1575,108.00,97.00,0.00,-113.98,103980.8203,7.69694996
"test5",46,65,533.00,488.00,239,0.1575,108.00,97.00,400.00,0.00,4334.7168,0.00000000
"test5",46,66,535.00,488.00,244,0.1575,108.00,97.00,378.33,0.00,189163.2031,0.00000000
"test5",46,67,535.76,488.00,246,0.1575,108.00,97.00,0.00,0.00,87832.6406,0.00000000
"test5",46,68,535.76,488.00,250,0.1575,108.00,97.00,-351.33,0.00,22377.9297,0.00000000
"test5",46,69,534.00,488.00,255,0.1575,107.00,97.00,-239.44,0.00,133799.2188,0.00000000
"test5",46,70,533.52,488.00,257,0.1575,107.00,97.00,-507.04,0.00,35679.7891,0.00000000
"test5",46,71,532.00,488.00,260,0.1575,107.00,97.00,-400.00,0.00,13333.3311,0.00000000
"test5",46,72,530.00,488.00,265,0.1575,106.00,96.00,-333.33,0.00,111111.1172,0.00000000
"test5",46,73,529.00,488.00,268,0.1575,106.00,96.00,0.00,0.00,66666.6641,0.00000000
"test5",46,74,529.00,488.00,271,0.1496,105.00,96.00,0.00,200.00,40000.0000,0.00000000
"test5",46,75,529.00,489.00,276,0.1102,103.00,72.00,0.00,0.00,0.0000,0.00000000
"test5",46,76,529.00,489.00,280,0.1102,103.00,72.00,0.00,0.00,0.0000,0.00000000
"test5",45,0,324.00,529.00,0,0.1575,102.00,100.00,0.00,0.00,0.0000,0.00000000
"test5",45,1,324.00,529.00,10,0.1575,102.00,100.00,0.00,0.00,0.0000,0.00000000
"test5",45,2,324.00,529.00,11,0.1575,102.00,100.00,0.00,0.00,0.0000,0.00000000
"test5",45,3,324.00,529.00,16,0.1575,102.00,100.00,0.00,0.00,0.0000,0.00000000
"test5",45,4,324.00,529.00,21,0.1575,102.00,100.00,0.00,0.00,0.0000,0.00000000
"test5",45,5,324.00,529.00,22,0.1575,102.00,100.00,0.00,0.00,0.0000,0.00000000
"test5",45,6,324.00,529.00,26,0.1575,102.00,100.00,0.00,0.00,0.0000,0.00000000
"test5",45,7,324.00,529.00,32,0.1575,102.00,100.00,0.00,0.00,0.0000,0.00000000
"test5",45,8,324.00,529.00,33,0.1575,102.00,100.00,0.00,0.00,0.0000,0.00000000
"test5",45,9,324.00,529.00,37,0.1496,102.00,99.00,0.00,0.00,0.0000,0.00000000
"test5",45,10,324.00,529.00,42,0.1496,102.00,99.00,0.00,0.00,0.0000,0.00000000
"test5",45,11,324.00,529.00,44,0.1575,102.00,100.00,0.00,0.00,0.0000,0.00000000
"test5",45,12,324.00,529.00,47,0.1496,102.00,99.00,0.00,0.00,0.0000,0.00000000
"test5",45,13,324.00,529.00,53,0.1496,102.00,99.00,0.00,0.00,0.0000,0.00000000
"test5",45,14,324.00,529.00,55,0.1575,102.00,100.00,0.00,0.00,0.0000,0.00000000
"test5",45,15,324.00,529.00,58,0.1496,102.00,99.00,0.00,0.00,0.0000,0.00000000
"test5",45,16,324.00,529.00,64,0.1496,102.00,99.00,0.00,0.00,0.0000,0.00000000
"test5",45,17,324.00,529.00,66,0.1575,102.00,100.00,0.00,0.00,0.0000,0.00000000
"test5",45,18,324.00,529.00,69,0.1496,102.00,99.00,0.00,0.00,0.0000,0.00000000
"test5",45,19,324.00,529.00,74,0.1496,101.00,98.00,0.00,0.00,0.0000,0.00000000
"test5",45,20,324.00,529.00,77,0.1575,102.00,100.00,0.00,0.00,0.0000,0.00000000
"test5",45,21,324.00,529.00,80,0.1496,101.00,98.00,0.00,0.00,0.0000,0.00000000
"test5",45,22,324.00,529.00,85,0.1496,101.00,97.00,0.00,0.00,559017.0000,0.00000000
"test5",45,23,324.00,529.00,89,0.1575,102.00,100.00,-1000.00,2000.00,1166190.3750,0.12521981
"test5",45,24,323.00,531.00,90,0.1496,101.00,96.00,0.00,1400.00,64453.3633,0.03263824
"test5",45,25,323.00,538.00,95,0.1496,102.00,95.00,319.85,1439.36,74549.1875,0.00000114
"test5",45,26,324.60,545.20,100,0.1496,102.00,95.00,400.73,1803.22,445130.0938,0.10171676
"test5",45,27,325.00,547.00,101,0.1496,106.00,94.00,800.00,2000.00,51595.3477,0.01012786
"test5",45,28,329.00,557.00,106,0.1654,112.00,95.00,542.29,1988.38,0.0000,0.00000000
"test5",45,29,331.71,566.94,111,0.1654,112.00,95.00,542.29,1988.38,0.0000,0.00000000
"test5",45,30,332.00,568.00,111,0.1732,119.00,96.00,666.67,2000.00,199783.9219,0.00233863
"test5",45,31,336.00,580.00,117,0.1890,126.00,96.00,986.05,3155.37,0.0000,0.00000000
"test5",45,32,340.93,595.78,122,0.1890,126.00,96.00,986.05,3155.37,0.0000,0.00000000
"test5",45,33,341.00,596.00,122,0.1969,135.00,97.00,1200.00,4000.00,152169.5000,0.00183071
"test5",45,34,347.00,616.00,127,0.2126,143.00,97.00,833.33,3333.33,0.0000,0.00000000
"test5",45,35,352.00,636.00,133,0.2283,151.00,98.00,833.33,3333.33,0.0000,0.00000000
"test5",45,36,352.40,637.61,133,0.2283,151.00,98.00,919.38,3677.54,29322.6855,0.00067514
"test5",45,37,357.00,656.00,138,0.2362,157.00,98.00,1000.00,3800.00,126292.1719,0.00000004
"test5",45,38,362.00,675.00,143,0.2441,160.00,98.00,839.29,3189.33,1047877.2500,0.00561601
"test5",45,39,362.84,678.19,144,0.2441,160.00,98.00,632.14,2162.13,34415.3789,0.00593123
"test5",45,40,366.00,689.00,149,0.2441,161.00,98.00,800.00,2200.00,167107.0313,0.00000009
"test5",45,41,370.00,700.00,154,0.2362,159.00,98.00,1085.54,2985.23,1044418.8750,0.00000024
"test5",45,42,371.09,702.99,155,0.2362,159.00,98.00,728.61,2003.69,194555.4219,0.00783123
"test5",45,43,374.00,711.00,159,0.2283,156.00,96.00,333.33,1333.33,238491.4844,0.00000000
"test5",45,44,376.00,719.00,165,0.2205,152.00,95.00,680.39,2721.56,1655000.5000,0.03852312
"test5",45,45,376.68,721.72,166,0.2205,152.00,95.00,579.90,1069.61,94048.5625,0.05330217
"test5",45,46,379.00,726.00,170,0.2126,148.00,93.00,400.00,1400.00,14503.3438,0.00000000
"test5",45,47,381.00,733.00,175,0.1969,144.00,91.00,419.92,1469.73,730188.5625,0.05879077
"test5",45,48,381.84,735.94,177,0.1969,144.00,91.00,290.04,15.14,120478.8359,1.18390036
"test5",45,49,383.00,736.00,181,0.1890,139.00,89.00,0.00,400.00,20000.0000,0.00000000
"test5",45,50,383.00,738.00,186,0.1732,134.00,87.00,0.00,500.00,83333.3438,0.00000000
"test5",45,51,383.00,739.00,188,0.1732,134.00,87.00,0.00,666.67,111111.1172,0.00000000
"test5",45,52,383.00,741.00,191,0.1654,129.00,84.00,0.00,333.33,27777.7773,0.00000000
"test5",45,53,383.00,743.00,197,0.1575,123.00,84.00,0.00,500.00,250000.0000,0.00000000
"test5",45,54,383.00,744.00,199,0.1575,123.00,84.00,0.00,0.00,94280.8984,0.00000000
"test5",45,55,383.00,744.00,202,0.1496,119.00,83.00,-200.00,-200.00,40551.7500,0.29462785
"test5",45,56,382.00,743.00,207,0.1339,104.00,87.00,-166.67,0.00,27777.7773,0.00000000
"test5",45,57,381.50,743.00,210,0.1339,104.00,87.00,-250.00,0.00,125000.0000,0.00000000
"test5",45,58,381.00,743.00,212,0.1339,102.00,87.00,0.00,0.00,0.0000,0.00000000
"test5",45,59,381.00,743.00,218,0.1339,103.00,87.00,0.00,0.00,0.0000,0.00000000
"test5",45,60,381.00,743.00,222,0.1339,103.00,87.00,0.00,0.00,0.0000,0.00000000
"test5",45,61,381.00,743.00,223,0.1339,103.00,87.00,0.00,0.00,0.0000,0.00000000
"test5",45,62,381.00,743.00,228,0.1339,104.00,87.00,0.00,0.00,0.0000,0.00000000
"test5",45,63,381.00,743.00,231,0.1339,103.00,87.00,0.00,0.00,0.0000,0.00000000
"test5",45,64,381.00,743.00,239,0.1339,104.00,87.00,0.00,0.00,0.0000,0.00000000
"test5",45,65,381.00,743.00,244,0.1339,103.00,87.00,0.00,0.00,0.0000,0.00000000
"test5",45,66,381.00,744.00,244,0.1339,104.00,87.00,0.00,0.00,0.0000,0.00000000
"test5",45,67,381.00,744.00,249,0.1339,104.00,87.00,0.00,0.00,0.0000,0.00000000
"test5",44,0,413.00,617.00,0,0.1339,104.00,83.00,0.00,0.00,0.0000,0.00000000
"test5",44,1,413.00,617.00,10,0.1339,105.00,83.00,0.00,0.00,0.0000,0.00000000
"test5",44,2,413.00,617.00,11,0.1339,105.00,83.00,0.00,0.00,0.0000,0.00000000
"test5",44,3,413.00,617.00,16,0.0945,105.00,61.00,0.00,0.00,0.0000,0.00000000
"test5",44,4,413.00,617.00,21,0.1339,105.00,82.00,0.00,0.00,0.0000,0.00000000
"test5",44,5,413.00,617.00,22,0.1339,105.00,83.00,0.00,0.00,0.0000,0.00000000
"test5",44,6,413.00,617.00,32,0.1339,105.00,83.00,0.00,0.00,0.0000,0.00000000
"test5",44,7,413.00,617.00,33,0.1339,105.00,83.00,0.00,0.00,0.0000,0.00000000
"test5",44,8,413.00,617.00,37,0.1339,105.00,83.00,0.00,0.00,0.0000,0.00000000
"test5",44,9,413.00,617.00,42,0.0945,105.00,60.00,0.00,0.00,0.0000,0.00000000
"test5",44,10,413.00,617.00,44,0.1339,105.00,83.00,0.00,0.00,0.0000,0.00000000
"test5",44,11,413.00,617.00,47,0.1339,105.00,84.00,0.00,0.00,0.0000,0.00000000
"test5",44,12,413.00,617.00,53,0.0945,105.00,61.00,0.00,0.00,0.0000,0.00000000
"test5",44,13,413.00,617.00,55,0.1339,105.00,83.00,0.00,0.00,0.0000,0.00000000
"test5",44,14,413.00,617.00,64,0.1339,105.00,84.00,0.00,0.00,0.0000,0.00000000
"test5",44,15,413.00,617.00,66,0.1339,105.00,83.00,0.00,0.00,0.0000,0.00000000
"test5",44,16,413.00,617.00,69,0.1339,105.00,84.00,0.00,0.00,0.0000,0.00000000
"test5",44,17,413.00,617.00,74,0.1339,105.00,84.00,0.00,0.00,0.0000,0.00000000
"test5",44,18,413.00,617.00,77,0.1339,105.00,83.00,0.00,0.00,149071.2031,0.00000000
"test5",44,19,413.00,617.00,80,0.1339,105.00,86.00,-200.00,-400.00,14907.1172,0.00000000
"test5",44,20,412.00,615.00,85,0.1417,106.00,87.00,-166.67,-333.33,572653.5625,2.68328166
"test5",44,21,411.50,614.00,88,0.1417,106.00,87.00,250.00,-2000.00,435012.7813,0.01781012
"test5",44,22,412.00,610.00,90,0.1496,108.00,90.00,0.00,-1166.67,97222.2266,0.00000000
"test5",44,23,412.00,603.00,96,0.1575,110.00,92.00,0.00,-1750.00,291666.6875,0.00000000
"test5",44,24,412.00,599.50,98,0.1575,110.00,92.00,0.00,-1166.67,277777.8125,0.00000000
"test5",44,25,412.00,596.00,101,0.1654,112.00,94.00,0.00,-2000.00,66666.6719,0.00000000
"test5",44,26,412.00,586.00,106,0.1654,114.00,96.00,0.00,-1666.67,633430.8125,0.06000001
"test5",44,27,412.00,581.00,109,0.1654,114.00,96.00,-500.00,-3500.00,768295.3750,0.00471404
"test5",44,28,411.00,574.00,111,0.1732,116.00,96.00,-166.67,-2000.00,57073.4961,0.00790070
"test5",44,29,410.00,562.00,117,0.1732,119.00,96.00,0.00,-2299.15,0.0000,0.00000000
"test5",44,30,410.00,550.50,122,0.1732,119.00,96.00,0.00,-2299.15,0.0000,0.00000000
"test5",44,31,410.00,550.00,122,0.1811,123.00,97.00,-200.00,-2600.00,155634.8906,0.00563945
"test5",44,32,409.00,537.00,127,0.1890,127.00,98.00,-333.33,-1833.33,0.0000,0.00000000
"test5",44,33,407.00,526.00,133,0.1969,130.00,99.00,-333.33,-1833.33,0.0000,0.00000000
"test5",44,34,406.88,525.36,133,0.1969,130.00,99.00,-776.84,-2072.61,178069.0938,0.00574259
"test5",44,35,403.00,515.00,138,0.1339,102.00,88.00,-600.00,-1200.00,56100.9570,0.00000303
"test5",44,36,400.00,509.00,143,0.1339,102.00,88.00,-474.58,-949.10,142226.0156,0.07940678
"test5",44,37,399.53,508.05,144,0.1339,102.00,88.00,-505.08,-810.18,46997.2773,0.00483127
"test5",44,38,397.00,504.00,149,0.0709,99.00,49.00,-400.00,-600.00,36058.8984,0.00000977
"test5",44,39,395.00,501.00,154,0.0709,99.00,49.00,-500.03,-750.00,628155.1250,0.68271118
"test5",44,40,394.50,500.25,155,0.0709,99.00,49.00,125.01,-812.50,123801.1484,0.01875186
"test5",44,41,395.00,497.00,159,0.0709,99.00,48.00,0.00,-333.33,55284.2852,0.00000000
"test5",44,42,395.00,495.00,165,0.0709,99.00,48.00,0.00,-665.04,581298.8125,0.00000000
"test5",44,43,395.00,494.33,166,0.0709,99.00,48.00,0.00,-83.74,120935.0625,0.00000000
"test5",44,44,395.00,494.00,170,0.0630,99.00,45.00,0.00,400.00,2897.9492,0.00000000
"test5",44,45,395.00,496.00,175,0.0630,99.00,42.00,0.00,414.49,207244.8750,0.00000000
"test5",44,46,395.00,496.83,177,0.0630,99.00,42.00,0.00,0.00,64946.2695,0.00000000
"test5",44,47,395.00,496.83,181,0.0394,99.00,26.00,200.00,-165.80,34075.3594,0.45248029
"test5",44,48,396.00,496.00,186,0.0394,99.00,26.00,239.24,0.00,119621.2734,0.00000000
"test5",44,49,396.48,496.00,188,0.0394,99.00,26.00,0.00,0.00,0.0000,0.00000000
"test5",44,50,396.48,496.00,191,0.0394,99.00,26.00,0.00,0.00,0.0000,0.00000000
"test5",44,51,396.48,496.00,194,0.0394,99.00,26.00,0.00,0.00,0.0000,0.00000000
"test5",44,52,396.48,496.00,213,0.0394,99.00,26.00,0.00,0.00,0.0000,0.00000000
"test5",44,53,396.48,496.00,218,0.0394,99.00,26.00,0.00,0.00,0.0000,0.00000000
"test5",44,54,396.48,496.00,222,0.0394,99.00,26.00,0.00,0.00,0.0000,0.00000000
"test5",44,55,396.48,496.00,223,0.0394,99.00,26.00,0.00,0.00,0.0000,0.00000000
"test5",44,56,396.48,496.00,228,0.0394,99.00,26.00,0.00,0.00,0.0000,0.00000000
"test5",44,57,396.48,496.00,233,0.0394,99.00,26.00,0.00,0.00,0.0000,0.00000000
"test5",43,0,662.00,603.00,0,0.1496,102.00,99.00,0.00,0.00,0.0000,0.00000000
"test5",43,1,662.00,603.00,10,0.1496,100.00,98.00,0.00,0.00,0.0000,0.00000000
"test5",43,2,662.00,603.00,14,0.1496,100.00,98.00,0.00,0.00,0.0000,0.00000000
"test5",43,3,662.00,603.00,15,0.1496,100.00,98.00,0.00,0.00,0.0000,0.00000000
"test5",43,4,662.00,603.00,20,0.1496,100.00,98.00,0.00,0.00,0.0000,0.00000000
"test5",43,5,662.00,603.00,25,0.1496,100.00,98.00,0.00,0.00,0.0000,0.00000000
"test5",43,6,662.00,603.00,26,0.1496,100.00,98.00,0.00,0.00,0.0000,0.00000000
"test5",43,7,662.00,603.00,31,0.1496,101.00,98.00,0.00,0.00,0.0000,0.00000000
"test5",43,8,662.00,603.00,36,0.1496,102.00,99.00,0.00,0.00,0.0000,0.00000000
"test5",43,9,662.00,603.00,36,0.1496,100.00,98.00,0.00,0.00,0.0000,0.00000000
"test5",43,10,662.00,603.00,42,0.1496,100.00,98.00,0.00,0.00,0.0000,0.00000000
"test5",43,11,662.00,603.00,47,0.1496,101.00,98.00,0.00,0.00,0.0000,0.00000000
"test5",43,12,662.00,603.00,47,0.1496,100.00,98.00,0.00,0.00,0.0000,0.00000000
"test5",43,13,662.00,603.00,52,0.1496,101.00,98.00,0.00,0.00,0.0000,0.00000000
"test5",43,14,662.00,603.00,58,0.1496,101.00,98.00,0.00,0.00,0.0000,0.00000000
"test5",43,15,662.00,603.00,58,0.1496,100.00,98.00,0.00,0.00,0.0000,0.00000000
"test5",43,16,662.00,603.00,63,0.1496,101.00,98.00,0.00,0.00,0.0000,0.00000000
"test5",43,17,662.00,603.00,68,0.1496,101.00,99.00,0.00,0.00,0.0000,0.00000000
"test5",43,18,662.00,603.00,70,0.1496,100.00,98.00,0.00,0.00,0.0000,0.00000000
"test5",43,19,662.00,603.00,74,0.1575,102.00,100.00,0.00,0.00,0.0000,0.00000000
"test5",43,20,662.00,603.00,79,0.1575,103.00,101.00,0.00,0.00,0.0000,0.00000000
"test5",43,21,662.00,603.00,81,0.1496,100.00,98.00,0.00,0.00,0.0000,0.00000000
"test5",43,22,662.00,603.00,84,0.1575,103.00,101.00,0.00,0.00,0.0000,0.00000000
"test5",43,23,662.00,603.00,90,0.1575,104.00,101.00,0.00,0.00,0.0000,0.00000000
"test5",43,24,662.00,603.00,92,0.1496,100.00,98.00,0.00,0.00,200000.0000,0.00000000
"test5",43,25,662.00,603.00,95,0.1575,105.00,101.00,0.00,-600.00,24622.3945,0.00000000
"test5",43,26,662.00,600.00,100,0.1654,107.00,101.00,0.00,-476.89,459852.4063,0.00000000
"test5",43,27,662.00,598.57,103,0.1654,107.00,101.00,0.00,-1856.45,69270.8594,0.01934391
"test5",43,28,662.00,593.00,106,0.1654,109.00,100.00,200.00,-1800.00,90553.8516,0.00000000
"test5",43,29,663.00,584.00,111,0.1654,112.00,99.00,250.00,-2250.00,131761.5469,0.02513888
"test5",43,30,663.50,579.50,113,0.1654,112.00,99.00,500.00,-2166.67,35136.4063,0.00606363
"test5",43,31,665.00,573.00,116,0.1732,117.00,99.00,600.00,-2200.00,40087.4531,0.00114830
"test5",43,32,668.00,562.00,121,0.1811,123.00,99.00,680.95,-2383.36,39021.4609,0.00000075
"test5",43,33,670.72,552.47,125,0.1811,123.00,99.00,638.09,-2233.28,559082.9375,0.02546049
"test5",43,34,672.00,548.00,127,0.1969,130.00,99.00,1200.00,-3200.00,137355.7656,0.00467284
"test5",43,35,678.00,532.00,132,0.2047,138.00,99.00,1165.77,-3885.93,148874.0625,0.00000046
"test5",43,36,682.66,516.46,136,0.2047,138.00,99.00,1336.91,-4456.30,567203.3750,0.00885089
"test5",43,37,684.00,512.00,137,0.2205,144.00,99.00,1000.00,-4000.00,145061.2188,0.00394622
"test5",43,38,689.00,492.00,142,0.2283,152.00,98.00,518.62,-3457.47,150630.5156,0.00000046
"test5",43,39,691.59,474.71,147,0.2283,152.00,98.00,406.92,-2712.65,1538418.3750,0.02233928
"test5",43,40,692.00,472.00,148,0.2362,157.00,98.00,800.00,-4200.00,106211.2266,0.00079078
"test5",43,41,696.00,451.00,153,0.2441,162.00,97.00,772.56,-3669.65,0.0000,0.00000000
"test5",43,42,699.86,432.65,158,0.2441,162.00,97.00,772.56,-3669.65,0.0000,0.00000000
"test5",43,43,700.00,432.00,158,0.2520,164.00,98.00,666.67,-3000.00,135172.5000,0.00076564
"test5",43,44,704.00,414.00,164,0.2441,165.00,97.00,800.00,-3800.00,0.0000,0.00000000
"test5",43,45,708.00,395.00,169,0.2441,165.00,96.00,800.00,-3800.00,0.0000,0.00000000
"test5",43,46,708.20,394.05,169,0.2441,165.00,96.00,560.14,-3810.69,200666.4688,0.00110901
"test5",43,47,711.00,375.00,174,0.2283,163.00,93.00,333.33,-2833.33,0.0000,0.00000000
"test5",43,48,713.00,358.00,180,0.2205,161.00,91.00,333.33,-2833.33,0.0000,0.00000000
"test5",43,49,713.24,355.93,180,0.2205,161.00,91.00,751.21,-3385.30,52520.0625,0.00322886
"test5",43,50,717.00,339.00,185,0.2205,159.00,90.00,600.00,-3600.00,385226.4375,0.00000015
"test5",43,51,720.00,321.00,190,0.2126,156.00,88.00,283.36,-1700.07,601114.8750,0.02075738
"test5",43,52,720.57,317.60,192,0.2126,156.00,88.00,358.32,-2899.96,93001.1563,0.01005364
"test5",43,53,722.00,306.00,196,0.2047,153.00,87.00,0.00,-2800.00,150209.9688,0.00000000
"test5",43,54,722.00,292.00,201,0.1969,150.00,87.00,0.00,-2048.95,678875.6250,0.11909874
"test5",43,55,722.00,287.90,203,0.1969,150.00,87.00,1000.00,-2967.37,378011.0313,0.01231163
"test5",43,56,725.00,279.00,206,0.1890,144.00,87.00,1000.00,-1833.33,52010.1914,0.00000074
"test5",43,57,731.00,268.00,212,0.1890,140.00,88.00,1149.41,-2107.30,304598.3438,0.03693400
"test5",43,58,733.30,263.79,214,0.1890,140.00,88.00,567.06,-1928.47,70247.0781,0.01023224
"test5",43,59,735.00,258.00,217,0.1890,136.00,90.00,400.00,-1800.00,89391.1328,0.00000013
"test5",43,60,737.00,249.00,222,0.1811,133.00,91.00,303.04,-1363.69,275714.9688,0.13586551
"test5",43,61,737.91,244.91,225,0.1811,133.00,91.00,1030.29,-969.65,162691.2969,0.07704204
"test5",43,62,741.00,242.00,228,0.1811,131.00,93.00,600.00,-1200.00,44721.3594,0.00000000
"test5",43,63,744.00,236.00,233,0.1811,127.00,95.00,500.00,-1000.00,506896.8750,0.11925695
"test5",43,64,745.50,233.00,236,0.1811,127.00,95.00,250.00,500.00,515388.1875,0.35777086
"test5",43,65,746.00,234.00,238,0.1811,124.00,96.00,0.00,-500.00,41666.6680,0.00000000
"test5",43,66,746.00,231.00,244,0.1732,120.00,96.00,0.00,-750.00,356000.1563,0.59259260
"test5",43,67,746.00,229.50,246,0.1732,120.00,96.00,666.67,-500.00,159086.9063,0.09600000
"test5",43,68,748.00,228.00,249,0.1024,102.00,69.00,200.00,-400.00,76337.5938,0.32105261
"test5",43,69,749.00,226.00,254,0.1024,102.00,69.00,-179.47,-358.95,21478.3457,0.00000000
"test5",43,70,748.28,224.56,258,0.1024,102.00,69.00,-141.05,-282.10,50537.0781,0.44955721
"test5",43,71,748.00,224.00,260,0.1024,103.00,69.00,-200.00,-200.00,9428.0889,0.00000000
"test5",43,72,747.00,223.00,265,0.1024,103.00,68.00,-166.67,-166.67,141639.4531,2.12132049
"test5",43,73,746.50,222.50,268,0.1024,103.00,68.00,-250.00,250.00,131761.5625,0.94280910
"test5",43,74,746.00,223.00,270,0.1024,103.00,66.00,-333.33,0.00,17665.4414,0.00000000
"test5",43,75,744.00,223.00,276,0.0787,103.00,54.00,-227.34,0.00,34175.8711,0.00000000
"test5",43,76,743.09,223.00,280,0.0787,103.00,54.00,-90.64,0.00,109362.7969,0.00000000
"test5",43,77,743.00,223.00,281,0.0787,103.00,54.00,-200.00,0.00,283.2031,0.00000000
"test5",43,78,742.00,223.00,286,0.0866,104.00,54.00,-198.58,0.00,0.0000,0.00000000
"test5",43,79,741.01,223.00,291,0.0866,104.00,54.00,-198.58,0.00,0.0000,0.00000000
"test5",43,80,741.00,223.00,291,0.0866,104.00,54.00,0.00,0.00,0.0000,0.00000000
"test5",43,81,741.00,223.00,297,0.0866,104.00,54.00,0.00,0.00,0.0000,0.00000000
"test5",43,82,741.00,223.00,301,0.0866,104.00,54.00,0.00,0.00,0.0000,0.00000000
"test5",42,0,334.00,1013.00,0,0.1654,104.00,103.00,0.00,0.00,0.0000,0.00000000
"test5",42,1,334.00,1013.00,10,0.1654,104.00,103.00,0.00,0.00,0.0000,0.00000000
"test5",42,2,334.00,1013.00,11,0.1654,104.00,103.00,0.00,0.00,0.0000,0.00000000
"test5",42,3,334.00,1013.00,15,0.1654,104.00,103.00,0.00,0.00,0.0000,0.00000000
"test5",42,4,334.00,1013.00,20,0.1654,104.00,103.00,0.00,0.00,0.0000,0.00000000
"test5",42,5,334.00,1013.00,22,0.1654,104.00,103.00,0.00,0.00,0.0000,0.00000000
"test5",42,6,334.00,1013.00,25,0.1654,104.00,103.00,0.00,0.00,0.0000,0.00000000
"test5",42,7,334.00,1013.00,28,0.1654,104.00,103.00,0.00,0.00,0.0000,0.00000000
"test5",42,8,334.00,1013.00,31,0.1654,104.00,103.00,0.00,0.00,0.0000,0.00000000
"test5",42,9,334.00,1013.00,34,0.1654,104.00,103.00,0.00,0.00,0.0000,0.00000000
"test5",42,10,334.00,1013.00,36,0.1654,104.00,103.00,0.00,0.00,0.0000,0.00000000
"test5",42,11,334.00,1013.00,41,0.1654,104.00,103.00,0.00,0.00,0.0000,0.00000000
"test5",42,12,334.00,1013.00,44,0.1654,104.00,103.00,0.00,0.00,0.0000,0.00000000
"test5",42,13,334.00,1013.00,47,0.1654,104.00,103.00,0.00,0.00,0.0000,0.00000000
"test5",42,14,334.00,1013.00,52,0.1654,105.00,103.00,0.00,0.00,0.0000,0.00000000
"test5",42,15,334.00,1013.00,55,0.1654,104.00,103.00,0.00,0.00,0.0000,0.00000000
"test5",42,16,334.00,1013.00,57,0.1654,105.00,103.00,0.00,0.00,0.0000,0.00000000
"test5",42,17,334.00,1013.00,63,0.1654,105.00,103.00,0.00,0.00,0.0000,0.00000000
"test5",42,18,334.00,1013.00,65,0.1654,104.00,103.00,0.00,0.00,0.0000,0.00000000
"test5",42,19,334.00,1013.00,68,0.1654,105.00,103.00,0.00,0.00,0.0000,0.00000000
"test5",42,20,334.00,1013.00,73,0.1654,105.00,103.00,0.00,0.00,0.0000,0.00000000
"test5",42,21,334.00,1013.00,78,0.1654,104.00,103.00,0.00,0.00,0.0000,0.00000000
"test5",42,22,334.00,1013.00,79,0.1575,103.00,100.00,0.00,0.00,0.0000,0.00000000
"test5",42,23,334.00,1013.00,84,0.1575,103.00,100.00,0.00,0.00,0.0000,0.00000000
"test5",42,24,334.00,1013.00,89,0.1654,104.00,103.00,0.00,0.00,0.0000,0.00000000
"test5",42,25,334.00,1013.00,89,0.1575,104.00,100.00,0.00,-500.00,150000.0000,0.00000000
"test5",42,26,334.00,1010.00,95,0.1575,104.00,99.00,0.00,-1400.00,0.0000,0.00000000
"test5",42,27,334.00,1003.00,100,0.1575,105.00,99.00,0.00,-1400.00,0.0000,0.00000000
"test5",42,28,334.00,1002.91,100,0.1575,105.00,99.00,0.00,-2181.96,69724.9297,0.00000000
"test5",42,29,334.00,992.00,105,0.1575,107.00,99.00,0.00,-1833.33,0.0000,0.00000000
"test5",42,30,334.00,981.00,111,0.1654,112.00,98.00,0.00,-1833.33,0.0000,0.00000000
"test5",42,31,334.00,980.05,111,0.1654,112.00,98.00,0.00,-2009.94,124607.3672,0.00990137
"test5",42,32,334.00,970.00,116,0.1811,118.00,99.00,200.00,-2600.00,55662.0742,0.00000014
"test5",42,33,335.00,957.00,121,0.1890,125.00,99.00,178.65,-2322.51,813115.3750,0.01413375
"test5",42,34,335.18,954.68,122,0.1890,125.00,99.00,164.27,-3135.50,179212.9844,0.00385821
"test5",42,35,336.00,939.00,127,0.1969,131.00,99.00,400.00,-4000.00,249112.0313,0.00000015
"test5",42,36,338.00,919.00,132,0.2126,138.00,100.00,523.93,-5239.38,2298662.2500,0.00000033
"test5",42,37,338.52,913.76,133,0.2126,138.00,100.00,295.21,-2952.12,232624.3438,0.00904347
"test5",42,38,340.00,899.00,138,0.2205,144.00,100.00,800.00,-4000.00,570178.6875,0.00000007
"test5",42,39,344.00,879.00,143,0.2283,150.00,101.00,1359.10,-6795.53,3931659.7500,0.00918780
"test5",42,40,345.36,872.20,144,0.2283,150.00,101.00,160.22,-3051.12,217115.7500,0.01070964
"test5",42,41,346.00,860.00,148,0.2362,152.00,101.00,600.00,-3800.00,227489.3125,0.00000005
"test5",42,42,349.00,841.00,153,0.2362,153.00,101.00,422.60,-2676.47,275011.3125,0.02753587
"test5",42,43,350.27,832.97,156,0.2362,153.00,101.00,-89.26,-3323.53,185801.5781,0.00910553
"test5",42,44,350.00,823.00,159,0.2362,154.00,101.00,200.00,-3800.00,126841.9688,0.00000000
"test5",42,45,351.00,804.00,164,0.2362,153.00,101.00,166.67,-3166.67,562457.1250,0.01655168
"test5",42,46,351.50,794.50,167,0.2362,153.00,101.00,750.00,-4750.00,951971.6250,0.01011649
"test5",42,47,353.00,785.00,169,0.2283,151.00,101.00,0.00,-3000.00,250000.0000,0.00000000
"test5",42,48,353.00,767.00,175,0.2283,149.00,100.00,0.00,-4500.00,750000.0000,0.00000000
"test5",42,49,353.00,758.00,177,0.2283,149.00,100.00,0.00,-3000.00,210818.5000,0.00740741
"test5",42,50,353.00,749.00,180,0.2205,147.00,99.00,200.00,-3600.00,120185.0469,0.00000000
"test5",42,51,354.00,731.00,185,0.2205,144.00,99.00,166.67,-3000.00,314269.6875,0.02594290
"test5",42,52,354.50,722.00,188,0.2205,144.00,99.00,833.33,-2333.33,322987.6250,0.03798623
"test5",42,53,357.00,715.00,191,0.2047,141.00,97.00,400.00,-3200.00,88395.5156,0.00808134
"test5",42,54,359.00,699.00,196,0.2047,138.00,96.00,0.00,-3388.00,264999.3750,0.00000000
"test5",42,55,359.00,685.45,200,0.2047,138.00,96.00,0.00,-4448.00,871263.8750,0.01010883
"test5",42,56,359.00,681.00,201,0.1969,135.00,94.00,200.00,-3600.00,139248.9688,0.00278375
"test5",42,57,360.00,663.00,206,0.1890,133.00,93.00,343.37,-2918.68,103118.1094,0.00000029
"test5",42,58,361.72,648.41,211,0.1890,133.00,93.00,283.14,-2406.62,797728.3125,0.02984960
"test5",42,59,362.00,646.00,212,0.1811,132.00,91.00,200.00,-3200.00,52974.2695,0.00409422
"test5",42,60,363.00,630.00,217,0.1811,130.00,90.00,0.00,-3373.66,448388.6875,0.00000000
"test5",42,61,363.00,613.13,222,0.1811,130.00,90.00,0.00,-1131.71,2476375.7500,0.15615529
"test5",42,62,363.00,612.00,223,0.1654,129.00,87.00,200.00,-3600.00,89442.7188,0.00341354
"test5",42,63,364.00,594.00,228,0.1654,129.00,84.00,400.00,-3200.00,0.0000,0.00000000
"test5",42,64,366.00,578.00,233,0.1575,129.00,83.00,400.00,-3200.00,0.0000,0.00000000
"test5",42,65,366.03,577.79,233,0.1575,129.00,83.00,594.74,-2757.91,99952.6641,0.00914811
"test5",42,66,369.00,564.00,238,0.1575,128.00,83.00,166.67,-2500.00,0.0000,0.00000000
"test5",42,67,370.00,549.00,244,0.1575,128.00,82.00,166.67,-2500.00,0.0000,0.00000000
"test5",42,68,370.10,547.53,244,0.1575,128.00,82.00,180.33,-2905.00,101077.5313,0.00120206
"test5",42,69,371.00,533.00,249,0.1575,128.00,81.00,200.00,-2400.00,3116.2329,0.00000000
"test5",42,70,372.00,521.00,254,0.1575,128.00,81.00,201.29,-2415.53,739212.7500,0.03109634
"test5",42,71,372.20,518.58,255,0.1575,128.00,81.00,-40.26,-1716.89,103691.9922,0.00190758
"test5",42,72,372.00,510.00,260,0.1575,127.00,81.00,0.00,-1200.00,72897.9531,0.00000000
"test5",42,73,372.00,504.00,265,0.1575,126.00,82.00,0.00,-835.51,215794.5000,0.23875099
"test5",42,74,372.00,502.33,267,0.1575,126.00,82.00,333.33,-1109.66,36553.2656,0.00783348
"test5",42,75,373.00,499.00,270,0.1496,123.00,83.00,333.33,-1000.00,11355.9639,0.00000145
"test5",42,76,375.00,493.00,276,0.1575,121.00,84.00,354.89,-1064.64,65684.7031,0.04184300
"test5",42,77,375.71,490.87,278,0.1575,121.00,84.00,430.07,-956.91,141546.3125,0.01924392
"test5",42,78,377.00,488.00,281,0.1496,118.00,84.00,200.00,-600.00,34480.6133,0.00000322
"test5",42,79,378.00,485.00,286,0.1496,116.00,85.00,145.49,-436.44,326531.1250,1.32811534
"test5",42,80,378.44,483.69,289,0.1496,116.00,85.00,-812.15,-230.22,297457.4063,0.27002364
"test5",42,81,376.00,483.00,292,0.1496,105.00,96.00,0.00,-600.00,20000.0000,0.00000000
"test5",42,82,376.00,480.00,297,0.1496,105.00,96.00,0.00,-500.00,448763.7188,0.66666669
"test5",42,83,376.00,478.50,300,0.1496,105.00,96.00,500.00,750.00,450693.9063,0.00000000
"test5",42,84,377.00,480.00,302,0.1496,105.00,95.00,0.00,0.00,0.0000,0.00000000
"test5",42,85,377.00,480.00,308,0.1496,105.00,94.00,0.00,0.00,0.0000,0.00000000
"test5",42,86,377.00,480.00,311,0.1496,105.00,94.00,0.00,0.00,0.0000,0.00000000
"test5",42,87,377.00,480.00,313,0.1496,105.00,93.00,0.00,0.00,0.0000,0.00000000
"test5",42,88,377.00,480.00,318,0.1417,105.00,91.00,0.00,0.00,0.0000,0.00000000
"test5",42,89,377.00,480.00,322,0.1496,105.00,94.00,0.00,0.00,0.0000,0.00000000
"test5",42,90,377.00,480.00,323,0.1417,104.00,89.00,0.00,0.00,0.0000,0.00000000
"test5",42,91,377.00,480.00,329,0.1339,104.00,87.00,0.00,0.00,250000.0000,0.00000000
"test5",42,92,377.00,480.00,333,0.1496,105.00,94.00,0.00,-1000.00,1000000.0000,0.00000000
"test5",42,93,377.00,479.00,334,0.1339,104.00,84.00,0.00,0.00,0.0000,0.00000000
"test5",42,94,377.00,479.00,339,0.1260,104.00,81.00,0.00,0.00,0.0000,0.00000000
"test5",42,95,377.00,479.00,344,0.1260,104.00,81.00,0.00,0.00,0.0000,0.00000000
"test5",41,0,503.00,783.00,0,0.1260,101.00,84.00,0.00,0.00,0.0000,0.00000000
"test5",41,1,503.00,783.00,15,0.1260,101.00,84.00,0.00,0.00,0.0000,0.00000000
"test5",41,2,503.00,783.00,20,0.1260,101.00,84.00,0.00,0.00,0.0000,0.00000000
"test5",41,3,503.00,783.00,23,0.1260,101.00,84.00,0.00,0.00,0.0000,0.00000000
"test5",41,4,503.00,783.00,26,0.1260,101.00,84.00,0.00,0.00,0.0000,0.00000000
"test5",41,5,503.00,783.00,31,0.1260,100.00,83.00,0.00,0.00,0.0000,0.00000000
"test5",41,6,503.00,783.00,34,0.1260,101.00,84.00,0.00,0.00,0.0000,0.00000000
"test5",41,7,503.00,783.00,36,0.1260,100.00,83.00,0.00,0.00,0.0000,0.00000000
"test5",41,8,503.00,783.00,42,0.1260,100.00,83.00,0.00,0.00,0.0000,0.00000000
"test5",41,9,503.00,783.00,44,0.1260,101.00,84.00,0.00,0.00,0.0000,0.00000000
"test5",41,10,503.00,783.00,47,0.1260,100.00,82.00,0.00,0.00,0.0000,0.00000000
"test5",41,11,503.00,783.00,52,0.1260,100.00,82.00,0.00,0.00,0.0000,0.00000000
"test5",41,12,503.00,783.00,56,0.1260,101.00,84.00,0.00,0.00,0.0000,0.00000000
"test5",41,13,503.00,783.00,58,0.1260,99.00,82.00,0.00,0.00,0.0000,0.00000000
"test5",41,14,503.00,783.00,63,0.1181,99.00,81.00,0.00,0.00,0.0000,0.00000000
"test5",41,15,503.00,783.00,67,0.1260,101.00,84.00,0.00,0.00,0.0000,0.00000000
"test5",41,16,503.00,783.00,68,0.1181,99.00,81.00,0.00,0.00,0.0000,0.00000000
"test5",41,17,503.00,783.00,74,0.1181,99.00,81.00,0.00,0.00,0.0000,0.00000000
"test5",41,18,503.00,783.00,78,0.1260,101.00,84.00,0.00,0.00,0.0000,0.00000000
"test5",41,19,503.00,783.00,79,0.0945,99.00,66.00,0.00,0.00,0.0000,0.00000000
"test5",41,20,503.00,783.00,84,0.1024,100.00,67.00,0.00,0.00,0.0000,0.00000000
"test5",41,21,503.00,783.00,89,0.1260,101.00,84.00,0.00,0.00,400000.0000,0.00000000
"test5",41,22,503.00,783.00,90,0.1024,100.00,68.00,0.00,-400.00,160000.0000,0.00000000
"test5",41,23,503.00,781.00,95,0.1024,101.00,70.00,0.00,-1200.00,0.0000,0.00000000
"test5",41,24,503.00,775.00,100,0.1102,102.00,73.00,0.00,-1200.00,0.0000,0.00000000
"test5",41,25,503.00,774.83,100,0.1102,102.00,73.00,0.00,-1304.79,115868.4688,0.00000000
"test5",41,26,503.00,767.00,106,0.1181,105.00,75.00,0.00,-2000.00,0.0000,0.00000000
"test5",41,27,503.00,757.00,111,0.1339,110.00,78.00,0.00,-2000.00,0.0000,0.00000000
"test5",41,28,503.00,756.01,111,0.1339,110.00,78.00,200.00,-2201.68,40001.4180,0.00814449
"test5",41,29,504.00,745.00,116,0.1417,116.00,81.00,0.00,-2200.00,223605.9531,0.00000000
"test5",41,30,504.00,734.00,121,0.1575,121.00,84.00,0.00,-1081.97,946810.0000,0.10677742
"test5",41,31,504.00,731.84,123,0.1575,121.00,84.00,250.00,-2959.01,110952.6563,0.00246500
"test5",41,32,505.00,720.00,127,0.1654,127.00,87.00,200.00,-3400.00,201906.0625,0.00000003
"test5",41,33,506.00,703.00,132,0.1811,134.00,88.00,140.72,-2392.21,706109.3750,0.00383439
"test5",41,34,506.28,698.22,134,0.1811,134.00,88.00,179.64,-3803.89,99157.1953,0.00002845
"test5",41,35,507.00,683.00,138,0.1890,141.00,88.00,200.00,-4200.00,93963.7266,0.00000006
"test5",41,36,508.00,662.00,143,0.1969,147.00,87.00,177.66,-3730.71,432744.9688,0.01193375
"test5",41,37,508.36,654.54,145,0.1969,147.00,87.00,548.23,-4512.86,399646.8438,0.00114649
"test5",41,38,510.00,641.00,148,0.2047,153.00,87.00,333.33,-3333.33,168302.0781,0.00000009
"test5",41,39,512.00,621.00,154,0.2047,157.00,87.00,433.81,-4338.13,342581.0625,0.00872466
"test5",41,40,512.87,612.32,156,0.2047,157.00,87.00,44.13,-3774.58,78012.1406,0.00369377
"test5",41,41,513.00,601.00,159,0.2126,159.00,87.00,200.00,-3600.00,120185.0469,0.00000000
"test5",41,42,514.00,583.00,164,0.2047,160.00,85.00,166.67,-3000.00,111111.1172,0.01228874
"test5",41,43,514.50,574.00,167,0.2047,160.00,85.00,-166.67,-3000.00,272392.2188,0.00778287
"test5",41,44,514.00,565.00,170,0.2047,159.00,84.00,0.00,-3800.00,190000.0000,0.00000000
"test5",41,45,514.00,546.00,175,0.2047,157.00,84.00,0.00,-4750.00,809020.2500,0.00738689
"test5",41,46,514.00,536.50,177,0.2047,157.00,84.00,333.33,-3166.67,212277.4531,0.00000000
"test5",41,47,515.00,527.00,180,0.1969,155.00,84.00,400.00,-3800.00,127366.4688,0.00000000
"test5",41,48,517.00,508.00,185,0.1969,152.00,85.00,333.33,-3166.67,496904.0000,0.01720846
"test5",41,49,518.00,498.50,188,0.1969,152.00,85.00,-333.33,-1833.33,489015.0938,0.07384391
"test5",41,50,517.00,493.00,191,0.1890,148.00,85.00,200.00,-3200.00,64825.8086,0.00023258
"test5",41,51,518.00,477.00,196,0.1890,144.00,86.00,191.73,-2875.98,155373.8438,0.00000080
"test5",41,52,518.77,465.50,200,0.1890,144.00,86.00,233.09,-3496.09,1023003.0625,0.01354663
"test5",41,53,519.00,462.00,201,0.1890,141.00,87.00,0.00,-2500.00,117520.1719,0.01151082
"test5",41,54,519.00,447.00,207,0.1890,138.00,88.00,-431.66,-1942.44,182398.7188,0.00000048
"test5",41,55,517.27,439.23,211,0.1890,138.00,88.00,-273.38,-1230.22,321804.8750,0.19122145
"test5",41,56,517.00,438.00,212,0.1811,133.00,88.00,0.00,-1400.00,20014.6484,0.00000000
"test5",41,57,517.00,431.00,217,0.1654,129.00,87.00,0.00,-1500.07,200087.8906,0.00000000
"test5",41,58,517.00,423.50,222,0.1654,129.00,87.00,0.00,-499.63,985220.4375,1.60234630
"test5",41,59,517.00,423.00,223,0.1654,124.00,87.00,400.00,-1400.00,0.0000,0.00000000
"test5",41,60,519.00,416.00,228,0.1575,120.00,87.00,400.00,-1400.00,0.0000,0.00000000
"test5",41,61,521.00,409.00,233,0.1496,117.00,87.00,400.00,-1400.00,0.0000,0.00000000
"test5",41,62,521.08,408.72,233,0.1496,117.00,87.00,153.18,-619.45,44603.1680,0.03930345
"test5",41,63,522.00,405.00,239,0.1575,115.00,88.00,0.00,-400.00,30512.6953,0.00000000
"test5",41,64,522.00,403.00,244,0.1575,114.00,89.00,0.00,-247.44,440704.3438,0.00000000
"test5",41,65,522.00,402.75,245,0.1575,114.00,89.00,0.00,-688.14,88701.8828,0.00000000
"test5",41,66,522.00,400.00,249,0.1575,114.00,90.00,0.00,-333.33,12539.3320,0.00000000
"test5",41,67,522.00,398.00,255,0.1575,114.00,92.00,0.00,-408.57,408569.3438,0.00000000
"test5",41,68,522.00,397.59,256,0.1575,114.00,92.00,0.00,0.00,0.0000,0.00000000
"test5",41,69,522.00,397.59,260,0.1575,113.00,93.00,0.00,0.00,0.0000,0.00000000
"test5",41,70,522.00,397.59,265,0.1654,113.00,95.00,0.00,0.00,145225.5938,0.00000000
"test5",41,71,522.00,397.59,267,0.1575,114.00,92.00,-250.00,-147.86,72612.7969,0.00000000
"test5",41,72,521.00,397.00,271,0.1654,113.00,96.00,0.00,0.00,0.0000,0.00000000
"test5",41,73,521.00,397.00,276,0.1654,113.00,97.00,0.00,0.00,0.0000,0.00000000
"test5",41,74,521.00,397.00,278,0.1654,113.00,97.00,0.00,0.00,0.0000,0.00000000
"test5",41,75,521.00,397.00,281,0.1732,114.00,98.00,0.00,0.00,0.0000,0.00000000
"test5",41,76,521.00,397.00,286,0.1654,113.00,99.00,0.00,0.00,0.0000,0.00000000
"test5",41,77,521.00,397.00,289,0.1654,113.00,97.00,0.00,0.00,0.0000,0.00000000
"test5",41,78,521.00,397.00,292,0.1654,113.00,99.00,0.00,0.00,0.0000,0.00000000
"test5",41,79,521.00,397.00,296,0.1654,113.00,99.00,0.00,0.00,0.0000,0.00000000
"test5",40,0,534.00,839.00,0,0.0079,105.00,1.00,0.00,0.00,0.0000,0.00000000
"test5",40,1,534.00,839.00,21,0.0079,105.00,1.00,0.00,0.00,0.0000,0.00000000
"test5",40,2,534.00,839.00,36,0.0079,105.00,1.00,0.00,0.00,0.0000,0.00000000
"test5",40,3,534.00,839.00,44,0.0079,105.00,1.00,0.00,0.00,0.0000,0.00000000
"test5",40,4,534.00,839.00,63,0.0079,105.00,1.00,0.00,0.00,0.0000,0.00000000
"test5",40,5,534.00,839.00,74,0.0079,104.00,1.00,0.00,0.00,0.0000,0.00000000
"test5",40,6,534.00,839.00,78,0.0079,105.00,1.00,0.00,0.00,0.0000,0.00000000
"test5",40,7,534.00,839.00,79,0.0079,104.00,3.00,0.00,0.00,0.0000,0.00000000
"test5",40,8,534.00,839.00,84,0.0079,104.00,6.00,0.00,0.00,0.0000,0.00000000
"test5",40,9,534.00,839.00,90,0.0079,105.00,1.00,0.00,0.00,0.0000,0.00000000
"test5",40,10,534.00,839.00,90,0.0157,104.00,13.00,0.00,0.00,126491.1094,0.00000000
"test5",40,11,534.00,839.00,95,0.0315,105.00,23.00,-200.00,-600.00,81531.3281,0.00000965
"test5",40,12,533.00,836.00,100,0.0551,106.00,34.00,-71.11,-213.26,1186577.0000,1.25400221
"test5",40,13,532.93,835.79,101,0.0551,106.00,34.00,-385.78,-1357.35,151420.9844,0.04718778
"test5",40,14,531.00,829.00,106,0.0709,110.00,45.00,-1000.00,-1800.00,102348.7734,0.00000056
"test5",40,15,526.00,820.00,111,0.0945,114.00,55.00,-751.46,-1352.66,1539844.1250,0.03043489
"test5",40,16,525.25,818.65,112,0.0945,114.00,55.00,-1562.13,-2661.83,115846.1094,0.00699196
"test5",40,17,519.00,808.00,116,0.1102,121.00,63.00,-1600.00,-2200.00,196292.9688,0.00000018
"test5",40,18,511.00,797.00,121,0.1417,129.00,72.00,-1022.74,-1406.25,923612.8125,0.02735319
"test5",40,19,508.95,794.19,123,0.1417,129.00,72.00,-2238.63,-2796.88,242827.1719,0.00423729
"test5",40,20,500.00,783.00,127,0.1654,138.00,78.00,-3000.00,-3400.00,179898.6719,0.00000001
"test5",40,21,485.00,766.00,132,0.1969,150.00,84.00,-2404.88,-2725.52,660225.8125,0.01585783
"test5",40,22,480.19,760.55,134,0.1969,150.00,84.00,-3547.56,-3387.24,153108.0938,0.00014452
"test5",40,23,466.00,747.00,138,0.2205,162.00,88.00,-4000.00,-3800.00,47002.4961,0.00000011
"test5",40,24,446.00,728.00,143,0.2362,173.00,90.00,-4170.40,-3961.85,541730.0625,0.01387650
"test5",40,25,437.66,720.08,145,0.2362,173.00,90.00,-5219.74,-3692.10,230669.8906,0.00496818
"test5",40,26,422.00,709.00,148,0.2598,183.00,93.00,-4600.00,-4000.00,231968.1094,0.00000004
"test5",40,27,399.00,689.00,153,0.2677,190.00,93.00,-3724.78,-3238.93,375183.1250,0.00852849
"test5",40,28,387.83,679.28,156,0.2677,190.00,93.00,-2608.55,-3094.40,405632.6875,0.00617138
"test5",40,29,380.00,670.00,159,0.2756,195.00,93.00,-3600.00,-3800.00,174483.3438,0.00000000
"test5",40,30,362.00,651.00,164,0.2835,198.00,92.00,-3000.00,-3166.67,248452.0469,0.00446225
"test5",40,31,353.00,641.50,167,0.2835,198.00,92.00,-2333.33,-2833.33,462548.0000,0.01527944
"test5",40,32,346.00,633.00,170,0.2756,198.00,91.00,-3600.00,-3400.00,247588.3594,0.00000000
"test5",40,33,328.00,616.00,175,0.2677,195.00,90.00,-4500.00,-4250.00,1305038.3750,0.01528612
"test5",40,34,319.00,607.50,177,0.2677,195.00,90.00,-2000.00,-3500.00,175682.0938,0.00212025
"test5",40,35,313.00,597.00,180,0.2677,192.00,90.00,-1833.33,-3000.00,184196.1719,0.00518007
"test5",40,36,302.00,579.00,186,0.2520,186.00,88.00,-2701.51,-3683.88,706713.7500,0.00000009
"test5",40,37,293.90,567.95,189,0.2520,186.00,88.00,-1447.74,-1974.18,521565.5625,0.04305558
"test5",40,38,291.00,564.00,191,0.2362,180.00,87.00,-2400.00,-2400.00,34880.1836,0.00000019
"test5",40,39,279.00,552.00,196,0.2283,173.00,87.00,-2276.69,-2276.67,135552.3438,0.00000126
"test5",40,40,269.89,542.89,200,0.2283,173.00,87.00,-1893.25,-1893.31,320479.7500,0.00000530
"test5",40,41,268.00,541.00,201,0.2283,166.00,89.00,-1666.67,-1666.67,40008.7305,0.00379977
"test5",40,42,258.00,531.00,207,0.2205,159.00,90.00,-1432.91,-1612.04,0.0000,0.00000000
"test5",40,43,250.84,522.94,212,0.2205,159.00,90.00,-1432.91,-1612.04,0.0000,0.00000000
"test5",40,44,250.00,522.00,212,0.2126,153.00,90.00,-1400.00,-2000.00,234650.1250,0.00359709
"test5",40,45,243.00,512.00,217,0.1969,147.00,88.00,-817.82,-981.38,0.0000,0.00000000
"test5",40,46,238.09,506.11,223,0.1969,147.00,88.00,-817.82,-981.38,0.0000,0.00000000
"test5",40,47,238.00,506.00,223,0.1890,140.00,86.00,-600.00,-600.00,89442.7188,0.03928371
"test5",40,48,235.00,503.00,228,0.1654,135.00,82.00,-400.00,-200.00,59250.8867,0.00000682
"test5",40,49,233.00,502.00,233,0.1496,129.00,77.00,-135.03,-67.50,124905.2578,3.92540932
"test5",40,50,232.86,501.93,234,0.1496,129.00,77.00,-172.99,-186.50,6038.3662,0.03281517
"test5",40,51,232.00,501.00,239,0.1339,124.00,72.00,-200.00,-200.00,6716.3071,0.00005395
"test5",40,52,231.00,500.00,244,0.1260,120.00,69.00,-176.24,-176.27,249261.1875,0.00000000
"test5",40,53,230.82,499.82,245,0.1260,120.00,69.00,0.00,0.00,49557.2266,0.00000000
"test5",40,54,230.82,499.82,249,0.1181,115.00,67.00,196.04,29.38,14236.0732,0.17364743
"test5",40,55,232.00,500.00,255,0.1102,111.00,68.00,276.25,0.00,276245.1250,0.00000000
"test5",40,56,232.28,500.00,256,0.1102,111.00,68.00,0.00,0.00,36187.7422,0.00000000
"test5",40,57,232.28,500.00,260,0.1102,108.00,69.00,144.75,0.00,7638.8550,0.00000000
"test5",40,58,233.00,500.00,265,0.1102,105.00,71.00,182.95,0.00,180878.9688,0.00000000
"test5",40,59,233.37,500.00,267,0.1102,105.00,71.00,544.70,0.00,181567.7344,0.00000000
"test5",40,60,235.00,500.00,270,0.1102,102.00,72.00,0.00,0.00,0.0000,0.00000000
"test5",40,61,235.00,500.00,276,0.1102,100.00,74.00,0.00,0.00,0.0000,0.00000000
"test5",40,62,235.00,500.00,278,0.1102,100.00,74.00,0.00,0.00,0.0000,0.00000000
"test5",40,63,235.00,500.00,281,0.1102,99.00,76.00,0.00,0.00,0.0000,0.00000000
"test5",40,64,235.00,500.00,286,0.1181,99.00,78.00,0.00,0.00,111111.1172,0.00000000
"test5",40,65,235.00,500.00,289,0.1102,100.00,74.00,0.00,-333.33,111111.1172,0.00000000
"test5",40,66,235.00,499.00,292,0.1102,97.00,78.00,0.00,0.00,0.0000,0.00000000
"test5",40,67,235.00,499.00,296,0.1102,97.00,78.00,0.00,0.00,0.0000,0.00000000
"test5",39,0,393.00,985.00,0,0.0866,102.00,58.00,0.00,0.00,0.0000,0.00000000
"test5",39,1,393.00,985.00,15,0.0866,102.00,58.00,0.00,0.00,0.0000,0.00000000
"test5",39,2,393.00,985.00,22,0.0866,102.00,58.00,0.00,0.00,0.0000,0.00000000
"test5",39,3,393.00,985.00,26,0.0866,102.00,58.00,0.00,0.00,0.0000,0.00000000
"test5",39,4,393.00,985.00,31,0.0866,102.00,58.00,0.00,0.00,0.0000,0.00000000
"test5",39,5,393.00,985.00,33,0.0866,102.00,58.00,0.00,0.00,0.0000,0.00000000
"test5",39,6,393.00,985.00,37,0.0866,101.00,58.00,0.00,0.00,0.0000,0.00000000
"test5",39,7,393.00,985.00,42,0.0866,101.00,58.00,0.00,0.00,0.0000,0.00000000
"test5",39,8,393.00,985.00,44,0.0866,102.00,58.00,0.00,0.00,0.0000,0.00000000
"test5",39,9,393.00,985.00,47,0.0866,101.00,58.00,0.00,0.00,0.0000,0.00000000
"test5",39,10,393.00,985.00,53,0.0866,101.00,58.00,0.00,0.00,0.0000,0.00000000
"test5",39,11,393.00,985.00,55,0.0866,102.00,58.00,0.00,0.00,0.0000,0.00000000
"test5",39,12,393.00,985.00,58,0.0787,101.00,55.00,0.00,0.00,0.0000,0.00000000
"test5",39,13,393.00,985.00,63,0.0709,101.00,51.00,0.00,0.00,0.0000,0.00000000
"test5",39,14,393.00,985.00,66,0.0866,102.00,58.00,0.00,0.00,0.0000,0.00000000
"test5",39,15,393.00,985.00,68,0.0709,100.00,48.00,0.00,0.00,0.0000,0.00000000
"test5",39,16,393.00,985.00,74,0.0709,100.00,47.00,0.00,0.00,0.0000,0.00000000
"test5",39,17,393.00,985.00,77,0.0866,102.00,58.00,0.00,0.00,0.0000,0.00000000
"test5",39,18,393.00,985.00,79,0.0709,100.00,47.00,0.00,0.00,0.0000,0.00000000
"test5",39,19,393.00,985.00,84,0.0709,100.00,46.00,0.00,0.00,0.0000,0.00000000
"test5",39,20,393.00,985.00,89,0.0866,102.00,58.00,0.00,0.00,0.0000,0.00000000
"test5",39,21,393.00,985.00,90,0.0945,100.00,63.00,0.00,0.00,0.0000,0.00000000
"test5",39,22,393.00,985.00,95,0.0945,101.00,63.00,0.00,0.00,0.0000,0.00000000
"test5",39,23,393.00,985.00,100,0.0866,102.00,58.00,0.00,0.00,0.0000,0.00000000
"test5",39,24,393.00,985.00,100,0.1811,116.00,100.00,0.00,0.00,0.0000,0.00000000
"test5",39,25,393.00,985.00,106,0.1811,117.00,101.00,0.00,0.00,0.0000,0.00000000
"test5",39,26,393.00,985.00,111,0.0866,102.00,58.00,0.00,0.00,0.0000,0.00000000
"test5",39,27,393.00,982.00,111,0.1811,118.00,101.00,500.00,-1166.67,134485.7656,0.02173348
"test5",39,28,396.00,975.00,117,0.1811,121.00,101.00,1000.00,-1800.00,0.0000,0.00000000
"test5",39,29,401.00,966.00,122,0.1890,125.00,101.00,1000.00,-1800.00,0.0000,0.00000000
"test5",39,30,401.33,965.41,122,0.1890,125.00,101.00,934.75,-2082.54,135108.4063,0.02144885
"test5",39,31,406.00,955.00,127,0.1969,130.00,101.00,1600.00,-2200.00,148173.7500,0.00000012
"test5",39,32,414.00,944.00,132,0.2126,136.00,100.00,1164.25,-1600.83,1413982.2500,0.06755421
"test5",39,33,415.16,942.40,133,0.2126,136.00,100.00,1767.15,-2879.83,168047.3125,0.00013537
"test5",39,34,424.00,928.00,138,0.2205,144.00,99.00,2200.00,-3600.00,242826.7813,0.00000026
"test5",39,35,435.00,910.00,143,0.2283,152.00,99.00,2833.13,-4635.99,1310848.1250,0.00441702
"test5",39,36,437.83,905.36,144,0.2283,152.00,99.00,2041.72,-3591.00,76371.3594,0.00437304
"test5",39,37,446.00,891.00,148,0.2441,160.00,98.00,2333.33,-3500.00,766931.6250,0.00000032
"test5",39,38,460.00,870.00,154,0.2520,168.00,97.00,4885.86,-7328.74,5047532.5000,0.00089403
"test5",39,39,464.89,862.67,155,0.2520,168.00,97.00,2028.53,-3167.82,183310.4219,0.00049631
"test5",39,40,473.00,850.00,159,0.2520,173.00,96.00,2400.00,-3800.00,92473.1797,0.00000013
"test5",39,41,485.00,831.00,164,0.2598,177.00,95.00,2646.91,-4190.92,1081716.1250,0.00158503
"test5",39,42,490.29,822.62,166,0.2598,177.00,95.00,1426.54,-2404.54,377173.4688,0.00699829
"test5",39,43,496.00,813.00,170,0.2598,179.00,94.00,2000.00,-3800.00,143139.3906,0.00000000
"test5",39,44,506.00,794.00,175,0.2520,179.00,93.00,1666.67,-3166.67,455589.4375,0.00606178
"test5",39,45,511.00,784.50,178,0.2520,179.00,93.00,2500.00,-4250.00,581485.1875,0.00208543
"test5",39,46,516.00,776.00,180,0.2520,179.00,92.00,2000.00,-3200.00,125786.4063,0.00000000
"test5",39,47,526.00,760.00,185,0.2520,177.00,92.00,1666.67,-2666.67,157134.8906,0.01548312
"test5",39,48,531.00,752.00,188,0.2520,177.00,92.00,2000.00,-2333.33,111111.1328,0.00076564
"test5",39,49,537.00,745.00,191,0.2441,175.00,92.00,2200.00,-2600.00,113529.2266,0.00000000
"test5",39,50,548.00,732.00,196,0.2441,171.00,93.00,1833.33,-2166.67,196418.5156,0.01822407
"test5",39,51,553.50,725.50,199,0.2441,171.00,93.00,1750.00,-2750.00,728869.0000,0.00180462
"test5",39,52,557.00,720.00,201,0.2362,166.00,93.00,1000.00,-1500.00,70038.9453,0.01936619
"test5",39,53,563.00,711.00,207,0.2283,161.00,93.00,583.53,-1556.09,58621.4766,0.00000332
"test5",39,54,565.33,704.78,211,0.2283,161.00,93.00,665.89,-1775.63,70254.0078,0.01953491
"test5",39,55,566.00,703.00,212,0.2205,154.00,93.00,600.00,-1800.00,150472.6875,0.00923489
"test5",39,56,569.00,694.00,217,0.2126,148.00,93.00,525.66,-1051.32,68850.8047,0.00000000
"test5",39,57,571.63,688.74,222,0.2126,148.00,93.00,371.70,-743.41,63271.5508,0.00000000
"test5",39,58,572.00,688.00,223,0.2047,143.00,93.00,400.00,-800.00,44480.8672,0.02154454
"test5",39,59,574.00,684.00,228,0.1969,138.00,92.00,385.39,-578.08,0.0000,0.00000000
"test5",39,60,575.93,681.11,233,0.1969,138.00,92.00,385.39,-578.08,0.0000,0.00000000
"test5",39,61,576.00,681.00,233,0.1890,135.00,92.00,0.00,-333.33,40061.6797,0.29999998
"test5",39,62,576.00,679.00,239,0.1890,132.00,92.00,200.00,-200.00,0.0000,0.00000000
"test5",39,63,577.00,678.00,244,0.1811,129.00,93.00,200.00,-200.00,0.0000,0.00000000
"test5",39,64,577.05,677.95,244,0.1811,129.00,93.00,-10.75,-189.23,37907.7500,0.00000000
"test5",39,65,577.00,677.00,249,0.1811,127.00,93.00,0.00,0.00,0.0000,0.00000000
"test5",39,66,577.00,677.00,255,0.1732,125.00,93.00,0.00,0.00,0.0000,0.00000000
"test5",39,67,577.00,677.00,255,0.1732,125.00,93.00,0.00,0.00,40000.0000,0.00000000
"test5",39,68,577.00,677.00,260,0.1732,123.00,93.00,-200.00,0.00,4250.4883,0.00000000
"test5",39,69,576.00,677.00,265,0.1732,122.00,93.00,-221.25,0.00,26565.5508,0.00000000
"test5",39,70,575.78,677.00,266,0.1732,122.00,93.00,-194.69,0.00,34661.6133,0.00000000
"test5",39,71,575.00,677.00,270,0.1732,121.00,93.00,-333.33,0.00,41683.6211,0.00000000
"test5",39,72,573.00,677.00,276,0.1732,120.00,93.00,-583.44,0.00,479293.8125,0.00000000
"test5",39,73,572.42,677.00,277,0.1732,120.00,93.00,-104.14,0.00,23964.6914,0.00000000
"test5",39,74,572.00,677.00,281,0.1654,119.00,93.00,-200.00,0.00,40000.0000,0.00000000
"test5",39,75,571.00,677.00,286,0.1654,118.00,93.00,0.00,0.00,0.0000,0.00000000
"test5",39,76,571.00,677.00,291,0.1654,118.00,93.00,0.00,0.00,0.0000,0.00000000
"test5",38,0,700.00,631.00,0,0.0945,89.00,70.00,0.00,0.00,0.0000,0.00000000
"test5",38,1,700.00,631.00,10,0.0945,90.00,70.00,0.00,0.00,0.0000,0.00000000
"test5",38,2,700.00,631.00,15,0.0945,90.00,70.00,0.00,0.00,0.0000,0.00000000
"test5",38,3,700.00,631.00,18,0.0945,90.00,70.00,0.00,0.00,0.0000,0.00000000
"test5",38,4,700.00,631.00,21,0.0945,90.00,70.00,0.00,0.00,0.0000,0.00000000
"test5",38,5,700.00,631.00,26,0.0945,90.00,70.00,0.00,0.00,0.0000,0.00000000
"test5",38,6,700.00,631.00,28,0.0945,90.00,70.00,0.00,0.00,0.0000,0.00000000
"test5",38,7,700.00,631.00,31,0.0945,90.00,70.00,0.00,0.00,0.0000,0.00000000
"test5",38,8,700.00,631.00,37,0.0945,92.00,71.00,0.00,0.00,0.0000,0.00000000
"test5",38,9,700.00,631.00,39,0.0945,90.00,70.00,0.00,0.00,0.0000,0.00000000
"test5",38,10,700.00,631.00,42,0.0945,93.00,71.00,0.00,0.00,0.0000,0.00000000
"test5",38,11,700.00,631.00,47,0.0945,93.00,71.00,0.00,0.00,0.0000,0.00000000
"test5",38,12,700.00,631.00,50,0.0945,90.00,70.00,0.00,0.00,0.0000,0.00000000
"test5",38,13,700.00,631.00,53,0.0945,93.00,71.00,0.00,0.00,0.0000,0.00000000
"test5",38,14,700.00,631.00,58,0.1024,94.00,71.00,0.00,0.00,0.0000,0.00000000
"test5",38,15,700.00,631.00,62,0.0945,90.00,70.00,0.00,0.00,0.0000,0.00000000
"test5",38,16,700.00,631.00,63,0.1024,94.00,70.00,0.00,0.00,0.0000,0.00000000
"test5",38,17,700.00,631.00,68,0.1024,94.00,70.00,0.00,0.00,0.0000,0.00000000
"test5",38,18,700.00,631.00,73,0.0945,90.00,70.00,0.00,0.00,0.0000,0.00000000
"test5",38,19,700.00,631.00,74,0.0945,94.00,69.00,0.00,0.00,0.0000,0.00000000
"test5",38,20,700.00,631.00,79,0.1024,108.00,64.00,0.00,0.00,0.0000,0.00000000
"test5",38,21,700.00,631.00,84,0.0945,90.00,70.00,0.00,0.00,0.0000,0.00000000
"test5",38,22,700.00,631.00,84,0.1024,108.00,65.00,0.00,0.00,0.0000,0.00000000
"test5",38,23,700.00,631.00,90,0.1102,108.00,66.00,0.00,0.00,0.0000,0.00000000
"test5",38,24,700.00,631.00,95,0.1102,108.00,67.00,0.00,0.00,0.0000,0.00000000
"test5",38,25,700.00,631.00,95,0.0945,90.00,70.00,200.00,-400.00,137436.8594,0.44721356
"test5",38,26,701.00,629.00,100,0.1102,108.00,69.00,833.33,-666.67,0.0000,0.00000000
"test5",38,27,706.00,625.00,106,0.1181,111.00,73.00,833.33,-666.67,0.0000,0.00000000
"test5",38,28,706.55,624.56,106,0.1181,111.00,73.00,1089.48,-711.57,65991.6875,0.03108921
"test5",38,29,712.00,621.00,111,0.1339,114.00,77.00,1400.00,-600.00,37221.0156,0.00000276
"test5",38,30,719.00,618.00,116,0.1417,118.00,81.00,1571.04,-673.34,576071.0000,0.04495392
"test5",38,31,720.57,617.33,117,0.1417,118.00,81.00,1107.24,-331.67,49196.4297,0.02381922
"test5",38,32,725.00,616.00,121,0.1575,123.00,84.00,1000.00,-166.67,147834.9063,0.00000162
"test5",38,33,731.00,615.00,127,0.1654,126.00,87.00,1874.94,-312.50,1399302.3750,0.04550285
"test5",38,34,732.87,614.69,128,0.1654,126.00,87.00,531.27,78.13,38188.7461,0.05045665
"test5",38,35,735.00,615.00,132,0.1732,127.00,90.00,400.00,0.00,26183.2695,0.00000000
"test5",38,36,737.00,615.00,137,0.1811,128.00,93.00,269.08,0.00,89694.5469,0.00000000
"test5",38,37,737.81,615.00,140,0.1811,128.00,93.00,0.00,0.00,0.0000,0.00000000
"test5",38,38,737.81,615.00,143,0.1811,127.00,95.00,0.00,0.00,0.0000,0.00000000
"test5",38,39,737.81,615.00,148,0.1890,126.00,96.00,0.00,0.00,467875.1563,0.00000000
"test5",38,40,737.81,615.00,151,0.1811,128.00,93.00,-1403.63,0.00,451812.7500,0.00000000
"test5",38,41,735.00,615.00,153,0.1811,123.00,98.00,-500.00,0.00,41666.6680,0.00000000
"test5",38,42,732.00,615.00,159,0.1811,120.00,99.00,-750.00,0.00,125000.0000,0.00000000
"test5",38,43,730.50,615.00,161,0.1811,120.00,99.00,-500.00,0.00,166666.6719,0.00000000
"test5",38,44,729.00,615.00,164,0.1811,117.00,100.00,-1000.00,0.00,33333.3359,0.00000000
"test5",38,45,724.00,615.00,169,0.1732,114.00,100.00,-833.33,0.00,111111.1094,0.00000000
"test5",38,46,721.50,615.00,172,0.1732,114.00,100.00,-500.00,0.00,74535.6016,0.26666665
"test5",38,47,720.00,615.00,175,0.1732,112.00,100.00,-600.00,200.00,60971.2539,0.05848930
"test5",38,48,717.00,616.00,180,0.1654,109.00,100.00,-369.92,0.00,37601.4727,0.00000000
"test5",38,49,715.52,616.00,184,0.1654,109.00,100.00,-520.32,0.00,520324.7188,0.00000000
"test5",38,50,715.00,616.00,185,0.1654,108.00,100.00,0.00,0.00,0.0000,0.00000000
"test5",38,51,715.00,616.00,191,0.1575,107.00,99.00,0.00,0.00,0.0000,0.00000000
"test5",38,52,715.00,616.00,195,0.1575,107.00,99.00,0.00,0.00,0.0000,0.00000000
"test5",38,53,715.00,616.00,196,0.1575,106.00,99.00,0.00,0.00,0.0000,0.00000000
"test5",38,54,715.00,616.00,201,0.1575,107.00,99.00,0.00,0.00,400000.0000,0.00000000
"test5",38,55,715.00,616.00,206,0.1575,107.00,99.00,2000.00,0.00,1400000.0000,0.00000000
"test5",38,56,717.00,616.00,207,0.1654,109.00,99.00,600.00,0.00,40000.0000,0.00000000
"test5",38,57,720.00,616.00,212,0.1654,111.00,99.00,400.00,0.00,0.0000,0.00000000
"test5",38,58,722.00,616.00,217,0.1654,113.00,99.00,400.00,0.00,0.0000,0.00000000
"test5",38,59,722.03,616.00,217,0.1654,113.00,99.00,495.60,-166.67,56557.3359,0.03886402
"test5",38,60,725.00,615.00,223,0.1732,115.00,99.00,200.00,0.00,0.0000,0.00000000
"test5",38,61,726.00,615.00,228,0.1732,117.00,99.00,200.00,0.00,0.0000,0.00000000
"test5",38,62,726.10,615.00,228,0.1732,117.00,99.00,0.00,0.00,0.0000,0.00000000
"test5",38,63,726.10,615.00,233,0.1732,117.00,99.00,0.00,0.00,0.0000,0.00000000
"test5",38,64,726.10,615.00,238,0.1732,117.00,99.00,0.00,0.00,0.0000,0.00000000
"test5",37,0,513.00,644.00,0,0.1024,96.00,69.00,0.00,0.00,0.0000,0.00000000
"test5",37,1,513.00,644.00,10,0.1024,96.00,69.00,0.00,0.00,0.0000,0.00000000
"test5",37,2,513.00,644.00,13,0.1024,96.00,69.00,0.00,0.00,0.0000,0.00000000
"test5",37,3,513.00,644.00,15,0.1024,96.00,70.00,0.00,0.00,0.0000,0.00000000
"test5",37,4,513.00,644.00,20,0.1024,96.00,72.00,0.00,0.00,0.0000,0.00000000
"test5",37,5,513.00,644.00,24,0.1024,96.00,69.00,0.00,0.00,0.0000,0.00000000
"test5",37,6,513.00,644.00,25,0.1102,96.00,74.00,0.00,0.00,0.0000,0.00000000
"test5",37,7,513.00,644.00,31,0.1102,96.00,76.00,0.00,0.00,0.0000,0.00000000
"test5",37,8,513.00,644.00,34,0.1024,96.00,69.00,0.00,0.00,0.0000,0.00000000
"test5",37,9,513.00,644.00,36,0.1102,97.00,78.00,0.00,0.00,0.0000,0.00000000
"test5",37,10,513.00,644.00,41,0.1181,97.00,81.00,0.00,0.00,0.0000,0.00000000
"test5",37,11,513.00,644.00,46,0.1024,96.00,69.00,0.00,0.00,0.0000,0.00000000
"test5",37,12,513.00,644.00,47,0.1181,97.00,82.00,0.00,0.00,0.0000,0.00000000
"test5",37,13,513.00,644.00,52,0.1260,97.00,84.00,0.00,0.00,0.0000,0.00000000
"test5",37,14,513.00,644.00,57,0.1260,97.00,84.00,0.00,0.00,0.0000,0.00000000
"test5",37,15,513.00,644.00,57,0.1024,96.00,69.00,0.00,0.00,0.0000,0.00000000
"test5",37,16,513.00,644.00,63,0.1181,97.00,83.00,0.00,0.00,0.0000,0.00000000
"test5",37,17,513.00,644.00,68,0.1181,96.00,82.00,0.00,0.00,0.0000,0.00000000
"test5",37,18,513.00,644.00,68,0.1024,96.00,69.00,0.00,0.00,0.0000,0.00000000
"test5",37,19,513.00,644.00,73,0.1181,96.00,81.00,0.00,0.00,0.0000,0.00000000
"test5",37,20,513.00,644.00,79,0.1181,96.00,81.00,0.00,0.00,0.0000,0.00000000
"test5",37,21,513.00,644.00,80,0.1024,96.00,69.00,0.00,0.00,0.0000,0.00000000
"test5",37,22,513.00,644.00,84,0.1181,96.00,81.00,0.00,0.00,0.0000,0.00000000
"test5",37,23,513.00,644.00,89,0.1181,96.00,81.00,0.00,0.00,0.0000,0.00000000
"test5",37,24,513.00,644.00,91,0.1024,96.00,69.00,0.00,0.00,100000.0000,0.00000000
"test5",37,25,513.00,644.00,95,0.1181,96.00,83.00,-400.00,0.00,12321.1670,0.00000000
"test5",37,26,511.00,644.00,100,0.1260,98.00,84.00,-338.39,0.00,644270.8125,2.91093850
"test5",37,27,510.32,644.00,102,0.1260,98.00,84.00,-1441.07,666.67,107017.8047,0.00476656
"test5",37,28,506.00,646.00,105,0.1339,102.00,86.00,-1166.67,500.00,72612.0938,0.00000124
"test5",37,29,499.00,649.00,111,0.1417,107.00,88.00,-1567.11,671.63,221605.9531,0.00752441
"test5",37,30,495.87,650.34,113,0.1417,107.00,88.00,-1955.26,885.58,86423.3125,0.01294538
"test5",37,31,490.00,653.00,116,0.1575,113.00,90.00,-2200.00,800.00,81029.8984,0.00000013
"test5",37,32,479.00,657.00,121,0.1732,120.00,93.00,-1819.24,661.54,255427.5625,0.04813132
"test5",37,33,473.54,658.98,124,0.1732,120.00,93.00,-2514.09,338.46,332976.0625,0.01757073
"test5",37,34,466.00,660.00,127,0.1890,128.00,94.00,-3400.00,800.00,174642.4844,0.00000000
"test5",37,35,449.00,664.00,132,0.1969,138.00,95.00,-4250.00,1000.00,41666.7500,0.00050063
"test5",37,36,440.50,666.00,134,0.1969,138.00,95.00,-4166.67,1000.00,221387.3594,0.00084734
"test5",37,37,428.00,669.00,137,0.2126,148.00,95.00,-4800.00,1200.00,167686.2656,0.00034269
"test5",37,38,404.00,675.00,142,0.2283,159.00,94.00,-3977.45,1037.60,111703.3750,0.00000011
"test5",37,39,388.09,679.15,146,0.2283,159.00,94.00,-3545.10,924.80,628572.9375,0.00908889
"test5",37,40,381.00,681.00,148,0.2362,168.00,91.00,-4800.00,1000.00,144528.9063,0.00247107
"test5",37,41,357.00,686.00,153,0.2283,175.00,86.00,-4215.65,574.86,232576.8438,0.00000007
"test5",37,42,340.14,688.30,157,0.2283,175.00,86.00,-5137.42,700.56,2004676.6250,0.00362984
"test5",37,43,335.00,689.00,158,0.2205,179.00,80.00,-3166.67,333.33,82960.6016,0.00569336
"test5",37,44,316.00,691.00,164,0.2047,180.00,74.00,-2774.86,640.35,224324.1406,0.00000041
"test5",37,45,304.90,693.56,168,0.2047,180.00,74.00,-1900.54,438.60,636275.0000,0.12608616
"test5",37,46,303.00,694.00,169,0.1890,178.00,70.00,-2200.00,1000.00,124731.6953,0.00657251
"test5",37,47,292.00,699.00,174,0.1811,174.00,68.00,-1739.21,579.74,302578.0938,0.00000000
"test5",37,48,283.30,701.90,179,0.1811,174.00,68.00,-303.96,101.32,944514.2500,0.00000000
"test5",37,49,283.00,702.00,180,0.1732,168.00,67.00,-1200.00,400.00,120000.0000,0.02371708
"test5",37,50,277.00,704.00,185,0.1654,162.00,68.00,-600.00,400.00,84858.5703,0.00001302
"test5",37,51,274.00,706.00,190,0.1654,155.00,70.00,-246.95,164.67,73443.6953,0.78657806
"test5",37,52,273.75,706.16,191,0.1654,155.00,70.00,-188.26,208.83,70291.2031,0.00000000
"test5",37,53,273.00,707.00,195,0.1575,147.00,72.00,0.00,0.00,0.0000,0.00000000
"test5",37,54,273.00,707.00,201,0.1575,139.00,75.00,0.00,0.00,250000.0000,0.00000000
"test5",37,55,273.00,707.00,202,0.1575,139.00,75.00,250.00,0.00,62500.0000,0.00000000
"test5",37,56,274.00,707.00,206,0.1575,132.00,79.00,0.00,0.00,0.0000,0.00000000
"test5",37,57,274.00,707.00,211,0.1575,126.00,82.00,0.00,0.00,176776.6875,0.00000000
"test5",37,58,274.00,707.00,213,0.1575,126.00,82.00,250.00,250.00,88388.3438,0.00000000
"test5",37,59,275.00,708.00,217,0.1575,120.00,84.00,0.00,0.00,0.0000,0.00000000
"test5",37,60,275.00,708.00,222,0.1496,117.00,87.00,0.00,0.00,0.0000,0.00000000
"test5",37,61,275.00,708.00,224,0.1496,117.00,87.00,0.00,0.00,0.0000,0.00000000
"test5",37,62,275.00,708.00,227,0.1575,113.00,90.00,0.00,0.00,0.0000,0.00000000
"test5",37,63,275.00,708.00,233,0.1496,111.00,91.00,0.00,0.00,166666.6719,0.00000000
"test5",37,64,275.00,708.00,235,0.1496,117.00,87.00,-333.33,0.00,111111.1172,0.00000000
"test5",37,65,274.00,708.00,238,0.1496,108.00,93.00,0.00,0.00,0.0000,0.00000000
"test5",37,66,274.00,708.00,243,0.1496,107.00,93.00,0.00,0.00,111111.1172,0.00000000
"test5",37,67,274.00,708.00,246,0.1496,107.00,93.00,0.00,333.33,129576.7109,0.59999996
"test5",37,68,274.00,709.00,249,0.1496,106.00,94.00,200.00,0.00,40000.0000,0.00000000
"test5",37,69,275.00,709.00,254,0.0394,107.00,28.00,0.00,0.00,0.0000,0.00000000
"test5",37,70,275.00,709.00,258,0.0394,107.00,28.00,0.00,0.00,0.0000,0.00000000
"test5",36,0,269.00,842.00,0,0.1181,104.00,77.00,0.00,0.00,0.0000,0.00000000
"test5",36,1,269.00,842.00,10,0.0079,103.00,5.00,0.00,0.00,0.0000,0.00000000
"test5",36,2,269.00,842.00,14,0.0079,103.00,5.00,0.00,0.00,0.0000,0.00000000
"test5",36,3,269.00,842.00,21,0.0079,104.00,5.00,0.00,0.00,0.0000,0.00000000
"test5",36,4,269.00,842.00,25,0.0079,103.00,5.00,0.00,0.00,0.0000,0.00000000
"test5",36,5,269.00,842.00,85,0.0079,104.00,5.00,0.00,0.00,0.0000,0.00000000
"test5",36,6,269.00,842.00,90,0.0079,105.00,6.00,0.00,0.00,0.0000,0.00000000
"test5",36,7,269.00,842.00,91,0.0079,103.00,5.00,0.00,0.00,131761.5625,0.00000000
"test5",36,8,269.00,842.00,95,0.0157,105.00,10.00,166.67,-500.00,12985.0225,0.00000290
"test5",36,9,270.00,839.00,101,0.0236,106.00,17.00,191.30,-573.91,855105.2500,0.72009200
"test5",36,10,270.38,837.85,103,0.0236,106.00,17.00,1205.80,-1950.72,133633.3906,0.02215742
"test5",36,11,274.00,832.00,106,0.0394,110.00,27.00,1400.00,-1600.00,103351.5313,0.00000000
"test5",36,12,281.00,824.00,111,0.0630,114.00,36.00,1059.71,-1211.10,453157.9375,0.05246903
"test5",36,13,284.18,820.37,114,0.0630,114.00,36.00,1606.95,-2455.57,156275.8750,0.01814599
"test5",36,14,289.00,813.00,117,0.0787,121.00,45.00,2000.00,-2200.00,99107.1250,0.00000000
"test5",36,15,299.00,802.00,122,0.1024,129.00,52.00,1666.67,-1833.33,1379132.2500,0.03104641
"test5",36,16,304.00,796.50,125,0.1024,129.00,52.00,4000.00,-5250.00,1231107.2500,0.00652127
"test5",36,17,312.00,786.00,127,0.1260,139.00,60.00,3000.00,-3000.00,353553.3750,0.00000000
"test5",36,18,330.00,768.00,133,0.1496,150.00,67.00,4500.00,-4500.00,824957.9375,0.00000000
"test5",36,19,339.00,759.00,135,0.1496,150.00,67.00,3333.33,-3333.33,260336.7969,0.00151523
"test5",36,20,349.00,749.00,138,0.1732,161.00,73.00,2857.14,-2714.29,595319.5000,0.00381762
"test5",36,21,369.00,730.00,145,0.2047,171.00,78.00,5577.51,-5871.09,1201492.7500,0.00000023
"test5",36,22,380.16,718.26,147,0.2047,171.00,78.00,3922.49,-4128.91,88909.3359,0.00000026
"test5",36,23,388.00,710.00,149,0.2283,179.00,82.00,3800.00,-4000.00,275862.2813,0.00000000
"test5",36,24,407.00,690.00,154,0.2362,185.00,85.00,4750.00,-5000.00,1740549.8750,0.00279457
"test5",36,25,416.50,680.00,156,0.2362,185.00,85.00,2166.67,-2666.67,468909.9063,0.00191746
"test5",36,26,423.00,672.00,159,0.2598,189.00,88.00,3000.00,-3800.00,141308.8125,0.00117789
"test5",36,27,438.00,653.00,164,0.2677,190.00,90.00,2462.28,-3341.67,260859.0313,0.00000034
"test5",36,28,450.31,636.29,169,0.2677,190.00,90.00,1688.60,-2291.63,2153674.7500,0.00522354
"test5",36,29,452.00,634.00,170,0.2677,190.00,90.00,3000.00,-4000.00,90578.2344,0.00334367
"test5",36,30,467.00,614.00,175,0.2677,189.00,92.00,3229.72,-3609.69,713362.0000,0.00000023
"test5",36,31,483.15,595.95,180,0.2677,189.00,92.00,851.41,-951.54,3129212.2500,0.11072255
"test5",36,32,484.00,595.00,181,0.2677,186.00,93.00,2800.00,-3400.00,113137.0859,0.00056174
"test5",36,33,498.00,578.00,186,0.2598,181.00,93.00,2400.00,-3000.00,0.0000,0.00000000
"test5",36,34,510.00,563.00,191,0.2441,175.00,93.00,2400.00,-3000.00,0.0000,0.00000000
"test5",36,35,510.54,562.33,191,0.2441,175.00,93.00,2292.77,-2665.97,135560.2656,0.00547759
"test5",36,36,522.00,549.00,196,0.2441,170.00,93.00,2166.67,-2000.00,162085.8281,0.00000079
"test5",36,37,535.00,537.00,202,0.2362,165.00,94.00,1452.09,-1340.33,1599593.2500,0.00359675
"test5",36,38,536.45,535.66,203,0.2362,165.00,94.00,2636.98,-2414.92,121742.3281,0.00267153
"test5",36,39,547.00,526.00,207,0.2283,159.00,95.00,2200.00,-2200.00,294902.0313,0.00000045
"test5",36,40,558.00,515.00,212,0.2283,155.00,96.00,1157.38,-1157.35,257082.9219,0.06599346
"test5",36,41,560.31,512.69,214,0.2283,155.00,96.00,1171.31,-1671.33,167984.6094,0.02453483
"test5",36,42,565.00,506.00,218,0.2205,150.00,94.00,1200.00,-1000.00,108079.2500,0.00000064
"test5",36,43,571.00,501.00,223,0.2047,144.00,92.00,784.85,-654.05,89141.7344,0.06132834
"test5",36,44,572.57,499.69,225,0.2047,144.00,92.00,607.57,-672.97,99788.1953,0.10345597
"test5",36,45,575.00,497.00,229,0.1969,140.00,90.00,1000.00,-600.00,31709.4434,0.00000077
"test5",36,46,580.00,494.00,234,0.1811,135.00,88.00,864.04,-518.43,321670.4688,0.30965844
"test5",36,47,581.73,492.96,236,0.1811,135.00,88.00,423.97,-987.71,165354.0781,0.03147332
"test5",36,48,583.00,490.00,239,0.1339,105.00,83.00,333.33,-500.00,25503.1309,0.00000000
"test5",36,49,585.00,487.00,245,0.1339,105.00,83.00,418.21,-627.32,396666.7500,0.32528120
"test5",36,50,585.84,485.75,247,0.1339,105.00,83.00,-278.81,-248.45,94329.2109,0.35688147
"test5",36,51,585.00,485.00,250,0.1654,117.00,93.00,0.00,-200.00,6666.6655,0.00000000
"test5",36,52,585.00,484.00,255,0.1654,117.00,94.00,0.00,-166.67,55555.5586,0.00000000
"test5",36,53,585.00,483.50,258,0.1654,117.00,94.00,0.00,0.00,171796.0781,0.00000000
"test5",36,54,585.00,483.50,260,0.1654,117.00,94.00,-333.33,83.33,25523.4004,0.14371294
"test5",36,55,583.00,484.00,266,0.1181,96.00,81.00,-419.64,209.84,18303.3262,0.00006566
"test5",36,56,581.74,484.63,269,0.1181,96.00,81.00,-370.54,185.24,114964.8516,0.26046699
"test5",36,57,581.00,485.00,271,0.1181,96.00,81.00,-600.00,200.00,62413.9375,0.05699106
"test5",36,58,578.00,486.00,276,0.1181,96.00,81.00,-360.44,0.00,20332.3359,0.00000000
"test5",36,59,576.56,486.00,280,0.1181,96.00,81.00,-279.11,0.00,107539.5156,1.28362274
"test5",36,60,576.00,486.00,282,0.1181,98.00,81.00,-200.00,200.00,40002.8242,0.35775596
"test5",36,61,575.00,487.00,287,0.1260,99.00,82.00,-202.38,0.00,2971.6492,0.00000000
"test5",36,62,574.19,487.00,291,0.1260,99.00,82.00,-190.49,0.00,190490.7188,0.00000000
"test5",36,63,574.00,487.00,292,0.1260,98.00,82.00,0.00,0.00,0.0000,0.00000000
"test5",36,64,574.00,487.00,297,0.1260,98.00,82.00,0.00,0.00,0.0000,0.00000000
"test5",35,0,282.00,692.00,0,0.0866,101.00,57.00,0.00,0.00,0.0000,0.00000000
"test5",35,1,282.00,692.00,10,0.0866,102.00,57.00,0.00,0.00,0.0000,0.00000000
"test5",35,2,282.00,692.00,15,0.0787,102.00,54.00,0.00,0.00,0.0000,0.00000000
"test5",35,3,282.00,692.00,18,0.0787,102.00,54.00,0.00,0.00,0.0000,0.00000000
"test5",35,4,282.00,692.00,21,0.0787,102.00,51.00,0.00,0.00,0.0000,0.00000000
"test5",35,5,282.00,692.00,26,0.0709,102.00,49.00,0.00,0.00,0.0000,0.00000000
"test5",35,6,282.00,692.00,30,0.0787,102.00,54.00,0.00,0.00,0.0000,0.00000000
"test5",35,7,282.00,692.00,31,0.0709,102.00,48.00,0.00,0.00,0.0000,0.00000000
"test5",35,8,282.00,692.00,37,0.0709,102.00,48.00,0.00,0.00,0.0000,0.00000000
"test5",35,9,282.00,692.00,41,0.0787,102.00,54.00,0.00,0.00,0.0000,0.00000000
"test5",35,10,282.00,692.00,42,0.0709,102.00,46.00,0.00,0.00,0.0000,0.00000000
"test5",35,11,282.00,692.00,47,0.0630,102.00,43.00,0.00,0.00,0.0000,0.00000000
"test5",35,12,282.00,692.00,52,0.0787,102.00,54.00,0.00,0.00,0.0000,0.00000000
"test5",35,13,282.00,692.00,53,0.0630,102.00,40.00,0.00,0.00,0.0000,0.00000000
"test5",35,14,282.00,692.00,58,0.0551,102.00,36.00,0.00,0.00,0.0000,0.00000000
"test5",35,15,282.00,692.00,63,0.0472,102.00,33.00,0.00,0.00,0.0000,0.00000000
"test5",35,16,282.00,692.00,63,0.0787,102.00,54.00,0.00,0.00,0.0000,0.00000000
"test5",35,17,282.00,692.00,68,0.0472,102.00,30.00,0.00,0.00,0.0000,0.00000000
"test5",35,18,282.00,692.00,74,0.0394,102.00,27.00,0.00,0.00,0.0000,0.00000000
"test5",35,19,282.00,692.00,74,0.0787,102.00,54.00,0.00,0.00,0.0000,0.00000000
"test5",35,20,282.00,692.00,79,0.0394,102.00,27.00,0.00,0.00,0.0000,0.00000000
"test5",35,21,282.00,692.00,84,0.0472,102.00,30.00,0.00,0.00,0.0000,0.00000000
"test5",35,22,282.00,692.00,85,0.0787,102.00,54.00,0.00,0.00,89442.7188,0.00000000
"test5",35,23,282.00,692.00,90,0.0472,102.00,33.00,200.00,-400.00,37182.2734,0.00000000
"test5",35,24,283.00,690.00,95,0.0551,102.00,39.00,283.14,-566.28,942493.6250,1.67350650
"test5",35,25,283.28,689.43,96,0.0551,102.00,39.00,1179.21,-858.43,52318.1328,0.00279101
"test5",35,26,288.00,686.00,100,0.0709,105.00,45.00,1333.33,-1000.00,12578.6611,0.00000037
"test5",35,27,296.00,680.00,106,0.0866,111.00,53.00,1393.71,-1045.29,848430.2500,0.13179623
"test5",35,28,298.79,677.91,108,0.0866,111.00,53.00,3070.86,-1303.14,160675.2969,0.00266559
"test5",35,29,308.00,674.00,111,0.1102,118.00,61.00,2600.00,-1200.00,154858.5000,0.00000007
"test5",35,30,321.00,668.00,116,0.1339,127.00,69.00,1896.97,-875.53,578736.5000,0.04800085
"test5",35,31,326.69,665.37,119,0.1339,127.00,69.00,3103.03,-2124.47,233684.3906,0.00781157
"test5",35,32,336.00,659.00,122,0.1575,137.00,74.00,3800.00,-2200.00,152833.4063,0.00000017
"test5",35,33,355.00,648.00,127,0.1732,147.00,78.00,3138.66,-1817.14,1098470.2500,0.01904758
"test5",35,34,364.42,642.55,130,0.1732,147.00,78.00,6292.01,-2774.29,1209630.6250,0.00228632
"test5",35,35,377.00,637.00,132,0.1890,159.00,78.00,4000.00,-2000.00,51987.0195,0.00154361
"test5",35,36,401.00,625.00,138,0.2047,168.00,79.00,4141.63,-2277.91,134706.7969,0.00000050
"test5",35,37,413.42,618.17,141,0.2047,168.00,79.00,3787.55,-2083.13,121236.2188,0.00000058
"test5",35,38,421.00,614.00,143,0.2126,175.00,81.00,4000.00,-2200.00,152169.5000,0.00000000
"test5",35,39,441.00,603.00,148,0.2283,180.00,83.00,3333.33,-1833.33,572653.6250,0.01009078
"test5",35,40,451.00,597.50,151,0.2283,180.00,83.00,5000.00,-2250.00,858980.3750,0.00505570
"test5",35,41,461.00,593.00,153,0.2362,183.00,85.00,3333.33,-1833.33,98607.6328,0.00419807
"test5",35,42,481.00,582.00,159,0.2441,184.00,87.00,3565.98,-2377.32,51110.1875,0.00000000
"test5",35,43,495.26,572.49,163,0.2441,184.00,87.00,3736.08,-2490.72,986904.4375,0.00687803
"test5",35,44,499.00,570.00,164,0.2441,183.00,87.00,3000.00,-1833.33,239187.4375,0.00561067
"test5",35,45,517.00,559.00,170,0.2362,180.00,87.00,4388.95,-2194.46,543560.6875,0.00000064
"test5",35,46,534.56,550.22,174,0.2362,180.00,87.00,2444.21,-1222.17,1671619.3750,0.03591926
"test5",35,47,537.00,549.00,175,0.2362,177.00,87.00,3800.00,-2200.00,227304.0938,0.00327675
"test5",35,48,556.00,538.00,180,0.2362,172.00,89.00,2696.91,-1926.37,0.0000,0.00000000
"test5",35,49,569.48,528.37,185,0.2362,172.00,89.00,2696.91,-1926.37,0.0000,0.00000000
"test5",35,50,570.00,528.00,185,0.2362,168.00,90.00,2500.00,-1500.00,232139.8125,0.00470780
"test5",35,51,585.00,519.00,191,0.2283,163.00,91.00,3800.00,-2000.00,0.0000,0.00000000
"test5",35,52,604.00,509.00,196,0.2205,159.00,92.00,3800.00,-2000.00,0.0000,0.00000000
"test5",35,53,605.33,508.30,196,0.2205,159.00,92.00,3134.70,-1460.38,165499.4688,0.00878679
"test5",35,54,621.00,501.00,201,0.2205,155.00,92.00,2333.33,-1666.67,0.0000,0.00000000
"test5",35,55,635.00,491.00,207,0.2126,152.00,91.00,2333.33,-1666.67,0.0000,0.00000000
"test5",35,56,637.56,489.17,207,0.2126,152.00,91.00,2688.31,-1834.50,224789.2813,0.00925037
"test5",35,57,651.00,480.00,212,0.2047,150.00,90.00,3800.00,-2000.00,258423.4844,0.00000009
"test5",35,58,670.00,470.00,217,0.2047,147.00,90.00,2656.59,-1398.19,262114.1719,0.01808668
"test5",35,59,675.31,467.20,219,0.2047,147.00,90.00,3171.71,-1300.90,49562.7461,0.00333651
"test5",35,60,688.00,462.00,223,0.2047,146.00,91.00,3000.00,-1400.00,48940.5273,0.00000020
"test5",35,61,703.00,455.00,228,0.1969,144.00,90.00,2778.26,-1296.51,88125.1094,0.00749924
"test5",35,62,708.56,452.41,230,0.1969,144.00,90.00,2814.49,-1468.99,108919.1094,0.01072497
"test5",35,63,717.00,448.00,233,0.1969,143.00,90.00,3000.00,-1200.00,155716.9063,0.00000014
"test5",35,64,732.00,442.00,238,0.1969,141.00,90.00,2277.10,-910.85,70270.3203,0.00685978
"test5",35,65,738.83,439.27,241,0.1969,141.00,90.00,2389.57,-1089.15,73199.1094,0.00867553
"test5",35,66,746.00,436.00,244,0.1890,139.00,90.00,2200.00,-1200.00,83533.0938,0.00000000
"test5",35,67,757.00,430.00,249,0.0787,78.00,68.00,1833.33,-1000.00,624227.8750,0.00915005
"test5",35,68,762.50,427.00,252,0.0787,78.00,68.00,250.00,0.00,150231.3125,1.33333337
"test5",35,69,763.00,427.00,254,0.0315,108.00,21.00,500.00,-166.67,43920.5234,0.00000000
"test5",35,70,766.00,426.00,260,0.0315,108.00,21.00,750.00,-250.00,294627.8125,0.08432740
"test5",35,71,767.50,425.50,262,0.0315,108.00,21.00,166.67,-166.67,56655.7734,0.84852815
"test5",35,72,768.00,425.00,265,0.0315,108.00,21.00,0.00,-200.00,6666.6655,0.00000000
"test5",35,73,768.00,424.00,270,0.0315,108.00,21.00,0.00,-166.67,55555.5586,0.00000000
"test5",35,74,768.00,423.50,273,0.0315,108.00,21.00,0.00,0.00,74535.6016,0.00000000
"test5",35,75,768.00,423.50,276,0.0394,107.00,24.00,-200.00,100.00,22360.6797,0.44721359
"test5",35,76,767.00,424.00,281,0.0394,106.00,29.00,-250.00,0.00,125000.0000,0.00000000
"test5",35,77,766.50,424.00,283,0.0394,106.00,29.00,-500.00,0.00,33333.3320,0.00000000
"test5",35,78,765.00,424.00,286,0.0551,106.00,35.00,-400.00,0.00,6240.2344,0.00000000
"test5",35,79,763.00,424.00,291,0.0630,105.00,41.00,-368.80,0.00,42558.5938,0.00000000
"test5",35,80,761.16,424.00,296,0.0630,105.00,41.00,-156.01,0.00,243994.1406,0.00000000
"test5",35,81,761.00,424.00,297,0.0709,104.00,47.00,-400.00,0.00,40000.0000,0.25000000
"test5",35,82,759.00,424.00,302,0.0236,93.00,21.00,-400.00,-200.00,0.0000,0.00000000
"test5",35,83,757.00,423.00,307,0.0945,93.00,69.00,-400.00,-200.00,0.0000,0.00000000
"test5",35,84,756.95,422.97,307,0.0945,93.00,69.00,-389.87,5.08,44651.8477,0.00285574
"test5",35,85,755.00,423.00,312,0.0945,94.00,69.00,-166.67,0.00,0.0000,0.00000000
"test5",35,86,754.00,423.00,318,0.0945,94.00,69.00,-166.67,0.00,0.0000,0.00000000
"test5",35,87,753.86,423.00,318,0.0945,94.00,69.00,34.58,0.00,0.0000,0.00000000
"test5",35,88,754.00,423.00,322,0.0945,94.00,69.00,34.58,0.00,0.0000,0.00000000
"test5",34,0,299.00,558.00,0,0.1024,110.00,63.00,0.00,0.00,0.0000,0.00000000
"test5",34,1,299.00,558.00,16,0.1102,110.00,64.00,0.00,0.00,0.0000,0.00000000
"test5",34,2,299.00,558.00,21,0.1024,108.00,64.00,0.00,0.00,0.0000,0.00000000
"test5",34,3,299.00,558.00,24,0.1024,108.00,64.00,0.00,0.00,0.0000,0.00000000
"test5",34,4,299.00,558.00,26,0.1024,107.00,64.00,0.00,0.00,0.0000,0.00000000
"test5",34,5,299.00,558.00,32,0.1024,106.00,65.00,0.00,0.00,0.0000,0.00000000
"test5",34,6,299.00,558.00,34,0.1024,108.00,64.00,0.00,0.00,0.0000,0.00000000
"test5",34,7,299.00,558.00,37,0.1024,105.00,65.00,0.00,0.00,0.0000,0.00000000
"test5",34,8,299.00,558.00,42,0.1024,105.00,65.00,0.00,0.00,0.0000,0.00000000
"test5",34,9,299.00,558.00,45,0.1024,108.00,64.00,0.00,0.00,0.0000,0.00000000
"test5",34,10,299.00,558.00,53,0.1024,105.00,65.00,0.00,0.00,0.0000,0.00000000
"test5",34,11,299.00,558.00,58,0.1024,108.00,64.00,0.00,0.00,0.0000,0.00000000
"test5",34,12,299.00,558.00,58,0.1024,105.00,65.00,0.00,0.00,0.0000,0.00000000
"test5",34,13,299.00,558.00,64,0.1024,105.00,65.00,0.00,0.00,0.0000,0.00000000
"test5",34,14,299.00,558.00,69,0.1024,108.00,64.00,0.00,0.00,0.0000,0.00000000
"test5",34,15,299.00,558.00,69,0.1024,105.00,65.00,0.00,0.00,0.0000,0.00000000
"test5",34,16,299.00,558.00,74,0.0079,112.00,0.00,0.00,0.00,0.0000,0.00000000
"test5",34,17,299.00,558.00,79,0.0079,112.00,2.00,0.00,0.00,0.0000,0.00000000
"test5",34,18,299.00,558.00,80,0.1024,108.00,64.00,0.00,0.00,0.0000,0.00000000
"test5",34,19,299.00,558.00,85,0.0079,112.00,6.00,0.00,0.00,0.0000,0.00000000
"test5",34,20,299.00,558.00,90,0.0157,111.00,12.00,0.00,0.00,0.0000,0.00000000
"test5",34,21,299.00,558.00,91,0.1024,108.00,64.00,0.00,0.00,89442.7188,0.00000000
"test5",34,22,299.00,558.00,96,0.0315,111.00,21.00,200.00,-400.00,27598.7344,0.00002730
"test5",34,23,300.00,556.00,101,0.0472,113.00,31.00,261.69,-523.44,1542555.3750,2.93843627
"test5",34,24,300.26,555.48,102,0.0472,113.00,31.00,1684.58,-1119.14,130431.5469,0.01331591
"test5",34,25,307.00,551.00,106,0.0709,117.00,42.00,2200.00,-1200.00,65799.3984,0.00000078
"test5",34,26,318.00,545.00,111,0.0945,123.00,53.00,1911.16,-1042.48,194258.0938,0.02526381
"test5",34,27,321.82,542.92,113,0.0945,123.00,53.00,2294.42,-978.76,274547.0625,0.00868221
"test5",34,28,331.00,539.00,117,0.1260,132.00,63.00,3200.00,-1600.00,65586.2344,0.00000021
"test5",34,29,347.00,531.00,122,0.1575,142.00,72.00,3493.32,-1746.64,625605.7500,0.00488540
"test5",34,30,353.99,527.51,124,0.1575,142.00,72.00,4671.12,-2168.90,353009.0313,0.00149116
"test5",34,31,368.00,521.00,127,0.1811,153.00,79.00,3666.67,-1833.33,341621.4688,0.00000000
"test5",34,32,390.00,510.00,133,0.2126,165.00,84.00,5500.00,-2750.00,1250694.2500,0.00197119
"test5",34,33,401.00,504.50,135,0.2126,165.00,84.00,3333.33,-1500.00,465209.3750,0.00955527
"test5",34,34,411.00,500.00,138,0.2283,174.00,86.00,4400.00,-2400.00,167066.1875,0.00000000
"test5",34,35,433.00,488.00,143,0.2441,182.00,88.00,3666.67,-2000.00,111111.0859,0.00305001
"test5",34,36,444.00,482.00,146,0.2441,182.00,88.00,4000.00,-2000.00,94280.8984,0.00149071
"test5",34,37,456.00,476.00,149,0.2598,188.00,90.00,4200.00,-2200.00,158043.5938,0.00000000
"test5",34,38,477.00,465.00,154,0.2677,191.00,92.00,3500.00,-1833.33,87841.0547,0.00405312
"test5",34,39,487.50,459.50,157,0.2677,191.00,92.00,3750.00,-1750.00,377307.7188,0.00705544
"test5",34,40,495.00,456.00,159,0.2756,192.00,93.00,3000.00,-1666.67,109826.3438,0.00102344
"test5",34,41,513.00,446.00,165,0.2835,192.00,94.00,3537.43,-2047.97,379257.3750,0.00000084
"test5",34,42,527.15,437.81,169,0.2835,192.00,94.00,4850.28,-2808.11,1173035.3750,0.00870168
"test5",34,43,532.00,435.00,170,0.2756,190.00,94.00,4000.00,-2000.00,306116.8750,0.00227576
"test5",34,44,552.00,425.00,175,0.2677,187.00,93.00,2544.45,-1526.66,62194.1953,0.00000084
"test5",34,45,564.72,417.37,180,0.2677,187.00,93.00,2277.77,-1366.70,678581.3750,0.01457742
"test5",34,46,567.00,416.00,181,0.2598,183.00,93.00,2800.00,-1800.00,118864.2500,0.00161126
"test5",34,47,581.00,407.00,186,0.2520,179.00,93.00,3342.53,-2042.65,0.0000,0.00000000
"test5",34,48,597.71,396.79,191,0.2520,179.00,93.00,3342.53,-2042.65,0.0000,0.00000000
"test5",34,49,599.00,396.00,191,0.2441,175.00,93.00,3400.00,-2200.00,225585.6719,0.00331251
"test5",34,50,616.00,385.00,196,0.2441,171.00,93.00,2333.33,-1833.33,0.0000,0.00000000
"test5",34,51,630.00,374.00,202,0.2362,166.00,93.00,2333.33,-1833.33,0.0000,0.00000000
"test5",34,52,630.20,373.85,202,0.2362,166.00,93.00,2960.96,-1769.34,96418.4063,0.00806514
"test5",34,53,645.00,365.00,207,0.2283,162.00,91.00,3166.67,-1333.33,0.0000,0.00000000
"test5",34,54,664.00,357.00,213,0.2126,159.00,88.00,3166.67,-1333.33,0.0000,0.00000000
"test5",34,55,665.74,356.27,213,0.2126,159.00,88.00,3452.81,-1453.81,141895.7031,0.00967699
"test5",34,56,683.00,349.00,218,0.2047,158.00,84.00,3000.00,-2000.00,44585.2461,0.00000000
"test5",34,57,698.00,339.00,223,0.1969,156.00,82.00,3185.49,-2123.66,485364.3438,0.03311419
"test5",34,58,701.19,336.88,224,0.1969,156.00,82.00,3453.63,-1719.09,182614.8594,0.00115781
"test5",34,59,715.00,330.00,228,0.1969,156.00,82.00,2833.33,-1333.33,414503.2188,0.00000066
"test5",34,60,732.00,322.00,234,0.1969,156.00,83.00,5083.62,-2392.33,2661280.2500,0.00379472
"test5",34,61,737.08,319.61,235,0.1969,156.00,83.00,2729.10,-1151.92,133064.0156,0.00129457
"test5",34,62,748.00,315.00,239,0.1969,155.00,84.00,3200.00,-1400.00,37139.2070,0.00000014
"test5",34,63,764.00,308.00,244,0.1969,154.00,85.00,3029.88,-1325.56,810082.1250,0.00785335
"test5",34,64,770.06,305.35,246,0.1969,154.00,85.00,1485.06,-837.22,168879.0625,0.05451420
"test5",34,65,776.00,302.00,250,0.1969,153.00,84.00,2000.00,-400.00,54195.0391,0.00000086
"test5",34,66,786.00,300.00,255,0.1890,153.00,82.00,2265.72,-453.13,556527.4375,0.01224672
"test5",34,67,790.53,299.09,257,0.1890,153.00,82.00,1156.19,-364.58,59959.8984,0.01884221
"test5",34,68,794.00,298.00,260,0.1890,152.00,80.00,1333.33,-333.33,114530.7109,0.00000000
"test5",34,69,802.00,296.00,266,0.1732,150.00,76.00,2000.00,-500.00,506896.8750,0.00951120
"test5",34,70,806.00,295.00,268,0.1732,150.00,76.00,1000.00,-333.33,281091.3438,0.15178931
"test5",34,71,809.00,294.00,271,0.1575,147.00,72.00,200.00,-600.00,21081.8496,0.00000000
"test5",34,72,810.00,291.00,276,0.1496,142.00,68.00,166.67,-500.00,351364.1875,1.01192892
"test5",34,73,810.50,289.50,279,0.1496,142.00,68.00,-833.33,-166.67,78567.4297,0.09051514
"test5",34,74,808.00,289.00,282,0.1339,137.00,64.00,-1000.00,0.00,41983.8555,0.03552246
"test5",34,75,803.00,289.00,287,0.1181,132.00,60.00,-888.11,177.61,142638.0156,0.00001540
"test5",34,76,799.45,289.71,291,0.1181,132.00,60.00,-1447.57,289.55,709357.1875,0.07200105
"test5",34,77,798.00,290.00,292,0.1102,126.00,56.00,-800.00,0.00,31057.1289,0.00000000
"test5",34,78,794.00,290.00,297,0.0945,123.00,52.00,-955.29,0.00,53657.2266,0.00000000
"test5",34,79,789.22,290.00,302,0.0945,123.00,52.00,-1223.57,0.00,423571.7813,0.00000000
"test5",34,80,788.00,290.00,303,0.0866,119.00,48.00,-800.00,0.00,63001.6563,0.05644989
"test5",34,81,784.00,290.00,308,0.0787,117.00,45.00,-541.93,-180.64,0.0000,0.00000000
"test5",34,82,781.29,289.10,313,0.0787,117.00,45.00,-541.93,-180.64,0.0000,0.00000000
"test5",34,83,781.00,289.00,313,0.0709,115.00,43.00,-333.33,-166.67,55825.4023,0.21419087
"test5",34,84,779.00,288.00,319,0.0709,114.00,41.00,0.00,-199.56,0.0000,0.00000000
"test5",34,85,779.00,287.00,324,0.0709,114.00,41.00,0.00,-199.56,0.0000,0.00000000
"test5",34,86,779.00,287.00,324,0.0630,114.00,39.00,0.00,0.00,0.0000,0.00000000
"test5",34,87,779.00,287.00,328,0.0630,114.00,39.00,0.00,0.00,0.0000,0.00000000
"test5",33,0,597.00,1011.00,0,0.1654,105.00,102.00,0.00,0.00,0.0000,0.00000000
"test5",33,1,597.00,1011.00,10,0.1654,105.00,102.00,0.00,0.00,0.0000,0.00000000
"test5",33,2,597.00,1011.00,15,0.1654,105.00,102.00,0.00,0.00,0.0000,0.00000000
"test5",33,3,597.00,1011.00,18,0.1654,105.00,102.00,0.00,0.00,0.0000,0.00000000
"test5",33,4,597.00,1011.00,21,0.1654,105.00,102.00,0.00,0.00,0.0000,0.00000000
"test5",33,5,597.00,1011.00,26,0.1654,105.00,102.00,0.00,0.00,0.0000,0.00000000
"test5",33,6,597.00,1011.00,29,0.1654,105.00,102.00,0.00,0.00,0.0000,0.00000000
"test5",33,7,597.00,1011.00,32,0.1654,105.00,102.00,0.00,0.00,0.0000,0.00000000
"test5",33,8,597.00,1011.00,37,0.1654,105.00,102.00,0.00,0.00,0.0000,0.00000000
"test5",33,9,597.00,1011.00,39,0.1654,105.00,102.00,0.00,0.00,0.0000,0.00000000
"test5",33,10,597.00,1011.00,42,0.1654,105.00,102.00,0.00,0.00,0.0000,0.00000000
"test5",33,11,597.00,1011.00,47,0.1654,105.00,102.00,0.00,0.00,0.0000,0.00000000
"test5",33,12,597.00,1011.00,53,0.1654,105.00,102.00,0.00,0.00,0.0000,0.00000000
"test5",33,13,597.00,1011.00,53,0.1654,105.00,102.00,0.00,0.00,0.0000,0.00000000
"test5",33,14,597.00,1011.00,58,0.1575,105.00,101.00,0.00,0.00,0.0000,0.00000000
"test5",33,15,597.00,1011.00,64,0.1575,105.00,101.00,0.00,0.00,0.0000,0.00000000
"test5",33,16,597.00,1011.00,64,0.1654,105.00,102.00,0.00,0.00,0.0000,0.00000000
"test5",33,17,597.00,1011.00,69,0.1575,104.00,101.00,0.00,0.00,0.0000,0.00000000
"test5",33,18,597.00,1011.00,74,0.1575,104.00,101.00,0.00,0.00,0.0000,0.00000000
"test5",33,19,597.00,1011.00,75,0.1654,105.00,102.00,0.00,0.00,80000.0000,0.00000000
"test5",33,20,597.00,1011.00,80,0.1575,104.00,100.00,0.00,-400.00,16694.3359,0.00000000
"test5",33,21,597.00,1009.00,85,0.1575,104.00,99.00,0.00,-316.53,1354339.6250,0.00000000
"test5",33,22,597.00,1008.68,86,0.1575,104.00,99.00,0.00,-1670.87,40616.3633,0.00000000
"test5",33,23,597.00,1002.00,90,0.1575,105.00,99.00,0.00,-1833.33,172878.6719,0.00000000
"test5",33,24,597.00,991.00,96,0.1654,108.00,99.00,0.00,-2870.61,976050.4375,0.06067684
"test5",33,25,597.00,988.13,97,0.1654,108.00,99.00,500.00,-2032.35,48802.5273,0.00325612
"test5",33,26,599.00,980.00,101,0.1654,112.00,99.00,600.00,-2200.00,52443.6172,0.00000000
"test5",33,27,602.00,969.00,106,0.1811,118.00,99.00,531.01,-1947.02,543359.5625,0.06819165
"test5",33,28,603.06,965.11,108,0.1811,118.00,99.00,1312.66,-2701.99,113043.8359,0.01250867
"test5",33,29,607.00,957.00,111,0.1890,124.00,99.00,1000.00,-2833.33,159457.3125,0.00000006
"test5",33,30,613.00,940.00,117,0.1969,130.00,99.00,1318.42,-3735.53,86646.6250,0.00294587
"test5",33,31,615.64,932.53,119,0.1969,130.00,99.00,1454.39,-3842.98,85997.0391,0.00439687
"test5",33,32,620.00,921.00,122,0.2047,136.00,99.00,1200.00,-3800.00,132832.3750,0.00000000
"test5",33,33,626.00,902.00,127,0.2126,142.00,99.00,1000.00,-3166.67,248451.9531,0.01567602
"test5",33,34,629.00,892.50,130,0.2126,142.00,99.00,666.67,-3833.33,124226.0078,0.00660214
"test5",33,35,631.00,881.00,133,0.2205,148.00,98.00,1000.00,-4000.00,137436.8594,0.00000000
"test5",33,36,636.00,861.00,138,0.2205,151.00,97.00,833.33,-3333.33,262055.0625,0.00684807
"test5",33,37,638.50,851.00,141,0.2205,151.00,97.00,1250.00,-4000.00,508606.4375,0.00877488
"test5",33,38,641.00,843.00,143,0.2283,153.00,96.00,666.67,-3166.67,0.0000,0.00000000
"test5",33,39,645.00,824.00,149,0.2283,153.00,96.00,666.67,-3166.67,539346.8750,0.00000000
"test5",33,40,647.00,814.50,152,0.2283,153.00,96.00,1000.00,-4750.00,480234.3125,0.00918031
"test5",33,41,649.00,805.00,154,0.2126,153.00,93.00,400.00,-4000.00,133998.3594,0.00000000
"test5",33,42,651.00,785.00,159,0.2126,152.00,92.00,333.33,-3333.33,555555.5625,0.04236297
"test5",33,43,652.00,775.00,162,0.2126,152.00,92.00,1666.67,-2333.33,431477.5313,0.03864449
"test5",33,44,657.00,768.00,165,0.2047,150.00,90.00,1400.00,-3600.00,175239.9219,0.00643606
"test5",33,45,664.00,750.00,170,0.2047,149.00,90.00,686.87,-3090.92,0.0000,0.00000000
"test5",33,46,667.43,734.55,175,0.2047,149.00,90.00,686.87,-3090.92,0.0000,0.00000000
"test5",33,47,668.00,732.00,175,0.2047,147.00,90.00,333.33,-3000.00,138187.6563,0.01413103
"test5",33,48,670.00,714.00,181,0.1969,144.00,91.00,1134.36,-3214.01,0.0000,0.00000000
"test5",33,49,675.67,697.93,186,0.1969,144.00,91.00,1134.36,-3214.01,0.0000,0.00000000
"test5",33,50,676.00,697.00,186,0.1969,141.00,92.00,800.00,-3400.00,113529.2656,0.00265961
"test5",33,51,680.00,680.00,191,0.1969,138.00,93.00,833.33,-2833.33,0.0000,0.00000000
"test5",33,52,685.00,663.00,197,0.1969,135.00,95.00,833.33,-2833.33,0.0000,0.00000000
"test5",33,53,685.08,662.73,197,0.1969,135.00,95.00,1184.16,-3346.12,38375.2070,0.00304127
"test5",33,54,691.00,646.00,202,0.1969,132.00,96.00,1000.00,-3400.00,342347.2500,0.00000038
"test5",33,55,696.00,629.00,207,0.1890,130.00,95.00,517.03,-1757.81,1501401.6250,0.07397624
"test5",33,56,696.52,627.24,208,0.1890,130.00,95.00,696.59,-3248.44,35945.3125,0.00228720
"test5",33,57,700.00,611.00,213,0.1890,129.00,95.00,600.00,-3400.00,39461.9141,0.00000042
"test5",33,58,703.00,594.00,218,0.1890,128.00,94.00,565.73,-3205.69,573315.1250,0.01913034
"test5",33,59,703.57,590.79,219,0.1890,128.00,94.00,858.57,-3698.58,258054.8906,0.00362010
"test5",33,60,707.00,576.00,223,0.1811,126.00,94.00,833.33,-2666.67,371561.2813,0.00000015
"test5",33,61,712.00,560.00,229,0.1811,126.00,94.00,1498.29,-4794.56,1851131.1250,0.00295499
"test5",33,62,713.50,555.21,230,0.1811,126.00,94.00,875.43,-3051.36,153473.2969,0.01032150
"test5",33,63,717.00,543.00,234,0.1811,126.00,94.00,600.00,-3600.00,55025.6992,0.00000015
"test5",33,64,720.00,525.00,239,0.1811,126.00,94.00,554.78,-3328.61,406898.6250,0.00902360
"test5",33,65,721.11,518.34,241,0.1811,126.00,94.00,222.61,-2585.69,249558.8594,0.01875970
"test5",33,66,722.00,508.00,245,0.1811,126.00,93.00,800.00,-3400.00,147091.0938,0.00000006
"test5",33,67,726.00,491.00,250,0.1811,126.00,93.00,968.44,-4115.91,696599.3750,0.02722316
"test5",33,68,727.94,482.77,252,0.1811,126.00,93.00,1687.70,-2922.73,176216.7500,0.01189597
"test5",33,69,733.00,474.00,255,0.1811,126.00,93.00,1166.67,-2833.33,255344.1406,0.00000000
"test5",33,70,740.00,457.00,261,0.1811,127.00,94.00,1750.00,-4250.00,843685.7500,0.00729529
"test5",33,71,743.50,448.50,263,0.1811,127.00,94.00,833.33,-2833.33,204275.3125,0.01466546
"test5",33,72,746.00,440.00,266,0.1811,127.00,95.00,600.00,-3400.00,115084.5313,0.00000000
"test5",33,73,749.00,423.00,271,0.1890,127.00,96.00,500.00,-2833.33,809854.5000,0.02682593
"test5",33,74,750.50,414.50,274,0.1890,127.00,96.00,250.00,-5250.00,1226161.6250,0.00961347
"test5",33,75,751.00,404.00,276,0.1890,128.00,96.00,666.67,-2833.33,242559.0313,0.00000000
"test5",33,76,755.00,387.00,282,0.1890,128.00,97.00,1000.00,-4250.00,1054915.7500,0.02102656
"test5",33,77,757.00,378.50,284,0.1890,128.00,97.00,1333.33,-2166.67,387616.9375,0.05128506
"test5",33,78,761.00,372.00,287,0.1890,129.00,97.00,800.00,-3200.00,104472.8984,0.00736035
"test5",33,79,765.00,356.00,292,0.1890,128.00,96.00,330.19,-2971.66,34222.4492,0.00000055
"test5",33,80,766.65,341.14,297,0.1890,128.00,96.00,349.06,-3141.72,797918.9375,0.03757824
"test5",33,81,767.00,338.00,298,0.1890,128.00,94.00,800.00,-3800.00,44354.4375,0.00049084
"test5",33,82,771.00,319.00,303,0.1811,129.00,92.00,718.74,-3593.65,0.0000,0.00000000
"test5",33,83,774.59,301.03,308,0.1811,129.00,92.00,718.74,-3593.65,0.0000,0.00000000
"test5",33,84,775.00,299.00,308,0.1732,129.00,90.00,500.00,-2000.00,83515.7891,0.01673958
"test5",33,85,778.00,287.00,314,0.1654,129.00,87.00,977.77,-2151.10,0.0000,0.00000000
"test5",33,86,782.89,276.24,319,0.1654,129.00,87.00,977.77,-2151.10,0.0000,0.00000000
"test5",33,87,783.00,276.00,319,0.1654,128.00,86.00,1000.00,-2200.00,66999.1641,0.00991993
"test5",33,88,788.00,265.00,324,0.1654,126.00,84.00,666.67,-2166.67,0.0000,0.00000000
"test5",33,89,792.00,252.00,330,0.1654,126.00,84.00,666.67,-2166.67,0.0000,0.00000000
"test5",33,90,792.31,250.99,330,0.1654,126.00,84.00,338.11,-1998.85,104575.7031,0.01298639
"test5",33,91,794.00,241.00,335,0.1575,125.00,85.00,0.00,-1600.00,62773.4375,0.00000000
"test5",33,92,794.00,233.00,340,0.1575,124.00,85.00,0.00,-1286.13,142333.9844,0.00000000
"test5",33,93,794.00,231.71,341,0.1575,124.00,85.00,0.00,-1428.47,77587.4922,0.02041966
"test5",33,94,794.00,226.00,345,0.1575,123.00,85.00,166.67,-1166.67,91571.5234,0.00000207
"test5",33,95,795.00,219.00,351,0.1575,121.00,84.00,244.38,-1710.57,1154716.0000,0.11840893
"test5",33,96,795.24,217.29,352,0.1575,121.00,84.00,438.90,-572.36,109943.3594,0.17545606
"test5",33,97,797.00,215.00,356,0.1417,119.00,80.00,0.00,-600.00,16173.0957,0.00000000
"test5",33,98,797.00,212.00,361,0.1339,117.00,75.00,0.00,-519.13,139350.8906,0.00000000
"test5",33,99,797.00,210.96,363,0.1339,117.00,75.00,0.00,-240.43,10108.1846,0.00000000
"test5",33,100,797.00,210.00,367,0.1181,114.00,68.00,0.00,-200.00,5404.0527,0.00000000
"test5",33,101,797.00,209.00,372,0.1024,113.00,60.00,0.00,-227.02,113510.1328,0.00000000
"test5",33,102,797.00,208.55,374,0.1024,113.00,60.00,0.00,0.00,0.0000,0.00000000
"test5",33,103,797.00,208.55,377,0.0866,111.00,52.00,0.00,0.00,0.0000,0.00000000
"test5",33,104,797.00,208.55,383,0.0709,109.00,44.00,0.00,0.00,412116.2813,0.00000000
"test5",33,105,797.00,208.55,385,0.1024,113.00,60.00,-666.67,484.68,241635.0000,0.07937215
"test5",33,106,795.00,210.00,388,0.0551,108.00,37.00,0.00,200.00,6666.6655,0.00000000
"test5",33,107,795.00,211.00,393,0.0472,107.00,30.00,0.00,166.67,216951.3906,6.00000000
"test5",33,108,795.00,211.50,396,0.0472,107.00,30.00,500.00,-250.00,279508.5000,0.00000000
"test5",33,109,796.00,211.00,398,0.0394,106.00,25.00,0.00,0.00,30708.3125,0.00000000
"test5",33,110,796.00,211.00,404,0.0315,105.00,21.00,-184.25,0.00,19687.6523,0.00000000
"test5",33,111,795.26,211.00,408,0.0315,105.00,21.00,-263.00,0.00,263000.5000,0.00000000
"test5",33,112,795.00,211.00,409,0.0236,105.00,18.00,0.00,0.00,0.0000,0.00000000
"test5",33,113,795.00,211.00,413,0.0236,105.00,18.00,0.00,0.00,0.0000,0.00000000
"test5",32,0,571.00,729.00,0,0.0945,105.00,61.00,0.00,0.00,0.0000,0.00000000
"test5",32,1,571.00,729.00,9,0.0945,105.00,62.00,0.00,0.00,0.0000,0.00000000
"test5",32,2,571.00,729.00,11,0.0945,105.00,62.00,0.00,0.00,0.0000,0.00000000
"test5",32,3,571.00,729.00,15,0.0945,105.00,63.00,0.00,0.00,0.0000,0.00000000
"test5",32,4,571.00,729.00,20,0.1024,105.00,66.00,0.00,0.00,0.0000,0.00000000
"test5",32,5,571.00,729.00,22,0.0945,105.00,62.00,0.00,0.00,0.0000,0.00000000
"test5",32,6,571.00,729.00,25,0.1102,105.00,69.00,0.00,0.00,0.0000,0.00000000
"test5",32,7,571.00,729.00,31,0.1102,105.00,73.00,0.00,0.00,0.0000,0.00000000
"test5",32,8,571.00,729.00,33,0.0945,105.00,62.00,0.00,0.00,0.0000,0.00000000
"test5",32,9,571.00,729.00,36,0.1181,105.00,76.00,0.00,0.00,0.0000,0.00000000
"test5",32,10,571.00,729.00,42,0.1260,105.00,80.00,0.00,0.00,0.0000,0.00000000
"test5",32,11,571.00,729.00,44,0.0945,105.00,62.00,0.00,0.00,0.0000,0.00000000
"test5",32,12,571.00,729.00,47,0.1339,104.00,82.00,0.00,0.00,0.0000,0.00000000
"test5",32,13,571.00,729.00,52,0.1339,104.00,85.00,0.00,0.00,0.0000,0.00000000
"test5",32,14,571.00,729.00,55,0.0945,105.00,62.00,0.00,0.00,0.0000,0.00000000
"test5",32,15,571.00,729.00,57,0.1339,104.00,87.00,0.00,0.00,0.0000,0.00000000
"test5",32,16,571.00,729.00,63,0.1417,104.00,88.00,0.00,0.00,0.0000,0.00000000
"test5",32,17,571.00,729.00,66,0.0945,105.00,62.00,0.00,0.00,0.0000,0.00000000
"test5",32,18,571.00,729.00,68,0.1417,104.00,89.00,0.00,0.00,0.0000,0.00000000
"test5",32,19,571.00,729.00,74,0.1417,104.00,90.00,0.00,0.00,0.0000,0.00000000
"test5",32,20,571.00,729.00,77,0.0945,105.00,62.00,0.00,0.00,0.0000,0.00000000
"test5",32,21,571.00,729.00,79,0.1417,104.00,90.00,0.00,0.00,0.0000,0.00000000
"test5",32,22,571.00,729.00,84,0.1417,104.00,90.00,0.00,0.00,0.0000,0.00000000
"test5",32,23,571.00,729.00,88,0.0945,105.00,62.00,0.00,0.00,0.0000,0.00000000
"test5",32,24,571.00,729.00,89,0.1417,104.00,90.00,0.00,0.00,0.0000,0.00000000
"test5",32,25,571.00,729.00,95,0.1417,104.00,90.00,0.00,0.00,0.0000,0.00000000
"test5",32,26,571.00,729.00,99,0.0945,105.00,62.00,0.00,0.00,0.0000,0.00000000
"test5",32,27,571.00,729.00,100,0.1417,104.00,89.00,0.00,0.00,0.0000,0.00000000
"test5",32,28,571.00,729.00,106,0.1339,103.00,88.00,0.00,0.00,0.0000,0.00000000
"test5",32,29,571.00,729.00,111,0.0945,105.00,62.00,0.00,0.00,0.0000,0.00000000
"test5",32,30,571.00,729.00,111,0.1339,102.00,88.00,0.00,-600.00,126491.1094,0.11111111
"test5",32,31,571.00,726.00,116,0.1339,102.00,88.00,200.00,-1200.00,198981.7656,0.00000000
"test5",32,32,572.00,720.00,121,0.1339,103.00,89.00,36.44,-218.63,1536635.6250,10.70874691
"test5",32,33,572.04,719.78,122,0.1339,103.00,89.00,792.71,-1556.27,88757.0859,0.01277894
"test5",32,34,576.00,712.00,127,0.1417,105.00,90.00,800.00,-2000.00,153639.3281,0.00000049
"test5",32,35,580.00,702.00,132,0.1575,111.00,92.00,514.71,-1286.74,1195975.5000,0.04835465
"test5",32,36,580.51,700.71,133,0.1575,111.00,92.00,871.32,-2428.31,130067.5625,0.01587485
"test5",32,37,584.00,691.00,137,0.1654,117.00,93.00,1166.67,-2000.00,113008.1875,0.00000054
"test5",32,38,591.00,679.00,143,0.1811,125.00,94.00,1508.30,-2585.69,776391.2500,0.03212891
"test5",32,39,592.51,676.41,144,0.1811,125.00,94.00,1622.92,-3353.58,216633.1719,0.00428406
"test5",32,40,599.00,663.00,148,0.1890,133.00,95.00,2200.00,-4000.00,226664.8750,0.00000010
"test5",32,41,610.00,643.00,153,0.2126,142.00,96.00,1653.84,-3006.96,494875.0313,0.01953099
"test5",32,42,613.31,636.99,155,0.2126,142.00,96.00,1673.08,-3996.52,31741.8066,0.00154132
"test5",32,43,620.00,621.00,159,0.2205,151.00,96.00,1800.00,-4000.00,58992.5938,0.00000003
"test5",32,44,629.00,601.00,164,0.2362,159.00,96.00,1678.96,-3731.02,721440.8750,0.00238349
"test5",32,45,632.36,593.54,166,0.2362,159.00,96.00,1160.52,-2384.49,122368.4609,0.01069483
"test5",32,46,637.00,584.00,170,0.2441,162.00,96.00,1600.00,-2600.00,57986.5977,0.00000000
"test5",32,47,645.00,571.00,175,0.2441,165.00,96.00,1751.95,-2846.92,613721.2500,0.00293138
"test5",32,48,648.50,565.31,177,0.2441,165.00,96.00,1165.36,-1768.72,163659.0000,0.00307270
"test5",32,49,652.00,560.00,180,0.2441,164.00,96.00,1400.00,-2200.00,86922.7031,0.00000000
"test5",32,50,659.00,549.00,185,0.2441,162.00,96.00,1166.67,-1833.33,400616.8125,0.00180462
"test5",32,51,662.50,543.50,188,0.2441,162.00,96.00,500.00,-833.33,300205.6875,0.10895202
"test5",32,52,664.00,541.00,191,0.2362,159.00,96.00,1200.00,-1400.00,61463.6367,0.00000000
"test5",32,53,670.00,534.00,196,0.2283,156.00,96.00,1000.00,-1166.67,518931.6875,0.12250191
"test5",32,54,673.00,530.50,199,0.2283,156.00,96.00,-500.00,-750.00,335927.4375,0.31290781
"test5",32,55,672.00,529.00,201,0.2283,151.00,98.00,166.67,-666.67,28002.4453,0.05888538
"test5",32,56,673.00,525.00,207,0.2205,146.00,99.00,0.00,-687.91,73255.7578,0.00000000
"test5",32,57,673.00,522.94,210,0.2205,146.00,99.00,0.00,-468.14,105644.4688,0.45629859
"test5",32,58,673.00,522.00,212,0.2126,140.00,99.00,200.00,-400.00,42040.6914,0.08498532
"test5",32,59,674.00,520.00,217,0.2047,134.00,100.00,190.03,-190.03,24783.6953,0.00000000
"test5",32,60,674.76,519.24,221,0.2047,134.00,100.00,119.93,-119.93,84806.2031,0.00000000
"test5",32,61,675.00,519.00,223,0.1575,104.00,99.00,0.00,0.00,136678.5313,0.00000000
"test5",32,62,675.00,519.00,228,0.1575,104.00,99.00,-662.99,-165.75,0.0000,0.00000000
"test5",32,63,671.69,518.17,233,0.1575,104.00,99.00,-662.99,-165.75,0.0000,0.00000000
"test5",32,64,671.00,518.00,233,0.1496,103.00,98.00,-333.33,0.00,25037.9785,0.00000000
"test5",32,65,669.00,518.00,239,0.1575,104.00,98.00,-183.11,0.00,0.0000,0.00000000
"test5",32,66,668.08,518.00,244,0.1575,104.00,98.00,-183.11,0.00,0.0000,0.00000000
"test5",32,67,668.00,518.00,244,0.1575,104.00,98.00,0.00,0.00,65157.0586,0.00000000
"test5",32,68,668.00,518.00,249,0.1575,104.00,98.00,-325.79,0.00,0.0000,0.00000000
"test5",32,69,666.05,518.00,255,0.1575,104.00,98.00,-325.79,0.00,0.0000,0.00000000
"test5",32,70,666.00,518.00,255,0.1575,104.00,98.00,-200.00,0.00,40000.0000,0.00000000
"test5",32,71,665.00,518.00,260,0.1575,104.00,98.00,0.00,0.00,0.0000,0.00000000
"test5",32,72,665.00,518.00,265,0.1575,104.00,98.00,0.00,0.00,0.0000,0.00000000
"test5",32,73,665.00,518.00,266,0.1575,104.00,98.00,0.00,0.00,0.0000,0.00000000
"test5",32,74,665.00,518.00,270,0.1575,104.00,98.00,0.00,0.00,0.0000,0.00000000
"test5",31,0,452.00,694.00,0,0.1181,93.00,84.00,0.00,0.00,0.0000,0.00000000
"test5",31,1,452.00,694.00,10,0.1181,93.00,84.00,0.00,0.00,0.0000,0.00000000
"test5",31,2,452.00,694.00,10,0.1181,93.00,84.00,0.00,0.00,0.0000,0.00000000
"test5",31,3,452.00,694.00,15,0.1181,93.00,82.00,0.00,0.00,0.0000,0.00000000
"test5",31,4,452.00,694.00,21,0.1181,94.00,81.00,0.00,0.00,0.0000,0.00000000
"test5",31,5,452.00,694.00,21,0.1181,93.00,84.00,0.00,0.00,0.0000,0.00000000
"test5",31,6,452.00,694.00,26,0.1102,94.00,79.00,0.00,0.00,0.0000,0.00000000
"test5",31,7,452.00,694.00,31,0.1102,94.00,78.00,0.00,0.00,0.0000,0.00000000
"test5",31,8,452.00,694.00,32,0.1181,93.00,84.00,0.00,0.00,0.0000,0.00000000
"test5",31,9,452.00,694.00,37,0.1102,94.00,78.00,0.00,0.00,0.0000,0.00000000
"test5",31,10,452.00,694.00,42,0.1102,94.00,76.00,0.00,0.00,0.0000,0.00000000
"test5",31,11,452.00,694.00,44,0.1181,93.00,84.00,0.00,0.00,0.0000,0.00000000
"test5",31,12,452.00,694.00,47,0.1024,94.00,72.00,0.00,0.00,0.0000,0.00000000
"test5",31,13,452.00,694.00,53,0.0945,94.00,66.00,0.00,0.00,0.0000,0.00000000
"test5",31,14,452.00,694.00,55,0.1181,93.00,84.00,0.00,0.00,0.0000,0.00000000
"test5",31,15,452.00,694.00,58,0.0787,94.00,58.00,0.00,0.00,0.0000,0.00000000
"test5",31,16,452.00,694.00,63,0.0709,94.00,51.00,0.00,0.00,0.0000,0.00000000
"test5",31,17,452.00,694.00,66,0.1181,93.00,84.00,0.00,0.00,0.0000,0.00000000
"test5",31,18,452.00,694.00,68,0.0551,94.00,43.00,0.00,0.00,0.0000,0.00000000
"test5",31,19,452.00,694.00,74,0.0472,94.00,36.00,0.00,0.00,0.0000,0.00000000
"test5",31,20,452.00,694.00,77,0.1181,93.00,84.00,0.00,0.00,0.0000,0.00000000
"test5",31,21,452.00,694.00,79,0.0394,95.00,30.00,0.00,0.00,0.0000,0.00000000
"test5",31,22,452.00,694.00,84,0.0315,95.00,25.00,0.00,0.00,0.0000,0.00000000
"test5",31,23,452.00,694.00,88,0.1181,93.00,84.00,0.00,0.00,0.0000,0.00000000
"test5",31,24,452.00,694.00,90,0.0315,95.00,24.00,0.00,0.00,0.0000,0.00000000
"test5",31,25,452.00,694.00,95,0.1496,107.00,95.00,0.00,0.00,0.0000,0.00000000
"test5",31,26,452.00,694.00,99,0.1181,93.00,84.00,0.00,0.00,0.0000,0.00000000
"test5",31,27,452.00,694.00,100,0.1575,108.00,96.00,0.00,0.00,0.0000,0.00000000
"test5",31,28,452.00,694.00,106,0.1575,108.00,96.00,0.00,0.00,790569.4375,0.00000000
"test5",31,29,452.00,694.00,110,0.1181,93.00,84.00,1000.00,-3000.00,1600000.0000,0.05059644
"test5",31,30,453.00,691.00,111,0.1654,111.00,96.00,1000.00,-1400.00,123199.6328,0.00150380
"test5",31,31,458.00,684.00,116,0.1732,116.00,97.00,1339.70,-1913.87,362089.3125,0.00000153
"test5",31,32,464.70,674.43,121,0.1732,116.00,97.00,301.51,-430.66,2318622.7500,0.76989323
"test5",31,33,465.00,674.00,122,0.1732,121.00,97.00,1800.00,-2200.00,40000.0000,0.00383147
"test5",31,34,474.00,663.00,127,0.1890,129.00,97.00,2000.00,-2200.00,0.0000,0.00000000
"test5",31,35,484.00,652.00,132,0.2047,138.00,97.00,2000.00,-2200.00,0.0000,0.00000000
"test5",31,36,484.53,651.42,132,0.2047,138.00,97.00,2078.18,-2569.32,256273.7188,0.00087346
"test5",31,37,497.00,636.00,138,0.2126,147.00,96.00,3000.00,-3800.00,385752.6875,0.00000019
"test5",31,38,512.00,617.00,143,0.2362,159.00,96.00,1804.87,-2286.13,3287733.0000,0.07424810
"test5",31,39,513.80,614.71,144,0.2362,159.00,96.00,4298.78,-4428.47,399130.7500,0.00187200
"test5",31,40,531.00,597.00,148,0.2520,169.00,96.00,3000.00,-3500.00,260480.2813,0.00000021
"test5",31,41,549.00,576.00,154,0.2677,178.00,96.00,4017.09,-4686.65,1334118.2500,0.00569275
"test5",31,42,553.02,571.31,155,0.2677,178.00,96.00,2995.73,-3828.34,92921.4844,0.00238754
"test5",31,43,565.00,556.00,159,0.2677,184.00,95.00,3000.00,-4200.00,223500.8438,0.00000000
"test5",31,44,580.00,535.00,164,0.2756,189.00,95.00,2350.46,-3290.65,239303.0313,0.01066293
"test5",31,45,584.70,528.42,166,0.2756,189.00,95.00,2824.77,-3354.68,145583.5469,0.00000250
"test5",31,46,596.00,515.00,170,0.2756,191.00,94.00,3200.00,-3800.00,47635.7344,0.00000021
"test5",31,47,612.00,496.00,175,0.2677,190.00,93.00,3046.60,-3617.80,414065.0313,0.00749939
"test5",31,48,618.09,488.76,177,0.2677,190.00,93.00,2302.27,-3254.80,177895.7031,0.00494304
"test5",31,49,625.00,479.00,180,0.2598,188.00,91.00,1833.33,-3000.00,223589.3281,0.00000016
"test5",31,50,636.00,461.00,186,0.2520,184.00,88.00,2532.87,-4144.71,399329.9375,0.00368311
"test5",31,51,641.07,452.71,188,0.2520,184.00,88.00,1978.09,-3570.19,140987.7813,0.00709532
"test5",31,52,647.00,442.00,191,0.2362,180.00,86.00,2400.00,-3600.00,144222.0469,0.00000000
"test5",31,53,659.00,424.00,196,0.2283,176.00,84.00,2000.00,-3000.00,849836.5625,0.04622502
"test5",31,54,665.00,415.00,199,0.2283,176.00,84.00,4500.00,-3500.00,1274754.8750,0.01754116
"test5",31,55,674.00,408.00,201,0.2205,171.00,84.00,2000.00,-3000.00,300462.6250,0.00000000
"test5",31,56,686.00,390.00,207,0.2126,166.00,84.00,3000.00,-4500.00,1238839.0000,0.00632137
"test5",31,57,692.00,381.00,209,0.2126,166.00,84.00,1333.33,-2666.67,339207.4688,0.02012461
"test5",31,58,696.00,373.00,212,0.2126,162.00,86.00,2200.00,-3200.00,75790.1797,0.00464093
"test5",31,59,707.00,357.00,217,0.2126,159.00,87.00,2570.75,-3121.61,280096.5625,0.00000049
"test5",31,60,717.28,344.51,221,0.2126,159.00,87.00,1858.49,-2256.77,1022398.3125,0.00318996
"test5",31,61,721.00,340.00,223,0.2126,156.00,88.00,3200.00,-3800.00,78056.3906,0.00085928
"test5",31,62,737.00,321.00,228,0.2126,155.00,90.00,3039.17,-3444.40,74007.2656,0.00000020
"test5",31,63,749.16,307.22,232,0.2126,155.00,90.00,2843.32,-3222.41,799843.6250,0.01194089
"test5",31,64,752.00,304.00,233,0.2126,154.00,91.00,2500.00,-2500.00,105507.8359,0.00000000
"test5",31,65,767.00,289.00,239,0.2126,152.00,91.00,2947.63,-2947.63,614532.0625,0.00000000
"test5",31,66,778.79,277.21,243,0.2126,152.00,91.00,1209.47,-1209.47,2532188.2500,0.00000000
"test5",31,67,780.00,276.00,244,0.2047,150.00,91.00,3000.00,-3000.00,215436.8750,0.00130530
"test5",31,68,795.00,261.00,249,0.2126,149.00,92.00,2159.79,-2325.93,0.0000,0.00000000
"test5",31,69,807.96,247.04,255,0.2126,149.00,92.00,2159.79,-2325.93,0.0000,0.00000000
"test5",31,70,808.00,247.00,255,0.2126,148.00,93.00,2200.00,-2400.00,80000.0000,0.00509981
"test5",31,71,819.00,235.00,260,0.2047,147.00,93.00,2200.00,-2000.00,321357.1250,0.00000093
"test5",31,72,830.00,225.00,265,0.1969,143.00,91.00,1011.05,-919.19,423079.5938,0.05400666
"test5",31,73,831.01,224.08,266,0.1969,143.00,91.00,1247.24,-1270.20,273801.6563,0.01808466
"test5",31,74,836.00,219.00,270,0.1811,137.00,86.00,333.33,-666.67,26082.6016,0.00000000
"test5",31,75,838.00,215.00,276,0.1575,131.00,79.00,403.32,-806.64,9280.5557,0.00000000
"test5",31,76,838.40,214.19,277,0.1575,131.00,79.00,399.17,-798.34,49585.3945,0.02806722
"test5",31,77,840.00,211.00,281,0.1417,125.00,75.00,400.00,-600.00,38230.0977,0.00000326
"test5",31,78,842.00,208.00,286,0.1339,120.00,72.00,293.98,-440.95,53224.0859,0.00002564
"test5",31,79,842.59,207.12,288,0.1339,120.00,72.00,353.01,-529.53,77688.8906,0.17119421
"test5",31,80,844.00,205.00,292,0.1181,115.00,71.00,200.00,-800.00,11118.9795,0.00000218
"test5",31,81,845.00,201.00,297,0.1181,111.00,71.00,186.52,-746.06,327607.8750,0.13670637
"test5",31,82,845.37,199.51,299,0.1181,111.00,71.00,-124.35,-169.29,131884.6875,2.77497339
"test5",31,83,845.00,199.00,302,0.1181,108.00,72.00,-333.33,166.67,23329.5254,0.00001637
"test5",31,84,843.00,200.00,308,0.1102,105.00,71.00,-458.53,229.28,184768.1250,0.28354406
"test5",31,85,842.08,200.46,310,0.1102,105.00,71.00,-694.32,513.81,49271.4961,0.01580839
"test5",31,86,840.00,202.00,313,0.1024,104.00,67.00,-600.00,400.00,24037.0078,0.00000000
"test5",31,87,837.00,204.00,318,0.0945,102.00,63.00,-500.00,333.33,248452.0000,0.34135398
"test5",31,88,835.50,205.00,321,0.0945,102.00,63.00,-166.67,-333.33,111665.2891,0.42932510
"test5",31,89,835.00,204.00,324,0.0866,102.00,59.00,-200.00,0.00,40000.0000,0.00000000
"test5",31,90,834.00,204.00,329,0.0866,102.00,57.00,0.00,0.00,0.0000,0.00000000
"test5",31,91,834.00,204.00,332,0.0866,102.00,57.00,0.00,0.00,100000.0000,0.00000000
"test5",31,92,834.00,204.00,334,0.0787,102.00,55.00,-200.00,0.00,40000.0000,0.00000000
"test5",31,93,833.00,204.00,339,0.0787,102.00,55.00,0.00,0.00,0.0000,0.00000000
"test5",31,94,833.00,204.00,344,0.0787,102.00,55.00,0.00,0.00,0.0000,0.00000000
"test5",30,0,467.00,958.00,0,0.1496,102.00,94.00,0.00,0.00,0.0000,0.00000000
"test5",30,1,467.00,958.00,10,0.1496,102.00,95.00,0.00,0.00,0.0000,0.00000000
"test5",30,2,467.00,958.00,14,0.1496,102.00,95.00,0.00,0.00,0.0000,0.00000000
"test5",30,3,467.00,958.00,26,0.1496,102.00,95.00,0.00,0.00,0.0000,0.00000000
"test5",30,4,467.00,958.00,31,0.1496,102.00,95.00,0.00,0.00,0.0000,0.00000000
"test5",30,5,467.00,958.00,36,0.1496,102.00,95.00,0.00,0.00,0.0000,0.00000000
"test5",30,6,467.00,958.00,36,0.1496,102.00,95.00,0.00,0.00,0.0000,0.00000000
"test5",30,7,467.00,958.00,42,0.1496,102.00,94.00,0.00,0.00,0.0000,0.00000000
"test5",30,8,467.00,958.00,47,0.1496,102.00,94.00,0.00,0.00,0.0000,0.00000000
"test5",30,9,467.00,958.00,48,0.1496,102.00,95.00,0.00,0.00,0.0000,0.00000000
"test5",30,10,467.00,958.00,52,0.1496,102.00,94.00,0.00,0.00,0.0000,0.00000000
"test5",30,11,467.00,958.00,58,0.1496,102.00,94.00,0.00,0.00,0.0000,0.00000000
"test5",30,12,467.00,958.00,59,0.1496,102.00,95.00,0.00,0.00,0.0000,0.00000000
"test5",30,13,467.00,958.00,63,0.1496,102.00,94.00,0.00,0.00,0.0000,0.00000000
"test5",30,14,467.00,958.00,68,0.1496,102.00,94.00,0.00,0.00,0.0000,0.00000000
"test5",30,15,467.00,958.00,70,0.1496,102.00,95.00,0.00,0.00,0.0000,0.00000000
"test5",30,16,467.00,958.00,74,0.1496,102.00,96.00,0.00,0.00,0.0000,0.00000000
"test5",30,17,467.00,958.00,79,0.1496,102.00,97.00,0.00,0.00,0.0000,0.00000000
"test5",30,18,467.00,958.00,81,0.1496,102.00,95.00,0.00,0.00,0.0000,0.00000000
"test5",30,19,467.00,958.00,84,0.1496,103.00,97.00,0.00,0.00,0.0000,0.00000000
"test5",30,20,467.00,958.00,90,0.1496,103.00,97.00,0.00,0.00,0.0000,0.00000000
"test5",30,21,467.00,958.00,92,0.1496,102.00,95.00,0.00,0.00,0.0000,0.00000000
"test5",30,22,467.00,958.00,95,0.1575,104.00,98.00,0.00,0.00,0.0000,0.00000000
"test5",30,23,467.00,958.00,100,0.1575,105.00,99.00,0.00,0.00,333333.3438,0.00000000
"test5",30,24,467.00,958.00,103,0.1496,102.00,95.00,0.00,-1000.00,149071.2031,0.06666666
"test5",30,25,467.00,955.00,106,0.1575,107.00,99.00,200.00,-1400.00,70710.6719,0.00000000
"test5",30,26,468.00,948.00,111,0.1654,109.00,100.00,250.00,-1750.00,395284.7188,0.02262742
"test5",30,27,468.50,944.50,113,0.1654,109.00,100.00,500.00,-2500.00,47140.4492,0.00402289
"test5",30,28,470.00,937.00,116,0.1732,112.00,100.00,400.00,-2400.00,24071.4980,0.00000008
"test5",30,29,472.00,925.00,121,0.1811,117.00,100.00,380.21,-2281.28,213870.0000,0.00000031
"test5",30,30,473.52,915.87,125,0.1811,117.00,100.00,239.58,-1437.44,801795.0000,0.02322178
"test5",30,31,474.00,913.00,127,0.1890,124.00,101.00,600.00,-3000.00,139163.6563,0.00697779
"test5",30,32,477.00,898.00,132,0.2047,132.00,101.00,1040.72,-3538.45,180394.3594,0.00000027
"test5",30,33,481.16,883.85,136,0.2047,132.00,101.00,837.13,-2846.19,513648.2813,0.00213563
"test5",30,34,482.00,881.00,137,0.2126,140.00,100.00,1000.00,-3333.33,29586.1289,0.00072438
"test5",30,35,488.00,861.00,143,0.2205,147.00,99.00,1099.13,-3480.59,0.0000,0.00000000
"test5",30,36,493.50,843.60,148,0.2205,147.00,99.00,1099.13,-3480.59,0.0000,0.00000000
"test5",30,37,494.00,842.00,148,0.2283,155.00,97.00,1200.00,-4200.00,188207.9375,0.00119987
"test5",30,38,500.00,821.00,153,0.2362,161.00,96.00,833.33,-3333.33,0.0000,0.00000000
"test5",30,39,505.00,801.00,159,0.2362,165.00,95.00,833.33,-3333.33,0.0000,0.00000000
"test5",30,40,505.02,800.91,159,0.2362,165.00,95.00,1195.31,-3981.23,85668.5547,0.00089628
"test5",30,41,511.00,781.00,164,0.2441,168.00,94.00,1000.00,-3600.00,421789.4688,0.00000009
"test5",30,42,516.00,763.00,169,0.2362,169.00,93.00,435.55,-1567.99,1976903.5000,0.02020653
"test5",30,43,516.44,761.43,170,0.2362,169.00,93.00,912.89,-3486.40,66574.8281,0.00510397
"test5",30,44,521.00,744.00,175,0.2441,170.00,93.00,600.00,-3600.00,179102.5781,0.00000030
"test5",30,45,524.00,726.00,180,0.2362,168.00,93.00,452.76,-2716.67,1517124.3750,0.05960636
"test5",30,46,524.45,723.28,181,0.2362,168.00,93.00,1136.81,-4070.83,278251.0000,0.00005984
"test5",30,47,529.00,707.00,185,0.2362,166.00,93.00,833.33,-3000.00,273950.6875,0.00000011
"test5",30,48,534.00,689.00,191,0.2362,164.00,93.00,1273.25,-4583.74,1593546.8750,0.00768662
"test5",30,49,535.27,684.42,192,0.2362,164.00,93.00,681.69,-3104.06,127463.1563,0.00022728
"test5",30,50,538.00,672.00,196,0.2362,161.00,95.00,800.00,-3600.00,153788.3906,0.00000024
"test5",30,51,542.00,654.00,201,0.2283,157.00,96.00,633.21,-2849.37,275355.7500,0.03182578
"test5",30,52,543.27,648.30,203,0.2283,157.00,96.00,1183.40,-2825.32,172708.5938,0.01533777
"test5",30,53,548.00,637.00,207,0.2283,153.00,96.00,800.00,-3400.00,5023.5161,0.00000006
"test5",30,54,552.00,620.00,212,0.2205,150.00,96.00,794.25,-3375.55,247362.9844,0.01666609
"test5",30,55,553.59,613.25,214,0.2205,150.00,96.00,470.50,-3749.63,352763.2500,0.01492558
"test5",30,56,555.00,602.00,217,0.2126,147.00,97.00,1000.00,-2833.33,219878.8125,0.00000013
"test5",30,57,561.00,585.00,223,0.2205,144.00,98.00,1439.09,-4077.39,1043899.8750,0.01087896
"test5",30,58,563.88,576.85,225,0.2205,144.00,98.00,373.94,-2281.74,315226.0000,0.00464970
"test5",30,59,565.00,570.00,228,0.2126,142.00,99.00,600.00,-3200.00,108525.4531,0.00000000
"test5",30,60,568.00,554.00,233,0.2126,140.00,99.00,500.00,-2666.67,333333.3750,0.00834514
"test5",30,61,569.50,546.00,236,0.2126,140.00,99.00,500.00,-1666.67,180875.7813,0.00632693
"test5",30,62,571.00,541.00,239,0.2047,138.00,98.00,600.00,-2200.00,76011.6875,0.00000000
"test5",30,63,574.00,530.00,244,0.2047,138.00,96.00,500.00,-1833.33,316715.3750,0.00000000
"test5",30,64,575.50,524.50,247,0.2047,138.00,96.00,750.00,-2750.00,738335.1875,0.00179909
"test5",30,65,577.00,519.00,249,0.2047,136.00,96.00,333.33,-1333.33,55555.5938,0.02852533
"test5",30,66,579.00,511.00,255,0.1969,134.00,94.00,0.00,-1332.95,83816.5313,0.00000000
"test5",30,67,579.00,505.67,259,0.1969,134.00,94.00,0.00,-1668.21,778786.5000,0.14373319
"test5",30,68,579.00,504.00,260,0.1811,131.00,92.00,400.00,-1000.00,98258.1563,0.02186669
"test5",30,69,581.00,499.00,265,0.1732,127.00,90.00,341.48,-512.21,0.0000,0.00000000
"test5",30,70,582.71,496.44,270,0.1732,127.00,90.00,341.48,-512.21,0.0000,0.00000000
"test5",30,71,583.00,496.00,270,0.1654,123.00,89.00,333.33,-500.00,56510.9766,0.14390245
"test5",30,72,585.00,493.00,276,0.1575,119.00,88.00,0.00,-562.08,0.0000,0.00000000
"test5",30,73,585.00,490.19,281,0.1575,119.00,88.00,0.00,-562.08,0.0000,0.00000000
"test5",30,74,585.00,490.00,281,0.1575,115.00,88.00,0.00,-500.00,50000.0000,0.00000000
"test5",30,75,585.00,487.00,287,0.1496,112.00,87.00,0.00,-200.00,0.0000,0.00000000
"test5",30,76,585.00,486.00,292,0.1417,110.00,87.00,0.00,-200.00,0.0000,0.00000000
"test5",30,77,585.00,485.99,292,0.1417,110.00,87.00,0.00,0.00,40566.4063,0.00000000
"test5",30,78,585.00,485.99,297,0.1417,108.00,87.00,0.00,202.83,21425.7813,0.00000000
"test5",30,79,585.00,487.00,302,0.1417,106.00,87.00,0.00,95.70,95703.1250,0.00000000
"test5",30,80,585.00,487.10,303,0.1417,106.00,87.00,0.00,0.00,0.0000,0.00000000
"test5",30,81,585.00,487.10,308,0.1339,105.00,86.00,0.00,0.00,0.0000,0.00000000
"test5",30,82,585.00,487.10,313,0.1339,104.00,85.00,0.00,0.00,0.0000,0.00000000
"test5",30,83,585.00,487.10,314,0.1417,106.00,87.00,0.00,0.00,0.0000,0.00000000
"test5",30,84,585.00,487.10,318,0.1339,104.00,85.00,0.00,0.00,0.0000,0.00000000
"test5",30,85,585.00,487.10,324,0.1339,103.00,85.00,0.00,0.00,273925.7813,0.00000000
"test5",30,86,585.00,487.10,325,0.1417,106.00,87.00,0.00,-273.93,68481.4453,0.00000000
"test5",30,87,585.00,486.00,329,0.1339,103.00,84.00,0.00,0.00,0.0000,0.00000000
"test5",30,88,585.00,486.00,333,0.1339,103.00,84.00,0.00,0.00,0.0000,0.00000000
"test5",29,0,633.00,828.00,0,0.1181,105.00,74.00,0.00,0.00,0.0000,0.00000000
"test5",29,1,633.00,828.00,15,0.1181,105.00,74.00,0.00,0.00,0.0000,0.00000000
"test5",29,2,633.00,828.00,23,0.1181,105.00,74.00,0.00,0.00,0.0000,0.00000000
"test5",29,3,633.00,828.00,31,0.1102,105.00,73.00,0.00,0.00,0.0000,0.00000000
"test5",29,4,633.00,828.00,34,0.1181,105.00,74.00,0.00,0.00,0.0000,0.00000000
"test5",29,5,633.00,828.00,36,0.1102,105.00,73.00,0.00,0.00,0.0000,0.00000000
"test5",29,6,633.00,828.00,42,0.1102,105.00,73.00,0.00,0.00,0.0000,0.00000000
"test5",29,7,633.00,828.00,45,0.1181,105.00,74.00,0.00,0.00,0.0000,0.00000000
"test5",29,8,633.00,828.00,47,0.1102,104.00,73.00,0.00,0.00,0.0000,0.00000000
"test5",29,9,633.00,828.00,52,0.1102,104.00,72.00,0.00,0.00,0.0000,0.00000000
"test5",29,10,633.00,828.00,55,0.1181,105.00,74.00,0.00,0.00,0.0000,0.00000000
"test5",29,11,633.00,828.00,58,0.1102,103.00,72.00,0.00,0.00,0.0000,0.00000000
"test5",29,12,633.00,828.00,63,0.1102,102.00,72.00,0.00,0.00,0.0000,0.00000000
"test5",29,13,633.00,828.00,66,0.1181,105.00,74.00,0.00,0.00,0.0000,0.00000000
"test5",29,14,633.00,828.00,68,0.1102,101.00,72.00,0.00,0.00,0.0000,0.00000000
"test5",29,15,633.00,828.00,74,0.1102,99.00,72.00,0.00,0.00,0.0000,0.00000000
"test5",29,16,633.00,828.00,78,0.1181,105.00,74.00,0.00,0.00,0.0000,0.00000000
"test5",29,17,633.00,828.00,79,0.1339,103.00,89.00,0.00,0.00,0.0000,0.00000000
"test5",29,18,633.00,828.00,84,0.1417,104.00,90.00,0.00,0.00,0.0000,0.00000000
"test5",29,19,633.00,828.00,89,0.1181,105.00,74.00,0.00,0.00,632455.5000,0.00000000
"test5",29,20,633.00,828.00,90,0.1417,105.00,90.00,-200.00,-600.00,21081.8496,0.00000000
"test5",29,21,632.00,825.00,95,0.1496,107.00,90.00,-166.67,-500.00,774795.8750,0.18973669
"test5",29,22,631.50,823.50,98,0.1496,107.00,90.00,-750.00,-2750.00,709557.7500,0.01799093
"test5",29,23,630.00,818.00,100,0.1496,110.00,90.00,-666.67,-1333.33,215738.7344,0.01341641
"test5",29,24,626.00,810.00,106,0.1575,114.00,91.00,-1400.00,-2400.00,0.0000,0.00000000
"test5",29,25,619.00,798.00,111,0.1654,119.00,92.00,-1400.00,-2400.00,0.0000,0.00000000
"test5",29,26,618.80,797.66,111,0.1654,119.00,92.00,-1560.53,-2132.35,45457.1445,0.00094672
"test5",29,27,611.00,787.00,116,0.1811,126.00,92.00,-1666.67,-2333.33,0.0000,0.00000000
"test5",29,28,601.00,773.00,122,0.1890,133.00,92.00,-1666.67,-2333.33,0.0000,0.00000000
"test5",29,29,599.61,771.06,122,0.1890,133.00,92.00,-2122.83,-2611.96,273495.5313,0.00395089
"test5",29,30,589.00,758.00,127,0.2047,142.00,92.00,-2800.00,-3800.00,437913.3750,0.00000024
"test5",29,31,575.00,739.00,132,0.2047,151.00,91.00,-1501.13,-2037.29,1217211.7500,0.03143330
"test5",29,32,572.00,734.93,134,0.2047,151.00,91.00,-3249.44,-3731.35,153152.7031,0.00243821
"test5",29,33,559.00,720.00,138,0.2205,159.00,90.00,-3800.00,-4000.00,246884.0313,0.00000004
"test5",29,34,540.00,700.00,143,0.2283,167.00,89.00,-2949.80,-3105.04,1028683.5000,0.00000039
"test5",29,35,534.10,693.79,145,0.2283,167.00,89.00,-4366.80,-4596.64,698915.3125,0.00105206
"test5",29,36,521.00,680.00,148,0.2362,174.00,88.00,-2833.33,-3166.67,134114.3906,0.00000007
"test5",29,37,504.00,661.00,154,0.2362,178.00,87.00,-3369.89,-3766.36,309512.5938,0.00972561
"test5",29,38,497.26,653.47,156,0.2362,178.00,87.00,-2753.41,-3822.43,160199.9844,0.00388396
"test5",29,39,489.00,642.00,159,0.2362,180.00,86.00,-3200.00,-4000.00,243148.1094,0.00000008
"test5",29,40,473.00,622.00,164,0.2362,180.00,85.00,-2440.54,-3050.66,400124.5938,0.02501188
"test5",29,41,465.68,612.85,167,0.2362,180.00,85.00,-3559.46,-2616.01,414329.2188,0.02122736
"test5",29,42,455.00,605.00,170,0.2283,178.00,85.00,-2800.00,-3600.00,152023.4063,0.00000000
"test5",29,43,441.00,587.00,175,0.2283,175.00,86.00,-2333.33,-3000.00,323941.7500,0.02226378
"test5",29,44,434.00,578.00,178,0.2283,175.00,86.00,-1500.00,-3500.00,527046.2500,0.02414831
"test5",29,45,431.00,571.00,180,0.2283,171.00,87.00,-1833.33,-2500.00,258348.2500,0.00000000
"test5",29,46,420.00,556.00,186,0.2205,167.00,87.00,-2750.00,-3750.00,843685.6250,0.01077278
"test5",29,47,414.50,548.50,188,0.2205,167.00,87.00,-2166.67,-2166.67,164053.5469,0.00502087
"test5",29,48,408.00,542.00,191,0.2205,162.00,89.00,-2400.00,-2600.00,151014.8281,0.00226625
"test5",29,49,396.00,529.00,196,0.2205,157.00,90.00,-1792.72,-2151.28,147685.1094,0.00000035
"test5",29,50,388.83,520.39,200,0.2205,157.00,90.00,-1414.55,-1697.45,151450.4844,0.02098071
"test5",29,51,386.00,517.00,202,0.2126,152.00,92.00,-1400.00,-2000.00,209322.3438,0.00106426
"test5",29,52,379.00,507.00,207,0.2047,146.00,93.00,-774.10,-1161.16,58350.1250,0.00000421
"test5",29,53,375.90,502.36,211,0.2047,146.00,93.00,-903.59,-1355.35,1170345.8750,0.03483874
"test5",29,54,375.00,501.00,212,0.1969,139.00,92.00,-333.33,-333.33,101568.7813,0.11375195
"test5",29,55,373.00,499.00,218,0.1890,133.00,92.00,-643.45,-857.94,90526.5781,0.00000619
"test5",29,56,370.43,495.57,222,0.1890,133.00,92.00,-426.21,-568.24,465427.2188,0.23791598
"test5",29,57,370.00,495.00,223,0.1811,128.00,92.00,-600.00,-1000.00,99868.3516,0.00467741
"test5",29,58,367.00,490.00,228,0.1732,123.00,92.00,-370.89,-556.32,81233.2422,0.00000817
"test5",29,59,365.15,487.22,233,0.1732,123.00,92.00,-145.57,-218.38,312601.4375,1.61110592
"test5",29,60,365.00,487.00,234,0.1496,109.00,90.00,-400.00,-400.00,56590.9844,0.00000540
"test5",29,61,363.00,485.00,239,0.1496,109.00,90.00,-199.91,-199.93,0.0000,0.00000000
"test5",29,62,362.00,484.00,244,0.1496,109.00,90.00,-199.91,-199.93,0.0000,0.00000000
"test5",29,63,362.00,484.00,244,0.1496,108.00,90.00,0.00,0.00,0.0000,0.00000000
"test5",29,64,362.00,484.00,250,0.1417,108.00,89.00,0.00,0.00,0.0000,0.00000000
"test5",29,65,362.00,484.00,255,0.1417,107.00,87.00,0.00,0.00,250000.0000,0.00000000
"test5",29,66,362.00,484.00,256,0.1417,107.00,87.00,0.00,250.00,75115.6563,0.66666669
"test5",29,67,362.00,485.00,260,0.1339,105.00,87.00,166.67,0.00,3711.2759,0.00000000
"test5",29,68,363.00,485.00,266,0.1339,105.00,86.00,188.93,0.00,13832.0918,0.00000000
"test5",29,69,363.19,485.00,267,0.1339,105.00,86.00,202.77,0.00,691.6046,0.00000000
"test5",29,70,364.00,485.00,271,0.1339,105.00,86.00,200.00,0.00,9107.0557,0.00000000
"test5",29,71,365.00,485.00,276,0.1339,104.00,86.00,154.46,0.00,335486.2500,13.97076511
"test5",29,72,365.31,485.00,278,0.1339,104.00,86.00,230.36,-666.67,235114.3438,0.00000001
"test5",29,73,366.00,483.00,281,0.1339,104.00,86.00,0.00,0.00,0.0000,0.00000000
"test5",29,74,366.00,483.00,286,0.1339,104.00,86.00,0.00,0.00,0.0000,0.00000000
"test5",28,0,484.00,963.00,0,0.1417,102.00,93.00,0.00,0.00,0.0000,0.00000000
"test5",28,1,484.00,963.00,10,0.1339,100.00,90.00,0.00,0.00,0.0000,0.00000000
"test5",28,2,484.00,963.00,20,0.1339,100.00,90.00,0.00,0.00,0.0000,0.00000000
"test5",28,3,484.00,963.00,21,0.1339,100.00,90.00,0.00,0.00,0.0000,0.00000000
"test5",28,4,484.00,963.00,26,0.1339,100.00,90.00,0.00,0.00,0.0000,0.00000000
"test5",28,5,484.00,963.00,31,0.1339,100.00,90.00,0.00,0.00,0.0000,0.00000000
"test5",28,6,484.00,963.00,32,0.1339,100.00,90.00,0.00,0.00,0.0000,0.00000000
"test5",28,7,484.00,963.00,37,0.1339,100.00,90.00,0.00,0.00,0.0000,0.00000000
"test5",28,8,484.00,963.00,42,0.1339,99.00,90.00,0.00,0.00,0.0000,0.00000000
"test5",28,9,484.00,963.00,43,0.1339,100.00,90.00,0.00,0.00,0.0000,0.00000000
"test5",28,10,484.00,963.00,47,0.1339,100.00,88.00,0.00,0.00,0.0000,0.00000000
"test5",28,11,484.00,963.00,53,0.1339,99.00,88.00,0.00,0.00,0.0000,0.00000000
"test5",28,12,484.00,963.00,54,0.1339,100.00,90.00,0.00,0.00,0.0000,0.00000000
"test5",28,13,484.00,963.00,58,0.1339,99.00,89.00,0.00,0.00,0.0000,0.00000000
"test5",28,14,484.00,963.00,63,0.1339,100.00,89.00,0.00,0.00,0.0000,0.00000000
"test5",28,15,484.00,963.00,65,0.1339,100.00,90.00,0.00,0.00,0.0000,0.00000000
"test5",28,16,484.00,963.00,69,0.1339,99.00,89.00,0.00,0.00,0.0000,0.00000000
"test5",28,17,484.00,963.00,74,0.1339,99.00,89.00,0.00,0.00,0.0000,0.00000000
"test5",28,18,484.00,963.00,76,0.1339,100.00,90.00,0.00,0.00,0.0000,0.00000000
"test5",28,19,484.00,963.00,79,0.1339,99.00,89.00,0.00,0.00,0.0000,0.00000000
"test5",28,20,484.00,963.00,85,0.1339,100.00,90.00,0.00,0.00,0.0000,0.00000000
"test5",28,21,484.00,963.00,87,0.1339,100.00,90.00,0.00,0.00,0.0000,0.00000000
"test5",28,22,484.00,963.00,90,0.1339,100.00,90.00,0.00,0.00,0.0000,0.00000000
"test5",28,23,484.00,963.00,95,0.1339,100.00,90.00,0.00,0.00,0.0000,0.00000000
"test5",28,24,484.00,963.00,98,0.1339,100.00,90.00,0.00,0.00,0.0000,0.00000000
"test5",28,25,484.00,963.00,100,0.1339,101.00,91.00,0.00,0.00,0.0000,0.00000000
"test5",28,26,484.00,963.00,106,0.1417,102.00,93.00,0.00,0.00,527046.2500,0.00000000
"test5",28,27,484.00,963.00,109,0.1339,100.00,90.00,-500.00,-1500.00,263523.1250,0.00000000
"test5",28,28,483.00,960.00,111,0.1496,105.00,94.00,-333.33,-1000.00,243417.4375,0.06865562
"test5",28,29,481.00,954.00,117,0.1575,108.00,96.00,-1206.14,-2171.02,353699.0000,0.00000133
"test5",28,30,477.38,947.49,120,0.1575,108.00,96.00,-690.80,-1243.47,502632.6250,0.04799486
"test5",28,31,476.00,945.00,122,0.1654,111.00,97.00,-1000.00,-2200.00,35206.6289,0.00286883
"test5",28,32,471.00,934.00,127,0.1732,116.00,97.00,-1012.19,-2024.39,0.0000,0.00000000
"test5",28,33,465.94,923.88,132,0.1732,116.00,97.00,-1012.19,-2024.39,0.0000,0.00000000
"test5",28,34,465.00,922.00,132,0.1811,123.00,96.00,-1166.67,-2166.67,178989.3594,0.00625577
"test5",28,35,458.00,909.00,138,0.1890,130.00,95.00,-1864.41,-2983.06,0.0000,0.00000000
"test5",28,36,448.68,894.08,143,0.1890,130.00,95.00,-1864.41,-2983.06,0.0000,0.00000000
"test5",28,37,448.00,893.00,143,0.1969,138.00,93.00,-2400.00,-3800.00,95452.1563,0.00330441
"test5",28,38,436.00,874.00,148,0.2047,147.00,92.00,-2500.00,-3333.33,0.0000,0.00000000
"test5",28,39,421.00,854.00,154,0.2205,156.00,90.00,-2500.00,-3333.33,0.0000,0.00000000
"test5",28,40,420.93,853.91,154,0.2205,156.00,90.00,-3386.87,-3982.50,77453.4297,0.00223956
"test5",28,41,404.00,834.00,159,0.2283,164.00,90.00,-3000.00,-4000.00,519595.9375,0.00000020
"test5",28,42,389.00,814.00,164,0.2362,170.00,90.00,-1441.19,-1921.63,1904644.8750,0.05545376
"test5",28,43,387.56,812.08,165,0.2362,170.00,90.00,-2311.76,-3615.67,97698.0078,0.00455864
"test5",28,44,376.00,794.00,170,0.2362,173.00,90.00,-2800.00,-3600.00,83239.6797,0.00000018
"test5",28,45,362.00,776.00,175,0.2441,174.00,90.00,-2544.46,-3271.48,416470.9375,0.01148710
"test5",28,46,359.46,772.73,176,0.2441,174.00,90.00,-2613.88,-3682.13,203915.2969,0.00037006
"test5",28,47,349.00,758.00,180,0.2441,174.00,91.00,-2166.67,-3000.00,339101.2500,0.00000000
"test5",28,48,336.00,740.00,186,0.2441,172.00,92.00,-3357.91,-4649.41,1953372.8750,0.01232312
"test5",28,49,332.64,735.35,187,0.2441,172.00,92.00,-1910.52,-3337.65,74029.2188,0.00372302
"test5",28,50,325.00,722.00,191,0.2362,168.00,93.00,-2200.00,-3400.00,69260.7344,0.00000002
"test5",28,51,314.00,705.00,196,0.2283,164.00,91.00,-2011.87,-3109.25,549369.4375,0.02295574
"test5",28,52,309.98,698.78,198,0.2283,164.00,91.00,-994.06,-2695.37,237720.9844,0.01761554
"test5",28,53,306.00,688.00,202,0.2126,159.00,88.00,-1800.00,-3200.00,93490.8984,0.00000000
"test5",28,54,297.00,672.00,207,0.1969,155.00,85.00,-2029.17,-3607.42,541014.0000,0.00476972
"test5",28,55,292.94,664.79,209,0.1969,155.00,85.00,-1647.22,-2595.05,201104.1094,0.02097846
"test5",28,56,288.00,657.00,212,0.1890,151.00,83.00,-1200.00,-3000.00,107703.2969,0.00000000
"test5",28,57,282.00,642.00,217,0.1811,146.00,80.00,-1000.00,-2500.00,333333.3438,0.01707543
"test5",28,58,279.00,634.50,220,0.1811,146.00,80.00,-1000.00,-1500.00,137436.8594,0.02844617
"test5",28,59,276.00,630.00,223,0.1654,141.00,78.00,-1400.00,-1600.00,70867.6406,0.00000000
"test5",28,60,269.00,622.00,228,0.1575,137.00,76.00,-1166.67,-1333.33,111111.1250,0.02330990
"test5",28,61,265.50,618.00,231,0.1575,137.00,76.00,-1166.67,-1000.00,55555.5430,0.01531274
"test5",28,62,262.00,615.00,234,0.1575,132.00,76.00,-1000.00,-1000.00,130483.2578,0.06373053
"test5",28,63,257.00,610.00,239,0.1496,129.00,77.00,-450.64,-1351.93,133455.7656,0.00000000
"test5",28,64,255.65,605.94,242,0.1496,129.00,77.00,-324.04,-972.11,320013.5000,0.15058592
"test5",28,65,255.00,604.00,244,0.1496,126.00,78.00,-800.00,-1400.00,53748.3906,0.00000000
"test5",28,66,251.00,597.00,249,0.1417,123.00,79.00,-666.67,-1166.67,458122.8438,0.06869616
"test5",28,67,249.00,593.50,252,0.1417,123.00,79.00,-333.33,166.67,190191.5938,1.28797531
"test5",28,68,248.00,594.00,255,0.1417,121.00,79.00,-400.00,-400.00,113137.0859,0.00000000
"test5",28,69,246.00,592.00,260,0.1417,119.00,78.00,0.00,0.00,0.0000,0.00000000
"test5",28,70,246.00,592.00,265,0.1417,119.00,78.00,0.00,0.00,0.0000,0.00000000
"test5",28,71,246.00,592.00,265,0.1417,116.00,78.00,0.00,0.00,0.0000,0.00000000
"test5",28,72,246.00,592.00,271,0.1339,114.00,76.00,0.00,0.00,0.0000,0.00000000
"test5",28,73,246.00,592.00,276,0.1417,119.00,78.00,0.00,0.00,0.0000,0.00000000
"test5",28,74,246.00,592.00,276,0.1260,111.00,75.00,200.00,0.00,6666.6655,0.00000000
"test5",28,75,247.00,592.00,281,0.1181,109.00,73.00,166.67,0.00,0.0000,0.00000000
"test5",28,76,248.00,592.00,287,0.1181,108.00,72.00,166.67,0.00,0.0000,0.00000000
"test5",28,77,248.02,592.00,287,0.1181,108.00,72.00,195.29,0.00,39058.2266,0.00000000
"test5",28,78,249.00,592.00,292,0.1181,107.00,72.00,0.00,0.00,0.0000,0.00000000
"test5",28,79,249.00,592.00,297,0.1102,106.00,71.00,0.00,0.00,200000.0000,0.00000000
"test5",28,80,249.00,592.00,298,0.1102,106.00,71.00,200.00,0.00,56568.5430,1.00000000
"test5",28,81,250.00,592.00,303,0.1102,105.00,71.00,0.00,-200.00,2236.3281,0.00000000
"test5",28,82,250.00,591.00,308,0.1102,105.00,72.00,0.00,-211.18,281575.5313,0.00000000
"test5",28,83,250.00,590.79,309,0.1102,105.00,72.00,0.00,70.39,0.0000,0.00000000
"test5",28,84,250.00,591.00,312,0.1102,105.00,72.00,0.00,70.39,0.0000,0.00000000
"test5",27,0,621.00,932.00,0,0.1496,99.00,98.00,0.00,0.00,0.0000,0.00000000
"test5",27,1,621.00,932.00,10,0.1496,99.00,98.00,0.00,0.00,0.0000,0.00000000
"test5",27,2,621.00,932.00,11,0.1496,99.00,98.00,0.00,0.00,0.0000,0.00000000
"test5",27,3,621.00,932.00,15,0.1496,99.00,98.00,0.00,0.00,0.0000,0.00000000
"test5",27,4,621.00,932.00,20,0.1496,99.00,98.00,0.00,0.00,0.0000,0.00000000
"test5",27,5,621.00,932.00,22,0.1496,99.00,98.00,0.00,0.00,0.0000,0.00000000
"test5",27,6,621.00,932.00,25,0.1496,99.00,98.00,0.00,0.00,0.0000,0.00000000
"test5",27,7,621.00,932.00,31,0.1496,99.00,98.00,0.00,0.00,0.0000,0.00000000
"test5",27,8,621.00,932.00,33,0.1496,99.00,98.00,0.00,0.00,0.0000,0.00000000
"test5",27,9,621.00,932.00,36,0.1496,99.00,98.00,0.00,0.00,0.0000,0.00000000
"test5",27,10,621.00,932.00,41,0.1496,99.00,98.00,0.00,0.00,0.0000,0.00000000
"test5",27,11,621.00,932.00,44,0.1496,99.00,98.00,0.00,0.00,0.0000,0.00000000
"test5",27,12,621.00,932.00,47,0.1496,99.00,98.00,0.00,0.00,0.0000,0.00000000
"test5",27,13,621.00,932.00,52,0.1496,99.00,98.00,0.00,0.00,0.0000,0.00000000
"test5",27,14,621.00,932.00,55,0.1496,99.00,98.00,0.00,0.00,0.0000,0.00000000
"test5",27,15,621.00,932.00,57,0.1496,99.00,98.00,0.00,0.00,0.0000,0.00000000
"test5",27,16,621.00,932.00,63,0.1417,97.00,96.00,0.00,0.00,0.0000,0.00000000
"test5",27,17,621.00,932.00,66,0.1496,99.00,98.00,0.00,0.00,0.0000,0.00000000
"test5",27,18,621.00,932.00,68,0.1417,97.00,96.00,0.00,0.00,0.0000,0.00000000
"test5",27,19,621.00,932.00,73,0.1417,97.00,96.00,0.00,0.00,0.0000,0.00000000
"test5",27,20,621.00,932.00,76,0.1496,99.00,98.00,0.00,0.00,0.0000,0.00000000
"test5",27,21,621.00,932.00,79,0.1417,97.00,96.00,0.00,0.00,0.0000,0.00000000
"test5",27,22,621.00,932.00,84,0.1417,97.00,94.00,0.00,0.00,0.0000,0.00000000
"test5",27,23,621.00,932.00,89,0.1496,99.00,98.00,0.00,0.00,0.0000,0.00000000
"test5",27,24,621.00,930.00,89,0.1575,110.00,92.00,0.00,-1000.00,98402.7109,0.03244629
"test5",27,25,621.00,924.00,95,0.1575,111.00,93.00,-194.68,-1557.40,0.0000,0.00000000
"test5",27,26,620.03,916.21,100,0.1575,111.00,93.00,-194.68,-1557.40,0.0000,0.00000000
"test5",27,27,620.00,916.00,100,0.1575,112.00,93.00,-800.00,-2000.00,42687.4844,0.00266804
"test5",27,28,616.00,906.00,105,0.1654,116.00,93.00,-666.67,-1833.33,0.0000,0.00000000
"test5",27,29,612.00,895.00,111,0.1732,120.00,95.00,-666.67,-1833.33,0.0000,0.00000000
"test5",27,30,611.70,894.18,111,0.1732,120.00,95.00,-940.47,-2036.28,178262.8125,0.00385469
"test5",27,31,607.00,884.00,116,0.1811,125.00,96.00,-1400.00,-2800.00,95223.9609,0.00000000
"test5",27,32,600.00,870.00,121,0.1890,131.00,96.00,-1187.07,-2374.15,551569.1875,0.03808391
"test5",27,33,598.81,867.63,122,0.1890,131.00,96.00,-1162.59,-2925.17,232085.2344,0.00019194
"test5",27,34,593.00,853.00,127,0.2047,138.00,97.00,-1600.00,-4000.00,221558.6719,0.00000012
"test5",27,35,585.00,833.00,132,0.2126,144.00,97.00,-2011.41,-5028.56,1068888.7500,0.00474848
"test5",27,36,582.99,827.97,133,0.2126,144.00,97.00,-1747.15,-3992.86,13333.4092,0.00059959
"test5",27,37,576.00,812.00,137,0.2205,150.00,96.00,-1800.00,-4000.00,96033.5625,0.00000023
"test5",27,38,567.00,792.00,142,0.2283,156.00,96.00,-1602.94,-3562.13,306483.0938,0.00336282
"test5",27,39,563.79,784.88,144,0.2283,156.00,96.00,-1448.53,-2968.93,245324.9688,0.00913272
"test5",27,40,558.00,773.00,148,0.2362,159.00,96.00,-2200.00,-3600.00,52654.2305,0.00000003
"test5",27,41,547.00,755.00,153,0.2362,161.00,96.00,-2337.28,-3824.65,897629.1875,0.00206450
"test5",27,42,542.33,747.35,155,0.2362,161.00,96.00,-1331.36,-2337.68,383079.2188,0.00449407
"test5",27,43,537.00,738.00,159,0.2441,162.00,97.00,-2200.00,-3600.00,210950.2344,0.00000000
"test5",27,44,526.00,720.00,164,0.2362,159.00,98.00,-2750.00,-4500.00,1121909.3750,0.01846469
"test5",27,45,520.50,711.00,166,0.2362,159.00,98.00,-833.33,-3333.33,244696.8750,0.01232652
"test5",27,46,518.00,701.00,169,0.2283,156.00,97.00,-1400.00,-3800.00,134989.7031,0.00000000
"test5",27,47,511.00,682.00,174,0.2283,153.00,96.00,-1166.67,-3166.67,0.0000,0.00000000
"test5",27,48,507.50,672.50,177,0.2283,153.00,96.00,-1166.67,-3166.67,237788.1250,0.01994732
"test5",27,49,504.00,663.00,180,0.2205,150.00,96.00,-600.00,-3600.00,150977.1250,0.00041406
"test5",27,50,501.00,645.00,185,0.2126,146.00,96.00,-503.18,-2851.35,696410.2500,0.00000039
"test5",27,51,498.99,633.59,189,0.2126,146.00,96.00,-987.27,-5594.60,2765559.0000,0.01017112
"test5",27,52,498.00,628.00,190,0.2047,141.00,96.00,-833.33,-2833.33,96703.0234,0.00449238
"test5",27,53,493.00,611.00,196,0.2047,138.00,96.00,-757.46,-3408.57,245125.0313,0.00000018
"test5",27,54,489.97,597.37,200,0.2047,138.00,96.00,-970.15,-4365.72,1178075.3750,0.00433869
"test5",27,55,489.00,593.00,201,0.1969,135.00,96.00,-800.00,-3200.00,114402.3516,0.00593772
"test5",27,56,485.00,577.00,206,0.1969,132.00,96.00,-998.87,-2663.67,3840.7046,0.00000085
"test5",27,57,480.01,563.68,211,0.1969,132.00,96.00,-1005.65,-2681.64,1093910.8750,0.02853307
"test5",27,58,479.00,561.00,212,0.1890,129.00,95.00,-1600.00,-3600.00,143833.7656,0.00189525
"test5",27,59,471.00,543.00,217,0.1890,126.00,96.00,-1448.49,-2896.97,0.0000,0.00000000
"test5",27,60,463.76,528.52,222,0.1890,126.00,96.00,-1448.49,-2896.97,0.0000,0.00000000
"test5",27,61,463.00,527.00,222,0.1890,126.00,96.00,-1500.00,-3000.00,66306.7266,0.00131990
"test5",27,62,454.00,509.00,228,0.1811,125.00,96.00,-1593.71,-3386.65,0.0000,0.00000000
"test5",27,63,446.03,492.07,233,0.1811,125.00,96.00,-1593.71,-3386.65,0.0000,0.00000000
"test5",27,64,446.00,492.00,233,0.1811,123.00,96.00,-1400.00,-3600.00,203087.2656,0.00046272
"test5",27,65,439.00,474.00,238,0.1732,123.00,94.00,-1000.00,-2666.67,0.0000,0.00000000
"test5",27,66,433.00,458.00,244,0.1732,123.00,92.00,-1000.00,-2666.67,0.0000,0.00000000
"test5",27,67,432.54,456.76,244,0.1732,123.00,92.00,-1107.34,-3152.91,52779.6719,0.00009938
"test5",27,68,427.00,441.00,249,0.1732,124.00,90.00,-1200.00,-3400.00,86235.1641,0.00000013
"test5",27,69,421.00,424.00,254,0.1732,124.00,90.00,-1056.49,-2993.41,383751.0625,0.03743364
"test5",27,70,419.94,421.01,255,0.1732,124.00,90.00,-1388.70,-2801.32,114562.2578,0.00391633
"test5",27,71,413.00,407.00,260,0.1732,125.00,90.00,-1800.00,-3200.00,235031.8125,0.00000010
"test5",27,72,404.00,391.00,265,0.1732,126.00,91.00,-2376.13,-4224.24,1468948.8750,0.00000027
"test5",27,73,401.62,386.78,266,0.1732,126.00,91.00,-1655.97,-2943.94,164610.9375,0.00811687
"test5",27,74,395.00,375.00,270,0.1811,126.00,92.00,-1600.00,-3600.00,42459.6172,0.00000020
"test5",27,75,387.00,357.00,275,0.1811,126.00,93.00,-1513.76,-3406.01,502236.8750,0.00456723
"test5",27,76,383.97,350.19,277,0.1811,126.00,93.00,-993.12,-2547.00,171247.7969,0.00148773
"test5",27,77,380.00,340.00,281,0.1811,126.00,93.00,-1200.00,-3200.00,184303.0938,0.00000000
"test5",27,78,374.00,324.00,286,0.1811,126.00,93.00,-876.43,-2337.16,556028.5000,0.04070161
"test5",27,79,371.37,316.99,289,0.1811,126.00,93.00,-685.35,-3994.26,918485.3125,0.00384774
"test5",27,80,370.00,309.00,291,0.1811,126.00,94.00,-500.00,-2166.67,0.0000,0.00000000
"test5",27,81,367.00,296.00,297,0.1811,126.00,94.00,-500.00,-2166.67,644300.8125,0.01263256
"test5",27,82,365.50,289.50,300,0.1811,126.00,94.00,-250.00,-250.00,428984.5938,0.94280905
"test5",27,83,365.00,289.00,302,0.1732,124.00,93.00,-666.67,-1000.00,100154.2031,0.00000000
"test5",27,84,361.00,283.00,308,0.1732,122.00,93.00,-1000.00,-1500.00,186338.9688,0.02844617
"test5",27,85,359.00,280.00,310,0.1732,122.00,93.00,-666.67,-1333.33,161780.2031,0.01341641
"test5",27,86,357.00,276.00,313,0.1732,120.00,92.00,-800.00,-1800.00,172432.6094,0.00555905
"test5",27,87,353.00,267.00,318,0.1654,118.00,92.00,-354.04,-1062.13,181655.6875,0.00000272
"test5",27,88,351.58,262.75,322,0.1654,118.00,92.00,-583.83,-1751.46,1231928.0000,0.06185200
"test5",27,89,351.00,261.00,323,0.1654,117.00,92.00,0.00,-666.67,12269.7646,0.00000000
"test5",27,90,351.00,257.00,329,0.1654,116.00,93.00,0.00,-593.05,8689.8809,0.00000000
"test5",27,91,351.00,254.63,333,0.1654,116.00,93.00,0.00,-627.81,427807.6250,0.00000000
"test5",27,92,351.00,254.00,334,0.1575,115.00,93.00,0.00,-200.00,40000.0000,0.00000000
"test5",27,93,351.00,253.00,339,0.1654,115.00,95.00,0.00,0.00,0.0000,0.00000000
"test5",27,94,351.00,253.00,344,0.1654,115.00,95.00,0.00,0.00,0.0000,0.00000000
"test5",27,95,351.00,253.00,345,0.1654,114.00,96.00,0.00,0.00,0.0000,0.00000000
"test5",27,96,351.00,253.00,350,0.1654,114.00,96.00,0.00,0.00,0.0000,0.00000000
"test5",27,97,351.00,253.00,355,0.1654,115.00,95.00,0.00,0.00,0.0000,0.00000000
"test5",27,98,351.00,253.00,355,0.1732,114.00,98.00,0.00,0.00,0.0000,0.00000000
"test5",27,99,351.00,253.00,361,0.1654,113.00,99.00,0.00,0.00,0.0000,0.00000000
"test5",27,100,351.00,253.00,366,0.1654,112.00,99.00,0.00,0.00,0.0000,0.00000000
"test5",27,101,351.00,253.00,366,0.1654,115.00,95.00,200.00,0.00,40000.0000,0.00000000
"test5",27,102,352.00,253.00,371,0.1654,112.00,99.00,0.00,0.00,0.0000,0.00000000
"test5",27,103,352.00,253.00,377,0.1654,111.00,100.00,0.00,0.00,0.0000,0.00000000
"test5",27,104,352.00,253.00,377,0.1654,111.00,100.00,-200.00,0.00,40000.0000,0.00000000
"test5",27,105,351.00,253.00,382,0.1654,111.00,100.00,0.00,0.00,0.0000,0.00000000
"test5",27,106,351.00,253.00,386,0.1654,111.00,100.00,0.00,0.00,0.0000,0.00000000
"test5",26,0,293.00,698.00,0,0.0866,93.00,63.00,0.00,0.00,0.0000,0.00000000
"test5",26,1,293.00,698.00,10,0.0866,94.00,63.00,0.00,0.00,0.0000,0.00000000
"test5",26,2,293.00,698.00,16,0.0866,94.00,63.00,0.00,0.00,0.0000,0.00000000
"test5",26,3,293.00,698.00,18,0.0866,94.00,63.00,0.00,0.00,0.0000,0.00000000
"test5",26,4,293.00,698.00,21,0.0866,94.00,63.00,0.00,0.00,0.0000,0.00000000
"test5",26,5,293.00,698.00,26,0.0866,94.00,64.00,0.00,0.00,0.0000,0.00000000
"test5",26,6,293.00,698.00,29,0.0866,94.00,63.00,0.00,0.00,0.0000,0.00000000
"test5",26,7,293.00,698.00,32,0.0866,95.00,64.00,0.00,0.00,0.0000,0.00000000
"test5",26,8,293.00,698.00,37,0.0866,95.00,65.00,0.00,0.00,0.0000,0.00000000
"test5",26,9,293.00,698.00,40,0.0866,94.00,63.00,0.00,0.00,0.0000,0.00000000
"test5",26,10,293.00,698.00,48,0.0079,99.00,0.00,0.00,0.00,0.0000,0.00000000
"test5",26,11,293.00,698.00,52,0.0866,94.00,63.00,0.00,0.00,0.0000,0.00000000
"test5",26,12,293.00,698.00,74,0.0945,93.00,66.00,0.00,0.00,0.0000,0.00000000
"test5",26,13,293.00,698.00,80,0.0079,99.00,0.00,0.00,0.00,0.0000,0.00000000
"test5",26,14,293.00,698.00,82,0.0866,94.00,63.00,0.00,0.00,0.0000,0.00000000
"test5",26,15,293.00,698.00,101,0.0079,99.00,2.00,0.00,0.00,0.0000,0.00000000
"test5",26,16,293.00,698.00,106,0.0079,99.00,6.00,0.00,0.00,0.0000,0.00000000
"test5",26,17,293.00,698.00,107,0.0866,94.00,63.00,0.00,0.00,80000.0000,0.00000000
"test5",26,18,293.00,698.00,112,0.0157,99.00,12.00,0.00,-400.00,7197.2656,0.00000000
"test5",26,19,293.00,696.00,117,0.0236,100.00,21.00,0.00,-364.01,1496489.5000,5.66012239
"test5",26,20,293.00,695.64,118,0.0236,100.00,21.00,750.00,-1659.00,132209.0156,0.03875269
"test5",26,21,296.00,689.00,122,0.0472,103.00,30.00,1166.67,-1333.33,197653.5469,0.00000000
"test5",26,22,303.00,681.00,128,0.0630,109.00,39.00,1947.60,-2225.83,435699.7188,0.03495117
"test5",26,23,304.95,678.77,129,0.0630,109.00,39.00,1513.10,-2193.54,171732.6875,0.01977726
"test5",26,24,311.00,670.00,133,0.0866,117.00,49.00,2200.00,-2200.00,53217.2969,0.00000022
"test5",26,25,322.00,659.00,138,0.1102,126.00,58.00,2011.86,-2011.84,340986.2188,0.00000116
"test5",26,26,326.02,654.98,140,0.1102,126.00,58.00,2494.07,-2494.08,287122.5000,0.00284202
"test5",26,27,336.00,645.00,144,0.1339,137.00,66.00,3400.00,-3200.00,83695.2188,0.00000010
"test5",26,28,353.00,629.00,149,0.1654,150.00,72.00,3704.73,-3486.82,493389.3438,0.00551618
"test5",26,29,360.41,622.03,151,0.1654,150.00,72.00,4196.85,-4342.12,408690.8438,0.00182836
"test5",26,30,373.00,609.00,154,0.1969,162.00,78.00,3500.00,-3333.33,392292.6563,0.00000009
"test5",26,31,394.00,589.00,160,0.2283,174.00,84.00,5204.45,-4956.60,1047939.3125,0.00233666
"test5",26,32,404.41,579.09,162,0.2283,174.00,84.00,3530.36,-3695.60,135549.9063,0.00019523
"test5",26,33,415.00,568.00,165,0.2441,183.00,87.00,3800.00,-4000.00,183908.1875,0.00000000
"test5",26,34,434.00,548.00,170,0.2677,190.00,90.00,3166.67,-3333.33,766284.1875,0.00000000
"test5",26,35,443.50,538.00,173,0.2677,190.00,90.00,4750.00,-5000.00,1341770.2500,0.00362023
"test5",26,36,453.00,528.00,175,0.2756,195.00,93.00,3166.67,-2833.33,0.0000,0.00000000
"test5",26,37,472.00,511.00,181,0.2835,196.00,94.00,3166.67,-2833.33,828690.8125,0.00687916
"test5",26,38,481.50,502.50,184,0.2835,196.00,94.00,4750.00,-4750.00,1375631.1250,0.00522332
"test5",26,39,491.00,493.00,186,0.2835,195.00,95.00,2500.00,-3166.67,144047.7344,0.00124144
"test5",26,40,506.00,474.00,192,0.2835,193.00,95.00,2935.09,-3913.45,135231.0156,0.00000000
"test5",26,41,517.74,458.35,196,0.2835,193.00,95.00,3259.64,-4346.19,641742.6250,0.02168414
"test5",26,42,521.00,454.00,197,0.2835,190.00,96.00,3800.00,-4000.00,324057.0313,0.00016929
"test5",26,43,540.00,434.00,202,0.2756,186.00,96.00,2665.49,-2843.19,0.0000,0.00000000
"test5",26,44,553.33,419.78,207,0.2756,186.00,96.00,2665.49,-2843.19,0.0000,0.00000000
"test5",26,45,555.00,418.00,207,0.2598,179.00,95.00,2166.67,-3000.00,167101.5313,0.00244105
"test5",26,46,568.00,400.00,213,0.2520,173.00,94.00,2904.42,-3678.93,0.0000,0.00000000
"test5",26,47,582.52,381.61,218,0.2520,173.00,94.00,2904.42,-3678.93,0.0000,0.00000000
"test5",26,48,583.00,381.00,218,0.2362,167.00,93.00,3200.00,-3600.00,200554.7813,0.00298295
"test5",26,49,599.00,363.00,223,0.2283,161.00,92.00,2833.33,-2666.67,0.0000,0.00000000
"test5",26,50,616.00,347.00,229,0.2205,156.00,90.00,2833.33,-2666.67,0.0000,0.00000000
"test5",26,51,616.93,346.12,229,0.2205,156.00,90.00,2813.99,-3024.93,5716.7915,0.00007892
"test5",26,52,631.00,331.00,234,0.2047,152.00,87.00,2800.00,-3000.00,185935.2813,0.00000074
"test5",26,53,645.00,316.00,239,0.1969,149.00,86.00,2165.71,-2320.31,1001269.3750,0.07159106
"test5",26,54,647.17,313.68,240,0.1969,149.00,86.00,3166.86,-2335.94,129514.1641,0.00626689
"test5",26,55,663.00,302.00,245,0.1890,147.00,84.00,3800.00,-2200.00,138477.4375,0.00000043
"test5",26,56,682.00,291.00,250,0.1811,144.00,83.00,4399.23,-2546.88,1801982.1250,0.01939156
"test5",26,57,686.40,288.45,251,0.1811,144.00,83.00,2650.19,-2113.28,247507.0156,0.01141517
"test5",26,58,697.00,280.00,255,0.1732,142.00,81.00,1666.67,-2000.00,426569.0625,0.00000039
"test5",26,59,707.00,268.00,261,0.1732,139.00,81.00,3305.18,-3966.19,2604331.7500,0.01320923
"test5",26,60,710.31,264.03,262,0.1732,139.00,81.00,1923.71,-1758.45,63327.2930,0.00466708
"test5",26,61,718.00,257.00,266,0.1732,138.00,81.00,2000.00,-2000.00,36326.4023,0.00000054
"test5",26,62,728.00,247.00,271,0.1732,136.00,83.00,2128.45,-2128.42,935900.7500,0.00975435
"test5",26,63,732.26,242.74,273,0.1732,136.00,83.00,935.78,-685.79,85572.4688,0.06197989
"test5",26,64,736.00,240.00,277,0.1732,135.00,85.00,800.00,-1000.00,64031.2422,0.00000000
"test5",26,65,740.00,235.00,282,0.1732,132.00,87.00,1000.00,-1250.00,867027.1250,0.02031528
"test5",26,66,742.00,232.50,284,0.1732,132.00,87.00,0.00,166.67,231207.2656,4.79999971
"test5",26,67,742.00,233.00,287,0.1732,129.00,89.00,400.00,-400.00,18856.1777,0.00000000
"test5",26,68,744.00,231.00,292,0.1732,126.00,90.00,333.33,-333.33,0.0000,0.00000000
"test5",26,69,745.00,230.00,295,0.1732,126.00,90.00,333.33,-333.33,157134.8438,0.00000000
"test5",26,70,746.00,229.00,298,0.1260,102.00,81.00,0.00,0.00,0.0000,0.00000000
"test5",26,71,746.00,229.00,303,0.1260,102.00,81.00,0.00,0.00,333333.3438,0.00000000
"test5",26,72,746.00,229.00,306,0.1260,102.00,81.00,-1000.00,0.00,66666.6641,0.00000000
"test5",26,73,743.00,229.00,309,0.1417,104.00,89.00,-1200.00,0.00,49298.7070,0.00000000
"test5",26,74,737.00,229.00,314,0.1417,105.00,89.00,-953.51,0.00,58116.9141,0.00000000
"test5",26,75,733.19,229.00,318,0.1417,105.00,89.00,-1185.97,0.00,385974.1250,0.00000000
"test5",26,76,732.00,229.00,319,0.1417,105.00,88.00,-800.00,0.00,89536.2813,0.10512543
"test5",26,77,728.00,229.00,324,0.1339,105.00,87.00,-504.61,-336.40,6649.3599,0.00002188
"test5",26,78,725.48,227.32,329,0.1339,105.00,87.00,-476.93,-317.99,140856.0000,0.16889682
"test5",26,79,725.00,227.00,330,0.1339,105.00,84.00,-400.00,-200.00,58361.3125,0.08385801
"test5",26,80,723.00,226.00,335,0.1339,105.00,83.00,-187.51,0.00,0.0000,0.00000000
"test5",26,81,722.06,226.00,340,0.1339,105.00,83.00,-187.51,0.00,0.0000,0.00000000
"test5",26,82,722.00,226.00,340,0.1260,106.00,80.00,0.00,0.00,0.0000,0.00000000
"test5",26,83,722.00,226.00,345,0.1260,106.00,80.00,0.00,0.00,0.0000,0.00000000
"test5",25,0,348.00,749.00,0,0.1417,102.00,93.00,0.00,0.00,0.0000,0.00000000
"test5",25,1,348.00,749.00,10,0.1417,103.00,93.00,0.00,0.00,0.0000,0.00000000
"test5",25,2,348.00,749.00,13,0.1417,103.00,93.00,0.00,0.00,0.0000,0.00000000
"test5",25,3,348.00,749.00,15,0.1417,103.00,93.00,0.00,0.00,0.0000,0.00000000
"test5",25,4,348.00,749.00,21,0.1417,103.00,93.00,0.00,0.00,0.0000,0.00000000
"test5",25,5,348.00,749.00,23,0.1417,103.00,93.00,0.00,0.00,0.0000,0.00000000
"test5",25,6,348.00,749.00,26,0.1417,103.00,93.00,0.00,0.00,0.0000,0.00000000
"test5",25,7,348.00,749.00,31,0.1417,103.00,93.00,0.00,0.00,0.0000,0.00000000
"test5",25,8,348.00,749.00,34,0.1417,103.00,93.00,0.00,0.00,0.0000,0.00000000
"test5",25,9,348.00,749.00,36,0.1417,103.00,93.00,0.00,0.00,0.0000,0.00000000
"test5",25,10,348.00,749.00,42,0.1417,103.00,93.00,0.00,0.00,0.0000,0.00000000
"test5",25,11,348.00,749.00,45,0.1417,103.00,93.00,0.00,0.00,0.0000,0.00000000
"test5",25,12,348.00,749.00,52,0.1417,103.00,92.00,0.00,0.00,0.0000,0.00000000
"test5",25,13,348.00,749.00,57,0.1417,103.00,93.00,0.00,0.00,0.0000,0.00000000
"test5",25,14,348.00,749.00,58,0.1417,103.00,92.00,0.00,0.00,0.0000,0.00000000
"test5",25,15,348.00,749.00,63,0.1417,102.00,91.00,0.00,0.00,0.0000,0.00000000
"test5",25,16,348.00,749.00,66,0.1417,103.00,93.00,0.00,0.00,0.0000,0.00000000
"test5",25,17,348.00,749.00,68,0.1417,102.00,92.00,0.00,0.00,0.0000,0.00000000
"test5",25,18,348.00,749.00,74,0.1417,102.00,92.00,0.00,0.00,0.0000,0.00000000
"test5",25,19,348.00,749.00,79,0.1417,103.00,91.00,0.00,0.00,0.0000,0.00000000
"test5",25,20,348.00,749.00,79,0.1417,103.00,93.00,0.00,0.00,0.0000,0.00000000
"test5",25,21,348.00,749.00,85,0.1417,102.00,91.00,0.00,0.00,0.0000,0.00000000
"test5",25,22,348.00,749.00,90,0.1417,102.00,92.00,0.00,0.00,0.0000,0.00000000
"test5",25,23,348.00,749.00,90,0.1417,103.00,93.00,0.00,0.00,0.0000,0.00000000
"test5",25,24,348.00,749.00,95,0.1417,102.00,92.00,0.00,0.00,0.0000,0.00000000
"test5",25,25,348.00,749.00,101,0.1417,102.00,92.00,0.00,0.00,0.0000,0.00000000
"test5",25,26,348.00,749.00,101,0.1417,103.00,93.00,0.00,0.00,0.0000,0.00000000
"test5",25,27,348.00,749.00,106,0.1417,101.00,92.00,0.00,0.00,0.0000,0.00000000
"test5",25,28,348.00,749.00,111,0.1732,120.00,96.00,0.00,0.00,447213.5938,0.00000000
"test5",25,29,348.00,749.00,112,0.1417,103.00,93.00,400.00,-200.00,200000.0000,0.44721359
"test5",25,30,350.00,748.00,117,0.2598,166.00,101.00,1400.00,-200.00,205407.0938,0.00000302
"test5",25,31,357.00,747.00,122,0.2598,167.00,102.00,2416.72,-345.21,71598.8281,0.01187113
"test5",25,32,359.42,746.65,123,0.2598,167.00,102.00,2395.82,-413.70,111262.6641,0.00485583
"test5",25,33,369.00,745.00,127,0.2677,168.00,102.00,2800.00,-600.00,155269.7344,0.00000012
"test5",25,34,383.00,742.00,132,0.2677,168.00,102.00,2040.88,-437.34,313832.8750,0.03028364
"test5",25,35,389.12,740.69,135,0.2677,168.00,102.00,2959.12,-229.33,338747.6563,0.01907116
"test5",25,36,398.00,740.00,138,0.2677,169.00,102.00,3800.00,-800.00,194164.8906,0.00000000
"test5",25,37,417.00,736.00,143,0.2677,171.00,102.00,4750.00,-1000.00,708333.3125,0.00837885
"test5",25,38,426.50,734.00,145,0.2677,171.00,102.00,3500.00,-333.33,188888.8906,0.00588029
"test5",25,39,437.00,733.00,148,0.2756,174.00,102.00,4000.00,-600.00,191412.3594,0.00186674
"test5",25,40,457.00,730.00,153,0.2756,176.00,102.00,3088.30,-308.84,184689.0313,0.00000064
"test5",25,41,469.35,728.76,157,0.2756,176.00,102.00,3823.39,-382.32,246252.1094,0.00000045
"test5",25,42,477.00,728.00,159,0.2756,177.00,102.00,3333.33,-333.33,355729.1250,0.02216667
"test5",25,43,487.00,727.00,162,0.2756,177.00,102.00,2500.00,-1000.00,431195.8438,0.04663195
"test5",25,44,492.00,725.00,164,0.2756,178.00,101.00,2254.13,-173.40,65789.7656,0.00000091
"test5",25,45,501.02,724.31,168,0.2756,178.00,101.00,1991.74,-153.20,98687.0703,0.00768934
"test5",25,46,505.00,724.00,170,0.2756,177.00,101.00,1800.00,-200.00,169614.9688,0.00657098
"test5",25,47,514.00,723.00,175,0.2677,174.00,100.00,975.85,0.00,30193.3281,0.00000000
"test5",25,48,517.90,723.00,179,0.2677,174.00,100.00,1096.62,0.00,918653.8750,0.16631015
"test5",25,49,519.00,723.00,180,0.2520,168.00,99.00,200.00,-200.00,40447.6406,0.30051178
"test5",25,50,520.00,722.00,185,0.2441,162.00,99.00,0.00,-170.00,3994.1406,0.00000000
"test5",25,51,520.00,721.15,190,0.2441,162.00,99.00,0.00,-150.02,49975.5859,0.00000000
"test5",25,52,520.00,721.00,191,0.2362,156.00,98.00,0.00,-200.00,153591.0938,3.70727539
"test5",25,53,520.00,720.00,196,0.2205,148.00,97.00,-741.46,0.00,89746.0938,0.00000000
"test5",25,54,516.29,720.00,201,0.2205,148.00,97.00,-292.72,0.00,507275.3750,0.00000000
"test5",25,55,516.00,720.00,202,0.2047,141.00,96.00,-800.00,0.00,80000.0000,0.00000000
"test5",25,56,512.00,720.00,207,0.1575,109.00,94.00,-400.00,0.00,0.0000,0.00000000
"test5",25,57,510.00,720.00,212,0.1575,109.00,94.00,-400.00,0.00,0.0000,0.00000000
"test5",25,58,509.96,720.00,212,0.1575,109.00,94.00,-591.50,0.00,51634.1133,0.00000000
"test5",25,59,507.00,720.00,217,0.1181,103.00,74.00,-333.33,0.00,0.0000,0.00000000
"test5",25,60,505.00,720.00,223,0.1181,104.00,75.00,-333.33,0.00,0.0000,0.00000000
"test5",25,61,504.74,720.00,223,0.1181,104.00,75.00,-548.85,-400.00,80423.4063,0.01900759
"test5",25,62,502.00,718.00,228,0.1181,104.00,75.00,-200.00,-200.00,1817.8512,0.00010790
"test5",25,63,501.00,717.00,233,0.1181,104.00,76.00,-193.54,-193.60,273753.5625,0.00000000
"test5",25,64,500.81,716.81,234,0.1181,104.00,76.00,0.00,0.00,0.0000,0.00000000
"test5",25,65,500.81,716.81,239,0.1181,105.00,77.00,0.00,0.00,0.0000,0.00000000
"test5",25,66,500.81,716.81,244,0.1654,116.00,93.00,0.00,0.00,0.0000,0.00000000
"test5",25,67,500.81,716.81,246,0.1181,104.00,76.00,0.00,0.00,122337.2031,0.00000000
"test5",25,68,500.81,716.81,249,0.1654,117.00,94.00,365.59,32.27,5906.8003,0.04136561
"test5",25,69,503.00,717.00,255,0.1339,111.00,78.00,380.25,0.00,380249.0313,0.00000000
"test5",25,70,503.76,717.00,257,0.1339,111.00,78.00,-380.25,0.00,0.0000,0.00000000
"test5",25,71,503.00,717.00,259,0.1339,111.00,78.00,-380.25,0.00,0.0000,0.00000000
"test5",24,0,361.00,821.00,0,0.0945,93.00,71.00,0.00,0.00,0.0000,0.00000000
"test5",24,1,361.00,821.00,10,0.0945,93.00,71.00,0.00,0.00,0.0000,0.00000000
"test5",24,2,361.00,821.00,11,0.0945,93.00,71.00,0.00,0.00,0.0000,0.00000000
"test5",24,3,361.00,821.00,15,0.1024,93.00,72.00,0.00,0.00,0.0000,0.00000000
"test5",24,4,361.00,821.00,21,0.1024,93.00,72.00,0.00,0.00,0.0000,0.00000000
"test5",24,5,361.00,821.00,22,0.0945,93.00,71.00,0.00,0.00,0.0000,0.00000000
"test5",24,6,361.00,821.00,26,0.1024,93.00,72.00,0.00,0.00,0.0000,0.00000000
"test5",24,7,361.00,821.00,31,0.1024,94.00,72.00,0.00,0.00,0.0000,0.00000000
"test5",24,8,361.00,821.00,33,0.0945,93.00,71.00,0.00,0.00,0.0000,0.00000000
"test5",24,9,361.00,821.00,37,0.1024,95.00,72.00,0.00,0.00,0.0000,0.00000000
"test5",24,10,361.00,821.00,42,0.1024,96.00,73.00,0.00,0.00,0.0000,0.00000000
"test5",24,11,361.00,821.00,44,0.0945,93.00,71.00,0.00,0.00,0.0000,0.00000000
"test5",24,12,361.00,821.00,47,0.1102,97.00,75.00,0.00,0.00,0.0000,0.00000000
"test5",24,13,361.00,821.00,53,0.1102,98.00,75.00,0.00,0.00,0.0000,0.00000000
"test5",24,14,361.00,821.00,55,0.0945,93.00,71.00,0.00,0.00,0.0000,0.00000000
"test5",24,15,361.00,821.00,58,0.1102,99.00,76.00,0.00,0.00,0.0000,0.00000000
"test5",24,16,361.00,821.00,63,0.1102,99.00,76.00,0.00,0.00,0.0000,0.00000000
"test5",24,17,361.00,821.00,66,0.0945,93.00,71.00,0.00,0.00,0.0000,0.00000000
"test5",24,18,361.00,821.00,68,0.1102,98.00,75.00,0.00,0.00,0.0000,0.00000000
"test5",24,19,361.00,821.00,74,0.1102,98.00,75.00,0.00,0.00,0.0000,0.00000000
"test5",24,20,361.00,821.00,76,0.0945,93.00,71.00,0.00,0.00,0.0000,0.00000000
"test5",24,21,361.00,821.00,79,0.1102,97.00,75.00,0.00,0.00,0.0000,0.00000000
"test5",24,22,361.00,821.00,84,0.1102,96.00,75.00,0.00,0.00,0.0000,0.00000000
"test5",24,23,361.00,821.00,87,0.0945,93.00,71.00,0.00,0.00,0.0000,0.00000000
"test5",24,24,361.00,821.00,90,0.1102,96.00,75.00,0.00,0.00,0.0000,0.00000000
"test5",24,25,361.00,821.00,95,0.1102,97.00,77.00,0.00,0.00,0.0000,0.00000000
"test5",24,26,361.00,821.00,99,0.0945,93.00,71.00,0.00,0.00,471404.5313,0.00000000
"test5",24,27,361.00,821.00,100,0.1181,99.00,79.00,-333.33,-333.33,140498.7188,0.00000000
"test5",24,28,359.00,819.00,106,0.1260,102.00,83.00,-929.42,-929.42,0.0000,0.00000000
"test5",24,29,354.35,814.35,111,0.1260,102.00,83.00,-929.42,-929.42,0.0000,0.00000000
"test5",24,30,354.00,814.00,111,0.1339,105.00,86.00,-1400.00,-1000.00,113137.0859,0.00628366
"test5",24,31,347.00,809.00,116,0.1496,110.00,89.00,-1800.00,-1400.00,388950.4063,0.00000083
"test5",24,32,338.00,802.00,121,0.1575,116.00,90.00,-264.89,-206.05,2027071.2500,4.98520803
"test5",24,33,337.74,801.79,122,0.1575,116.00,90.00,-2147.02,-958.79,51262.6484,0.00237021
"test5",24,34,327.00,797.00,127,0.1654,122.00,91.00,-2400.00,-1000.00,212007.2188,0.00000028
"test5",24,35,315.00,792.00,132,0.1732,129.00,90.00,-1421.51,-592.29,1326120.8750,0.09730174
"test5",24,36,313.58,791.41,133,0.1732,129.00,90.00,-2715.70,-881.54,112038.3203,0.01023820
"test5",24,37,300.00,787.00,138,0.1811,137.00,87.00,-3200.00,-600.00,56511.8555,0.00000088
"test5",24,38,284.00,784.00,143,0.1732,143.00,81.00,-2922.27,-547.97,239943.2188,0.01737900
"test5",24,39,281.08,783.45,144,0.1732,143.00,81.00,-2769.43,-363.01,242534.4219,0.00521280
"test5",24,40,270.00,782.00,148,0.1654,147.00,75.00,-1800.00,-400.00,113743.8359,0.00000097
"test5",24,41,261.00,780.00,153,0.1496,147.00,67.00,-1244.83,-276.61,564673.5625,0.02501651
"test5",24,42,258.51,779.45,155,0.1496,147.00,67.00,-127.59,-111.69,86526.1719,1.14539671
"test5",24,43,258.00,779.00,159,0.1339,144.00,60.00,200.00,0.00,2313.8428,0.00000000
"test5",24,44,259.00,779.00,164,0.0394,101.00,27.00,188.43,0.00,483676.9375,0.00000000
"test5",24,45,259.38,779.00,166,0.0394,101.00,27.00,1155.78,0.00,11053.8330,0.00000000
"test5",24,46,264.00,779.00,170,0.0394,102.00,27.00,1200.00,0.00,30138.5508,0.00000000
"test5",24,47,270.00,779.00,175,0.0394,104.00,27.00,1350.69,0.00,458910.6563,0.00000000
"test5",24,48,272.70,779.00,177,0.0394,104.00,27.00,432.87,0.00,189042.8438,0.00000000
"test5",24,49,274.00,779.00,180,0.0394,104.00,27.00,1000.00,0.00,33333.3359,0.00000000
"test5",24,50,279.00,779.00,185,0.0394,104.00,27.00,833.33,0.00,111111.1094,0.00000000
"test5",24,51,281.50,779.00,188,0.0394,104.00,27.00,1166.67,0.00,11111.1250,0.00000000
"test5",24,52,285.00,779.00,191,0.0394,104.00,27.00,1200.00,0.00,40000.0000,0.00000000
"test5",24,53,291.00,779.00,196,0.0394,104.00,27.00,1000.00,0.00,333333.3438,0.00000000
"test5",24,54,294.00,779.00,199,0.0394,104.00,27.00,0.00,0.00,83333.3359,0.00000000
"test5",24,55,294.00,779.00,201,0.0394,104.00,27.00,166.67,0.00,13888.8887,0.00000000
"test5",24,56,295.00,779.00,207,0.0394,105.00,27.00,250.00,0.00,375000.0000,0.00000000
"test5",24,57,295.50,779.00,209,0.0394,105.00,27.00,-500.00,0.00,33333.3320,0.00000000
"test5",24,58,294.00,779.00,212,0.0394,105.00,27.00,-400.00,0.00,41839.9063,0.00000000
"test5",24,59,292.00,779.00,217,0.0394,107.00,27.00,-609.20,0.00,81899.6406,0.00000000
"test5",24,60,289.56,779.00,221,0.0394,107.00,27.00,-281.60,0.00,59199.5234,0.00000000
"test5",24,61,289.00,779.00,223,0.0394,108.00,27.00,-400.00,0.00,28729.2480,0.00000000
"test5",24,62,287.00,779.00,228,0.0394,109.00,26.00,-543.65,0.00,0.0000,0.00000000
"test5",24,63,284.28,779.00,233,0.0394,109.00,26.00,-543.65,0.00,0.0000,0.00000000
"test5",24,64,284.00,779.00,233,0.0394,111.00,26.00,-400.00,0.00,80000.0000,0.00000000
"test5",24,65,282.00,779.00,238,0.0394,111.00,26.00,0.00,0.00,0.0000,0.00000000
"test5",24,66,282.00,779.00,243,0.0394,111.00,26.00,0.00,0.00,0.0000,0.00000000
"test5",23,0,736.00,669.00,0,0.1575,102.00,102.00,0.00,0.00,0.0000,0.00000000
"test5",23,1,736.00,669.00,10,0.1575,102.00,101.00,0.00,0.00,0.0000,0.00000000
"test5",23,2,736.00,669.00,16,0.1575,102.00,101.00,0.00,0.00,0.0000,0.00000000
"test5",23,3,736.00,669.00,18,0.1575,102.00,101.00,0.00,0.00,0.0000,0.00000000
"test5",23,4,736.00,669.00,21,0.1575,102.00,102.00,0.00,0.00,0.0000,0.00000000
"test5",23,5,736.00,669.00,26,0.1575,102.00,102.00,0.00,0.00,0.0000,0.00000000
"test5",23,6,736.00,669.00,29,0.1575,102.00,101.00,0.00,0.00,0.0000,0.00000000
"test5",23,7,736.00,669.00,32,0.1575,102.00,102.00,0.00,0.00,0.0000,0.00000000
"test5",23,8,736.00,669.00,37,0.1575,102.00,101.00,0.00,0.00,0.0000,0.00000000
"test5",23,9,736.00,669.00,39,0.1575,102.00,101.00,0.00,0.00,0.0000,0.00000000
"test5",23,10,736.00,669.00,42,0.1575,102.00,101.00,0.00,0.00,0.0000,0.00000000
"test5",23,11,736.00,669.00,48,0.1575,102.00,101.00,0.00,0.00,0.0000,0.00000000
"test5",23,12,736.00,669.00,50,0.1575,102.00,101.00,0.00,0.00,0.0000,0.00000000
"test5",23,13,736.00,669.00,53,0.1575,102.00,100.00,0.00,0.00,0.0000,0.00000000
"test5",23,14,736.00,669.00,56,0.1575,102.00,101.00,0.00,0.00,0.0000,0.00000000
"test5",23,15,736.00,669.00,64,0.1575,102.00,101.00,0.00,0.00,0.0000,0.00000000
"test5",23,16,736.00,669.00,69,0.1575,102.00,101.00,0.00,0.00,0.0000,0.00000000
"test5",23,17,736.00,669.00,73,0.1575,102.00,101.00,0.00,0.00,0.0000,0.00000000
"test5",23,18,736.00,669.00,74,0.1575,102.00,101.00,0.00,0.00,0.0000,0.00000000
"test5",23,19,736.00,669.00,79,0.1575,102.00,101.00,0.00,0.00,0.0000,0.00000000
"test5",23,20,736.00,669.00,84,0.1575,102.00,101.00,0.00,0.00,0.0000,0.00000000
"test5",23,21,736.00,669.00,85,0.1575,102.00,101.00,0.00,0.00,0.0000,0.00000000
"test5",23,22,736.00,669.00,90,0.1575,102.00,101.00,0.00,0.00,0.0000,0.00000000
"test5",23,23,736.00,669.00,95,0.1575,102.00,101.00,0.00,0.00,600000.0000,0.00000000
"test5",23,24,736.00,669.00,96,0.1496,102.00,99.00,-600.00,0.00,200000.0000,0.00000000
"test5",23,25,733.00,669.00,101,0.1575,104.00,99.00,-1600.00,0.00,0.0000,0.00000000
"test5",23,26,725.00,669.00,106,0.1654,108.00,98.00,-1600.00,0.00,0.0000,0.00000000
"test5",23,27,724.67,669.00,106,0.1654,108.00,98.00,-2334.35,200.00,52198.7969,0.00673891
"test5",23,28,713.00,670.00,111,0.1654,115.00,97.00,-2166.67,0.00,83055.2969,0.00000000
"test5",23,29,700.00,670.00,117,0.1811,124.00,96.00,-1668.33,0.00,1930834.3750,0.08982009
"test5",23,30,698.33,670.00,118,0.1811,124.00,96.00,-3582.92,250.00,65781.8906,0.00127441
"test5",23,31,684.00,671.00,122,0.1969,135.00,96.00,-3333.33,166.67,138495.1406,0.00000050
"test5",23,32,664.00,672.00,128,0.2126,147.00,95.00,-4163.27,208.13,795978.4375,0.00287114
"test5",23,33,659.84,672.21,129,0.2126,147.00,95.00,-4959.18,197.97,103025.8672,0.00219423
"test5",23,34,640.00,673.00,133,0.2283,159.00,94.00,-4600.00,400.00,274143.5000,0.00000005
"test5",23,35,617.00,675.00,138,0.2441,171.00,93.00,-3234.44,281.25,1474627.3750,0.00273889
"test5",23,36,610.53,675.56,140,0.2441,171.00,93.00,-6177.04,479.17,733119.0000,0.00124346
"test5",23,37,592.00,677.00,143,0.2520,180.00,91.00,-4000.00,166.67,53925.3438,0.00000022
"test5",23,38,568.00,678.00,149,0.2598,187.00,90.00,-4323.27,180.11,269903.0000,0.00148321
"test5",23,39,559.35,678.36,151,0.2598,187.00,90.00,-3784.48,213.26,434022.5313,0.00326314
"test5",23,40,548.00,679.00,154,0.2598,190.00,89.00,-2500.00,0.00,130991.6250,0.00000000
"test5",23,41,533.00,679.00,160,0.2520,189.00,87.00,-3285.95,0.00,1238291.3750,0.00000000
"test5",23,42,526.43,679.00,162,0.2520,189.00,87.00,-809.37,0.00,207858.7813,0.10176956
"test5",23,43,524.00,679.00,165,0.2441,186.00,86.00,-1400.00,200.00,47140.4609,0.00000000
"test5",23,44,517.00,680.00,170,0.2362,181.00,84.00,-1166.67,166.67,238953.4688,0.15273508
"test5",23,45,513.50,680.50,173,0.2362,181.00,84.00,-750.00,750.00,358430.2188,0.05237828
"test5",23,46,512.00,682.00,175,0.2205,174.00,82.00,-333.33,166.67,0.0000,0.00000000
"test5",23,47,510.00,683.00,181,0.2047,166.00,80.00,-333.33,166.67,149587.9219,1.07331276
"test5",23,48,509.00,683.50,184,0.2047,166.00,80.00,-500.00,-250.00,279508.5000,0.00000000
"test5",23,49,508.00,683.00,186,0.1890,158.00,78.00,0.00,0.00,0.0000,0.00000000
"test5",23,50,508.00,683.00,192,0.1732,150.00,75.00,0.00,0.00,0.0000,0.00000000
"test5",23,51,508.00,683.00,194,0.1732,150.00,75.00,0.00,0.00,0.0000,0.00000000
"test5",23,52,508.00,683.00,197,0.1575,142.00,73.00,0.00,0.00,0.0000,0.00000000
"test5",23,53,508.00,683.00,202,0.1417,135.00,71.00,0.00,0.00,0.0000,0.00000000
"test5",23,54,508.00,683.00,205,0.1732,150.00,75.00,0.00,0.00,0.0000,0.00000000
"test5",23,55,508.00,683.00,207,0.1339,130.00,69.00,0.00,0.00,0.0000,0.00000000
"test5",23,56,508.00,683.00,213,0.1260,125.00,68.00,0.00,0.00,0.0000,0.00000000
"test5",23,57,508.00,683.00,217,0.1732,150.00,75.00,0.00,0.00,0.0000,0.00000000
"test5",23,58,508.00,683.00,218,0.1181,121.00,67.00,0.00,0.00,0.0000,0.00000000
"test5",23,59,508.00,683.00,223,0.1181,118.00,66.00,0.00,0.00,0.0000,0.00000000
"test5",23,60,508.00,683.00,229,0.1181,116.00,66.00,0.00,0.00,0.0000,0.00000000
"test5",23,61,508.00,683.00,229,0.1732,150.00,75.00,0.00,0.00,0.0000,0.00000000
"test5",23,62,508.00,683.00,234,0.1181,114.00,66.00,0.00,0.00,0.0000,0.00000000
"test5",23,63,508.00,683.00,237,0.1732,150.00,75.00,0.00,0.00,0.0000,0.00000000
"test5",23,64,508.00,683.00,245,0.1102,113.00,66.00,0.00,0.00,0.0000,0.00000000
"test5",23,65,508.00,683.00,249,0.1102,113.00,66.00,0.00,0.00,0.0000,0.00000000
"test5",22,0,619.00,699.00,0,0.0866,100.00,60.00,0.00,0.00,0.0000,0.00000000
"test5",22,1,619.00,699.00,10,0.0866,100.00,60.00,0.00,0.00,0.0000,0.00000000
"test5",22,2,619.00,699.00,15,0.0866,100.00,60.00,0.00,0.00,0.0000,0.00000000
"test5",22,3,619.00,699.00,20,0.0866,100.00,60.00,0.00,0.00,0.0000,0.00000000
"test5",22,4,619.00,699.00,20,0.0866,101.00,60.00,0.00,0.00,0.0000,0.00000000
"test5",22,5,619.00,699.00,26,0.0866,101.00,60.00,0.00,0.00,0.0000,0.00000000
"test5",22,6,619.00,699.00,31,0.0866,101.00,60.00,0.00,0.00,0.0000,0.00000000
"test5",22,7,619.00,699.00,31,0.0866,100.00,60.00,0.00,0.00,0.0000,0.00000000
"test5",22,8,619.00,699.00,36,0.0866,101.00,60.00,0.00,0.00,0.0000,0.00000000
"test5",22,9,619.00,699.00,42,0.0866,101.00,60.00,0.00,0.00,0.0000,0.00000000
"test5",22,10,619.00,699.00,42,0.0866,100.00,60.00,0.00,0.00,0.0000,0.00000000
"test5",22,11,619.00,699.00,47,0.0866,101.00,59.00,0.00,0.00,0.0000,0.00000000
"test5",22,12,619.00,699.00,52,0.0866,100.00,58.00,0.00,0.00,0.0000,0.00000000
"test5",22,13,619.00,699.00,54,0.0866,100.00,60.00,0.00,0.00,0.0000,0.00000000
"test5",22,14,619.00,699.00,57,0.0866,100.00,56.00,0.00,0.00,0.0000,0.00000000
"test5",22,15,619.00,699.00,63,0.0787,100.00,54.00,0.00,0.00,0.0000,0.00000000
"test5",22,16,619.00,699.00,65,0.0866,100.00,60.00,0.00,0.00,0.0000,0.00000000
"test5",22,17,619.00,699.00,68,0.0787,100.00,53.00,0.00,0.00,0.0000,0.00000000
"test5",22,18,619.00,699.00,74,0.0787,100.00,53.00,0.00,0.00,0.0000,0.00000000
"test5",22,19,619.00,699.00,76,0.0866,100.00,60.00,0.00,0.00,0.0000,0.00000000
"test5",22,20,619.00,699.00,79,0.1496,109.00,91.00,0.00,0.00,0.0000,0.00000000
"test5",22,21,619.00,699.00,84,0.1496,110.00,91.00,0.00,0.00,0.0000,0.00000000
"test5",22,22,619.00,699.00,87,0.0866,100.00,60.00,0.00,0.00,186339.0156,0.00000000
"test5",22,23,619.00,699.00,89,0.1575,111.00,92.00,-333.33,166.67,31056.5000,0.00000000
"test5",22,24,617.00,700.00,95,0.1575,112.00,92.00,-500.00,250.00,804717.0000,0.23851395
"test5",22,25,616.00,700.50,97,0.1575,112.00,92.00,-2000.00,833.33,133795.5000,0.00873919
"test5",22,26,610.00,703.00,100,0.1575,115.00,91.00,-1600.00,800.00,59628.4688,0.00000000
"test5",22,27,602.00,707.00,105,0.1654,120.00,90.00,-1333.33,666.67,333333.2813,0.06708203
"test5",22,28,598.00,709.00,108,0.1654,120.00,90.00,-2333.33,666.67,49690.3789,0.00155503
"test5",22,29,591.00,711.00,111,0.1732,126.00,90.00,-2200.00,600.00,76011.6875,0.00000000
"test5",22,30,580.00,714.00,116,0.1811,133.00,90.00,-1833.33,500.00,111111.1094,0.02968504
"test5",22,31,574.50,715.50,119,0.1811,133.00,90.00,-1833.33,166.67,293552.0938,0.03562062
"test5",22,32,569.00,716.00,122,0.1969,141.00,91.00,-2600.00,600.00,88944.4063,0.00000000
"test5",22,33,556.00,719.00,127,0.2047,147.00,93.00,-2166.67,500.00,251538.4688,0.05053022
"test5",22,34,549.50,720.50,130,0.2047,147.00,93.00,-2250.00,-250.00,395284.7188,0.03663095
"test5",22,35,545.00,720.00,132,0.2205,151.00,94.00,-1600.00,200.00,215454.6250,0.00516610
"test5",22,36,537.00,721.00,137,0.2283,152.00,96.00,-541.46,0.00,49746.0938,0.00000000
"test5",22,37,534.29,721.00,142,0.2283,152.00,96.00,-292.72,0.00,92724.6094,0.00000000
"test5",22,38,534.00,721.00,143,0.2205,150.00,97.00,-200.00,0.00,237302.2500,0.00000000
"test5",22,39,533.00,721.00,148,0.2205,147.00,98.00,986.51,0.00,0.0000,0.00000000
"test5",22,40,537.93,721.00,153,0.2205,147.00,98.00,986.51,0.00,0.0000,0.00000000
"test5",22,41,538.00,721.00,153,0.2205,144.00,99.00,1000.00,0.00,33333.3320,0.00000000
"test5",22,42,544.00,721.00,159,0.2126,139.00,100.00,1200.00,0.00,0.0000,0.00000000
"test5",22,43,550.00,721.00,164,0.2047,135.00,101.00,1200.00,0.00,0.0000,0.00000000
"test5",22,44,550.50,721.00,164,0.2047,135.00,101.00,699.28,0.00,39855.9570,0.00000000
"test5",22,45,554.00,721.00,169,0.2047,130.00,102.00,500.00,0.00,5401.6113,0.00000000
"test5",22,46,557.00,721.00,175,0.1969,126.00,102.00,467.59,0.00,84487.9141,0.00000000
"test5",22,47,557.47,721.00,176,0.1969,126.00,102.00,383.10,0.00,54224.3945,0.00000000
"test5",22,48,559.00,721.00,180,0.1890,123.00,102.00,600.00,0.00,43529.0547,0.00000000
"test5",22,49,562.00,721.00,185,0.1890,120.00,102.00,382.35,0.00,88233.9453,0.00000000
"test5",22,50,562.76,721.00,187,0.1890,120.00,102.00,558.82,0.00,139705.6563,0.00000000
"test5",22,51,565.00,721.00,191,0.1890,119.00,102.00,0.00,0.00,0.0000,0.00000000
"test5",22,52,565.00,721.00,196,0.1811,117.00,103.00,0.00,0.00,166666.6719,0.00000000
"test5",22,53,565.00,721.00,198,0.1811,117.00,103.00,-333.33,0.00,0.0000,0.00000000
"test5",22,54,564.00,721.00,201,0.1811,117.00,103.00,-333.33,0.00,18536.0352,0.00000000
"test5",22,55,562.00,721.00,207,0.1890,118.00,103.00,-444.55,0.00,129542.0234,0.00000000
"test5",22,56,561.11,721.00,209,0.1890,118.00,103.00,-703.63,0.00,34544.5352,0.00000000
"test5",22,57,559.00,721.00,212,0.1890,119.00,103.00,-600.00,0.00,20000.0000,0.00000000
"test5",22,58,556.00,721.00,217,0.1890,120.00,103.00,-500.00,0.00,0.0000,0.00000000
"test5",22,59,554.50,721.00,220,0.1890,120.00,103.00,-500.00,0.00,33333.3320,0.00000000
"test5",22,60,553.00,721.00,223,0.1890,121.00,103.00,-400.00,0.00,80000.0000,0.00000000
"test5",22,61,551.00,721.00,228,0.1969,122.00,104.00,0.00,0.00,0.0000,0.00000000
"test5",22,62,551.00,721.00,232,0.1969,122.00,104.00,0.00,0.00,0.0000,0.00000000
"test5",21,0,353.00,779.00,0,0.1024,99.00,69.00,0.00,0.00,0.0000,0.00000000
"test5",21,1,353.00,779.00,10,0.1024,99.00,69.00,0.00,0.00,0.0000,0.00000000
"test5",21,2,353.00,779.00,15,0.1024,99.00,69.00,0.00,0.00,0.0000,0.00000000
"test5",21,3,353.00,779.00,17,0.1024,99.00,69.00,0.00,0.00,0.0000,0.00000000
"test5",21,4,353.00,779.00,20,0.1024,99.00,69.00,0.00,0.00,0.0000,0.00000000
"test5",21,5,353.00,779.00,26,0.1260,99.00,87.00,0.00,0.00,0.0000,0.00000000
"test5",21,6,353.00,779.00,28,0.1024,99.00,69.00,0.00,0.00,0.0000,0.00000000
"test5",21,7,353.00,779.00,31,0.1024,99.00,68.00,0.00,0.00,0.0000,0.00000000
"test5",21,8,353.00,779.00,36,0.1024,99.00,68.00,0.00,0.00,0.0000,0.00000000
"test5",21,9,353.00,779.00,39,0.1024,99.00,69.00,0.00,0.00,0.0000,0.00000000
"test5",21,10,353.00,779.00,42,0.1024,99.00,68.00,0.00,0.00,0.0000,0.00000000
"test5",21,11,353.00,779.00,47,0.1024,99.00,68.00,0.00,0.00,0.0000,0.00000000
"test5",21,12,353.00,779.00,52,0.1024,99.00,69.00,0.00,0.00,0.0000,0.00000000
"test5",21,13,353.00,779.00,52,0.1024,99.00,68.00,0.00,0.00,0.0000,0.00000000
"test5",21,14,353.00,779.00,58,0.1024,99.00,68.00,0.00,0.00,0.0000,0.00000000
"test5",21,15,353.00,779.00,63,0.1024,99.00,69.00,0.00,0.00,0.0000,0.00000000
"test5",21,16,353.00,779.00,63,0.0945,99.00,67.00,0.00,0.00,0.0000,0.00000000
"test5",21,17,353.00,779.00,68,0.0945,99.00,67.00,0.00,0.00,0.0000,0.00000000
"test5",21,18,353.00,779.00,74,0.0945,98.00,66.00,0.00,0.00,0.0000,0.00000000
"test5",21,19,353.00,779.00,74,0.1024,99.00,69.00,0.00,0.00,0.0000,0.00000000
"test5",21,20,353.00,779.00,79,0.0945,98.00,66.00,0.00,0.00,0.0000,0.00000000
"test5",21,21,353.00,779.00,84,0.0945,98.00,65.00,0.00,0.00,0.0000,0.00000000
"test5",21,22,353.00,779.00,85,0.1024,99.00,69.00,0.00,0.00,0.0000,0.00000000
"test5",21,23,353.00,779.00,89,0.1102,96.00,75.00,0.00,0.00,0.0000,0.00000000
"test5",21,24,353.00,779.00,95,0.1102,97.00,76.00,0.00,0.00,500000.0000,0.00000000
"test5",21,25,353.00,779.00,96,0.1024,99.00,69.00,0.00,-500.00,175000.0000,0.00000000
"test5",21,26,353.00,777.00,100,0.1102,97.00,76.00,0.00,-1200.00,30588.3789,0.00000000
"test5",21,27,353.00,771.00,105,0.1181,99.00,78.00,0.00,-1047.06,89706.4219,0.00000000
"test5",21,28,353.00,768.91,107,0.1181,99.00,78.00,0.00,-1226.47,193382.2656,0.00000000
"test5",21,29,353.00,764.00,111,0.1260,103.00,80.00,0.00,-2000.00,19982.9102,0.00000000
"test5",21,30,353.00,754.00,116,0.1339,108.00,81.00,0.00,-2099.91,186370.8594,0.03779597
"test5",21,31,353.00,749.80,118,0.1339,108.00,81.00,333.33,-2266.72,144463.4219,0.00400409
"test5",21,32,354.00,743.00,121,0.1496,114.00,84.00,333.33,-1833.33,155282.4844,0.00000000
"test5",21,33,356.00,732.00,127,0.1575,120.00,86.00,500.00,-2750.00,93169.4766,0.01144867
"test5",21,34,357.00,726.50,129,0.1575,120.00,86.00,333.33,-2833.33,151127.4688,0.00909208
"test5",21,35,358.00,718.00,132,0.1654,126.00,87.00,600.00,-3200.00,108525.4531,0.00000000
"test5",21,36,361.00,702.00,137,0.1732,133.00,86.00,500.00,-2666.67,458122.8438,0.00370895
"test5",21,37,362.50,694.00,140,0.1732,133.00,86.00,833.33,-4000.00,67586.2500,0.00146603
"test5",21,38,365.00,682.00,143,0.1811,141.00,85.00,800.00,-4200.00,108237.0625,0.00187502
"test5",21,39,369.00,661.00,148,0.1890,147.00,85.00,872.30,-3663.67,689159.2500,0.00000021
"test5",21,40,372.49,646.35,152,0.1890,147.00,85.00,1510.80,-6345.34,3055010.0000,0.00471805
"test5",21,41,374.00,640.00,153,0.1969,153.00,85.00,1000.00,-3333.33,116220.2266,0.00940267
"test5",21,42,380.00,620.00,159,0.2047,157.00,86.00,385.59,-3663.12,172049.9844,0.00000015
"test5",21,43,381.54,605.35,163,0.2047,157.00,86.00,457.64,-4347.53,550559.9375,0.00000029
"test5",21,44,382.00,601.00,164,0.2126,159.00,87.00,400.00,-3800.00,134768.7969,0.00024921
"test5",21,45,384.00,582.00,169,0.2126,160.00,87.00,347.58,-3128.20,154784.5000,0.00000008
"test5",21,46,385.74,566.36,174,0.2126,160.00,87.00,262.12,-2359.01,1683698.3750,0.17641892
"test5",21,47,386.00,564.00,175,0.2126,159.00,88.00,1400.00,-3600.00,129052.2031,0.00721031
"test5",21,48,393.00,546.00,180,0.2205,156.00,90.00,769.50,-3462.77,0.0000,0.00000000
"test5",21,49,396.85,528.69,185,0.2205,156.00,90.00,769.50,-3462.77,0.0000,0.00000000
"test5",21,50,397.00,528.00,185,0.2126,154.00,91.00,333.33,-3000.00,135172.5000,0.00404018
"test5",21,51,399.00,510.00,191,0.2126,151.00,93.00,200.00,-3800.00,0.0000,0.00000000
"test5",21,52,400.00,491.00,196,0.2126,148.00,95.00,200.00,-3800.00,0.0000,0.00000000
"test5",21,53,400.04,490.16,196,0.2126,148.00,95.00,391.13,-3231.45,93966.0156,0.00818703
"test5",21,54,402.00,474.00,201,0.2126,145.00,96.00,800.00,-3000.00,172348.6875,0.00000041
"test5",21,55,406.00,459.00,206,0.2126,143.00,98.00,577.94,-2167.36,672999.4375,0.02817151
"test5",21,56,406.58,456.83,207,0.2126,143.00,98.00,884.41,-2766.53,49652.5313,0.00359170
"test5",21,57,411.00,443.00,212,0.2047,139.00,99.00,800.00,-3000.00,99577.8750,0.00000008
"test5",21,58,415.00,428.00,217,0.2047,135.00,99.00,928.28,-3481.08,1732162.3750,0.01736967
"test5",21,59,415.93,424.52,218,0.2047,135.00,99.00,267.93,-1879.73,59165.8594,0.01638589
"test5",21,60,417.00,417.00,222,0.1890,131.00,97.00,500.00,-1833.33,326640.2500,0.00000062
"test5",21,61,420.00,406.00,228,0.1890,128.00,96.00,1015.66,-3724.12,1974728.8750,0.00000066
"test5",21,62,421.02,402.28,229,0.1890,128.00,96.00,496.09,-1818.97,59780.9961,0.00246749
"test5",21,63,423.00,395.00,233,0.1890,126.00,96.00,400.00,-1600.00,2939.3235,0.00000000
"test5",21,64,425.00,387.00,238,0.1732,123.00,95.00,403.56,-1614.26,314570.3438,0.09854925
"test5",21,65,425.81,383.77,240,0.1732,123.00,95.00,-201.78,-1442.87,101015.7422,0.04616669
"test5",21,66,425.00,378.00,244,0.1732,121.00,93.00,200.00,-1400.00,70710.6719,0.00000000
"test5",21,67,426.00,371.00,249,0.1654,119.00,92.00,250.00,-1750.00,475073.0938,0.06033978
"test5",21,68,426.50,367.50,251,0.1654,119.00,92.00,500.00,-833.33,148240.7031,0.10895204
"test5",21,69,428.00,365.00,254,0.1575,116.00,90.00,600.00,-400.00,24037.0078,0.00000000
"test5",21,70,431.00,363.00,259,0.1181,111.00,71.00,500.00,-333.33,351364.1875,0.25601548
"test5",21,71,432.50,362.00,262,0.1181,111.00,71.00,-500.00,0.00,166666.6719,0.00000000
"test5",21,72,431.00,362.00,265,0.1181,109.00,70.00,0.00,0.00,0.0000,0.00000000
"test5",21,73,431.00,362.00,270,0.1181,111.00,70.00,0.00,0.00,0.0000,0.00000000
"test5",21,74,431.00,362.00,274,0.1181,111.00,70.00,0.00,0.00,0.0000,0.00000000
"test5",21,75,431.00,362.00,275,0.1181,111.00,70.00,0.00,0.00,0.0000,0.00000000
"test5",21,76,431.00,362.00,281,0.1181,111.00,70.00,0.00,0.00,250000.0000,0.00000000
"test5",21,77,431.00,362.00,285,0.1181,111.00,70.00,-1000.00,0.00,1000000.0000,0.00000000
"test5",21,78,430.00,362.00,286,0.1181,110.00,70.00,0.00,0.00,0.0000,0.00000000
"test5",21,79,430.00,362.00,291,0.1181,109.00,70.00,0.00,0.00,0.0000,0.00000000
"test5",21,80,430.00,362.00,296,0.1181,109.00,70.00,0.00,0.00,0.0000,0.00000000
"test5",21,81,430.00,362.00,297,0.1181,109.00,70.00,0.00,0.00,0.0000,0.00000000
"test5",21,82,430.00,362.00,302,0.1181,108.00,70.00,0.00,0.00,0.0000,0.00000000
"test5",21,83,430.00,362.00,307,0.1181,109.00,70.00,0.00,0.00,0.0000,0.00000000
"test5",21,84,430.00,362.00,307,0.1181,108.00,70.00,0.00,0.00,0.0000,0.00000000
"test5",21,85,430.00,362.00,311,0.1181,108.00,70.00,0.00,0.00,0.0000,0.00000000
"test5",20,0,447.00,706.00,0,0.1102,105.00,72.00,0.00,0.00,0.0000,0.00000000
"test5",20,1,447.00,706.00,10,0.1102,105.00,72.00,0.00,0.00,0.0000,0.00000000
"test5",20,2,447.00,706.00,15,0.1102,105.00,72.00,0.00,0.00,0.0000,0.00000000
"test5",20,3,447.00,706.00,18,0.1102,105.00,72.00,0.00,0.00,0.0000,0.00000000
"test5",20,4,447.00,706.00,20,0.1102,105.00,72.00,0.00,0.00,0.0000,0.00000000
"test5",20,5,447.00,706.00,26,0.1102,105.00,72.00,0.00,0.00,0.0000,0.00000000
"test5",20,6,447.00,706.00,30,0.1102,105.00,72.00,0.00,0.00,0.0000,0.00000000
"test5",20,7,447.00,706.00,31,0.1102,105.00,72.00,0.00,0.00,0.0000,0.00000000
"test5",20,8,447.00,706.00,36,0.1102,105.00,72.00,0.00,0.00,0.0000,0.00000000
"test5",20,9,447.00,706.00,39,0.1102,105.00,72.00,0.00,0.00,0.0000,0.00000000
"test5",20,10,447.00,706.00,42,0.1102,105.00,72.00,0.00,0.00,0.0000,0.00000000
"test5",20,11,447.00,706.00,47,0.1102,105.00,71.00,0.00,0.00,0.0000,0.00000000
"test5",20,12,447.00,706.00,52,0.1102,105.00,72.00,0.00,0.00,0.0000,0.00000000
"test5",20,13,447.00,706.00,53,0.1102,105.00,71.00,0.00,0.00,0.0000,0.00000000
"test5",20,14,447.00,706.00,58,0.1102,105.00,70.00,0.00,0.00,0.0000,0.00000000
"test5",20,15,447.00,706.00,63,0.1102,105.00,72.00,0.00,0.00,0.0000,0.00000000
"test5",20,16,447.00,706.00,63,0.1102,105.00,69.00,0.00,0.00,0.0000,0.00000000
"test5",20,17,447.00,706.00,68,0.1102,106.00,70.00,0.00,0.00,0.0000,0.00000000
"test5",20,18,447.00,706.00,74,0.1102,106.00,71.00,0.00,0.00,0.0000,0.00000000
"test5",20,19,447.00,706.00,74,0.1102,105.00,72.00,0.00,0.00,89442.7188,0.00000000
"test5",20,20,447.00,706.00,79,0.1102,107.00,71.00,-200.00,-400.00,16374.7227,0.00002729
"test5",20,21,446.00,704.00,84,0.1181,107.00,72.00,-163.36,-326.78,831305.4375,4.02010012
"test5",20,22,445.84,703.67,85,0.1181,107.00,72.00,32.67,-1134.64,93300.3906,0.00714840
"test5",20,23,446.00,698.00,90,0.1181,108.00,71.00,0.00,-1600.00,98408.2031,0.00000000
"test5",20,24,446.00,690.00,95,0.1181,112.00,69.00,0.00,-2092.04,517891.0625,0.11424300
"test5",20,25,446.00,687.91,96,0.1181,112.00,69.00,-500.00,-2226.99,100820.2109,0.01322162
"test5",20,26,444.00,679.00,100,0.1181,117.00,68.00,-166.67,-2000.00,347513.7188,0.00000042
"test5",20,27,443.00,667.00,106,0.1260,122.00,69.00,-339.81,-4077.88,2098700.0000,0.01487908
"test5",20,28,442.66,662.92,107,0.1260,122.00,69.00,-415.05,-1980.53,259027.8906,0.00171441
"test5",20,29,441.00,655.00,111,0.1339,128.00,70.00,-600.00,-3000.00,158829.8281,0.00000000
"test5",20,30,438.00,640.00,116,0.1496,134.00,72.00,-444.25,-2221.27,1085974.6250,0.05095831
"test5",20,31,436.67,633.34,119,0.1496,134.00,72.00,-1833.62,-5168.09,1158390.5000,0.00715894
"test5",20,32,433.00,623.00,121,0.1575,141.00,75.00,-666.67,-3166.67,0.0000,0.00000000
"test5",20,33,429.00,604.00,127,0.1811,148.00,78.00,-666.67,-3166.67,377818.5938,0.00327868
"test5",20,34,427.00,594.50,130,0.1811,148.00,78.00,-1000.00,-4250.00,325000.0000,0.00390493
"test5",20,35,425.00,586.00,132,0.1890,153.00,81.00,-1000.00,-3600.00,124543.6172,0.00000000
"test5",20,36,420.00,568.00,137,0.2047,156.00,84.00,-833.33,-3000.00,351364.1875,0.02024584
"test5",20,37,417.50,559.00,140,0.2047,156.00,84.00,-1166.67,-2000.00,144444.4375,0.02148258
"test5",20,38,414.00,553.00,143,0.2126,156.00,88.00,-1000.00,-2400.00,211955.8750,0.00164388
"test5",20,39,409.00,541.00,148,0.2205,156.00,91.00,-541.66,-1444.46,207651.9844,0.00000416
"test5",20,40,406.83,535.22,152,0.2205,156.00,91.00,-833.34,-2222.17,949286.5000,0.00000304
"test5",20,41,406.00,533.00,153,0.2205,154.00,94.00,-500.00,-1333.33,51219.9648,0.02116401
"test5",20,42,403.00,525.00,159,0.2205,151.00,96.00,-800.00,-1399.99,8.5299,0.00000273
"test5",20,43,399.80,519.40,163,0.2205,151.00,96.00,-799.99,-1400.02,200024.4063,0.03817161
"test5",20,44,399.00,518.00,164,0.2205,147.00,99.00,-800.00,-1200.00,180782.5156,0.01444618
"test5",20,45,395.00,512.00,169,0.2126,141.00,99.00,-180.57,-541.70,52745.8047,0.00000000
"test5",20,46,394.10,509.29,174,0.2126,141.00,99.00,-97.17,-291.50,145646.8906,1.33971894
"test5",20,47,394.00,509.00,175,0.0945,100.00,64.00,0.00,-400.00,40205.0781,0.00000000
"test5",20,48,394.00,507.00,180,0.0945,100.00,64.00,0.00,-198.97,0.0000,0.00000000
"test5",20,49,394.00,506.01,185,0.0945,100.00,64.00,0.00,-198.97,0.0000,0.00000000
"test5",20,50,394.00,506.00,185,0.0945,100.00,64.00,0.00,-200.00,26666.6680,0.00000000
"test5",20,51,394.00,505.00,190,0.0945,101.00,63.00,0.00,-333.33,0.0000,0.00000000
"test5",20,52,394.00,503.00,196,0.0945,101.00,62.00,0.00,-333.33,0.0000,0.00000000
"test5",20,53,394.00,502.83,196,0.0945,101.00,62.00,400.00,-165.99,86614.7969,0.00000000
"test5",20,54,396.00,502.00,201,0.0866,101.00,60.00,0.00,0.00,0.0000,0.00000000
"test5",20,55,396.00,502.00,206,0.0866,101.00,58.00,0.00,0.00,0.0000,0.00000000
"test5",20,56,396.00,502.00,207,0.0866,101.00,58.00,0.00,0.00,0.0000,0.00000000
"test5",20,57,396.00,502.00,212,0.0866,101.00,56.00,0.00,0.00,0.0000,0.00000000
"test5",20,58,396.00,502.00,217,0.0787,102.00,54.00,0.00,0.00,0.0000,0.00000000
"test5",20,59,396.00,502.00,218,0.0866,101.00,58.00,0.00,0.00,0.0000,0.00000000
"test5",20,60,396.00,502.00,222,0.0787,102.00,51.00,0.00,0.00,0.0000,0.00000000
"test5",20,61,396.00,502.00,228,0.0787,102.00,50.00,0.00,0.00,0.0000,0.00000000
"test5",20,62,396.00,502.00,230,0.0866,101.00,58.00,0.00,0.00,0.0000,0.00000000
"test5",20,63,396.00,502.00,233,0.0709,102.00,48.00,0.00,0.00,0.0000,0.00000000
"test5",20,64,396.00,502.00,237,0.0709,102.00,48.00,0.00,0.00,0.0000,0.00000000
"test5",19,0,440.00,557.00,0,0.1339,102.00,85.00,0.00,0.00,0.0000,0.00000000
"test5",19,1,440.00,557.00,10,0.1339,103.00,85.00,0.00,0.00,0.0000,0.00000000
"test5",19,2,440.00,557.00,11,0.1339,103.00,85.00,0.00,0.00,0.0000,0.00000000
"test5",19,3,440.00,557.00,16,0.1339,103.00,84.00,0.00,0.00,0.0000,0.00000000
"test5",19,4,440.00,557.00,21,0.1260,103.00,82.00,0.00,0.00,0.0000,0.00000000
"test5",19,5,440.00,557.00,22,0.1339,103.00,85.00,0.00,0.00,0.0000,0.00000000
"test5",19,6,440.00,557.00,26,0.1339,102.00,85.00,0.00,0.00,0.0000,0.00000000
"test5",19,7,440.00,557.00,32,0.1024,107.00,63.00,0.00,0.00,0.0000,0.00000000
"test5",19,8,440.00,557.00,33,0.1339,103.00,85.00,0.00,0.00,0.0000,0.00000000
"test5",19,9,440.00,557.00,37,0.1260,102.00,83.00,0.00,0.00,0.0000,0.00000000
"test5",19,10,440.00,557.00,42,0.1260,103.00,82.00,0.00,0.00,0.0000,0.00000000
"test5",19,11,440.00,557.00,44,0.1339,103.00,85.00,0.00,0.00,0.0000,0.00000000
"test5",19,12,440.00,557.00,48,0.1181,103.00,78.00,0.00,0.00,0.0000,0.00000000
"test5",19,13,440.00,557.00,53,0.0945,103.00,63.00,0.00,0.00,0.0000,0.00000000
"test5",19,14,440.00,557.00,55,0.1339,103.00,85.00,0.00,0.00,0.0000,0.00000000
"test5",19,15,440.00,557.00,58,0.1024,103.00,64.00,0.00,0.00,0.0000,0.00000000
"test5",19,16,440.00,557.00,64,0.0945,103.00,63.00,0.00,0.00,0.0000,0.00000000
"test5",19,17,440.00,557.00,66,0.1339,103.00,85.00,0.00,0.00,0.0000,0.00000000
"test5",19,18,440.00,557.00,69,0.0945,104.00,63.00,0.00,0.00,0.0000,0.00000000
"test5",19,19,440.00,557.00,72,0.1339,103.00,85.00,0.00,0.00,0.0000,0.00000000
"test5",19,20,440.00,557.00,80,0.1024,104.00,64.00,0.00,0.00,0.0000,0.00000000
"test5",19,21,440.00,557.00,85,0.1024,104.00,66.00,0.00,0.00,0.0000,0.00000000
"test5",19,22,440.00,557.00,88,0.1339,103.00,85.00,0.00,0.00,250000.0000,0.00000000
"test5",19,23,440.00,557.00,90,0.1102,104.00,69.00,0.00,-500.00,0.0000,0.00000000
"test5",19,24,440.00,554.00,96,0.1496,159.00,63.00,0.00,-500.00,916666.6875,0.00000000
"test5",19,25,440.00,552.50,99,0.1496,159.00,63.00,0.00,-3250.00,632949.4375,0.00946746
"test5",19,26,440.00,546.00,101,0.1496,159.00,63.00,-200.00,-2000.00,60215.4844,0.00188894
"test5",19,27,439.00,536.00,106,0.1575,159.00,65.00,-191.75,-2300.96,226505.8281,0.00000031
"test5",19,28,438.23,526.80,110,0.1575,159.00,65.00,-116.50,-1398.07,403132.0313,0.00422144
"test5",19,29,438.00,524.00,112,0.1654,158.00,69.00,-200.00,-2200.00,39303.0547,0.00496791
"test5",19,30,437.00,513.00,117,0.1732,157.00,72.00,-334.72,-2343.07,0.0000,0.00000000
"test5",19,31,435.33,501.28,122,0.1732,157.00,72.00,-334.72,-2343.07,0.0000,0.00000000
"test5",19,32,435.00,499.00,122,0.1811,157.00,75.00,-500.00,-3000.00,95472.3281,0.00274364
"test5",19,33,432.00,481.00,128,0.1890,159.00,78.00,-740.99,-3519.68,0.0000,0.00000000
"test5",19,34,428.30,463.40,133,0.1890,159.00,78.00,-740.99,-3519.68,0.0000,0.00000000
"test5",19,35,428.00,462.00,133,0.1969,162.00,81.00,-800.00,-4200.00,173461.5000,0.00213248
"test5",19,36,424.00,441.00,138,0.2126,164.00,84.00,-833.33,-3333.33,0.0000,0.00000000
"test5",19,37,419.00,421.00,144,0.2205,166.00,87.00,-833.33,-3333.33,0.0000,0.00000000
"test5",19,38,418.90,420.60,144,0.2205,166.00,87.00,-980.13,-3720.53,50147.5820,0.00328741
"test5",19,39,414.00,402.00,149,0.2283,168.00,89.00,-1200.00,-3600.00,363918.6250,0.00000013
"test5",19,40,408.00,384.00,154,0.2362,168.00,92.00,-624.60,-1873.78,1596798.8750,0.09726655
"test5",19,41,407.38,382.13,155,0.2362,168.00,92.00,-1475.08,-3225.24,76440.5313,0.00356407
"test5",19,42,400.00,366.00,160,0.2441,166.00,94.00,-1400.00,-3600.00,3067.6277,0.00000042
"test5",19,43,393.00,348.00,165,0.2441,163.00,96.00,-1394.47,-3585.69,544989.6875,0.02536370
"test5",19,44,391.61,344.41,166,0.2441,163.00,96.00,-901.38,-3353.58,235809.9063,0.00344271
"test5",19,45,388.00,331.00,170,0.2362,161.00,97.00,-500.00,-2500.00,264744.0313,0.00000000
"test5",19,46,385.00,316.00,176,0.2362,157.00,98.00,-811.52,-4057.62,2088823.2500,0.00859012
"test5",19,47,384.19,311.94,177,0.2362,157.00,98.00,-547.12,-1985.60,97301.2109,0.00904141
"test5",19,48,382.00,304.00,181,0.2283,153.00,98.00,-600.00,-1600.00,33079.8398,0.00000049
"test5",19,49,379.00,296.00,186,0.2126,147.00,97.00,-541.93,-1445.13,436654.3750,0.06141875
"test5",19,50,377.92,293.11,188,0.2126,147.00,97.00,20.97,-777.44,105771.1172,0.01337093
"test5",19,51,378.00,290.00,192,0.2047,141.00,96.00,0.00,-1200.00,46364.7461,0.00000000
"test5",19,52,378.00,284.00,197,0.1969,135.00,96.00,0.00,-1431.82,193186.4688,0.00000000
"test5",19,53,378.00,281.14,199,0.1969,135.00,96.00,0.00,-1045.45,15150.2686,0.00000000
"test5",19,54,378.00,278.00,202,0.1890,129.00,95.00,0.00,-1000.00,33333.3359,0.00000000
"test5",19,55,378.00,273.00,207,0.1732,124.00,93.00,0.00,-833.33,248452.0000,0.16000001
"test5",19,56,378.00,270.50,210,0.1732,124.00,93.00,333.33,-166.67,135628.3906,0.85865021
"test5",19,57,379.00,270.00,213,0.1732,120.00,92.00,0.00,-400.00,13333.3311,0.00000000
"test5",19,58,379.00,268.00,218,0.1575,116.00,90.00,0.00,-333.33,111111.1172,0.00000000
"test5",19,59,379.00,267.00,221,0.1575,116.00,90.00,0.00,0.00,100000.0000,0.00000000
"test5",19,60,379.00,267.00,223,0.1496,113.00,88.00,200.00,0.00,33993.4648,0.83333337
"test5",19,61,380.00,267.00,228,0.1417,111.00,86.00,166.67,-166.67,78567.4219,0.00000000
"test5",19,62,380.50,266.50,231,0.1417,111.00,86.00,0.00,0.00,0.0000,0.00000000
"test5",19,63,380.50,266.50,234,0.1417,110.00,84.00,0.00,0.00,0.0000,0.00000000
"test5",19,64,380.50,266.50,239,0.1417,109.00,84.00,0.00,0.00,0.0000,0.00000000
"test5",19,65,380.50,266.50,242,0.1417,111.00,86.00,0.00,0.00,0.0000,0.00000000
"test5",19,66,380.50,266.50,245,0.1339,108.00,82.00,0.00,0.00,0.0000,0.00000000
"test5",19,67,380.50,266.50,250,0.1339,108.00,81.00,0.00,0.00,0.0000,0.00000000
"test5",19,68,380.50,266.50,255,0.1417,111.00,86.00,0.00,0.00,0.0000,0.00000000
"test5",19,69,380.50,266.50,255,0.1339,108.00,80.00,0.00,0.00,0.0000,0.00000000
"test5",19,70,380.50,266.50,260,0.1260,108.00,78.00,0.00,0.00,0.0000,0.00000000
"test5",19,71,380.50,266.50,266,0.1260,108.00,77.00,0.00,0.00,0.0000,0.00000000
"test5",19,72,380.50,266.50,266,0.1417,111.00,86.00,0.00,0.00,0.0000,0.00000000
"test5",19,73,380.50,266.50,270,0.1260,108.00,77.00,0.00,0.00,0.0000,0.00000000
"test5",18,0,327.00,747.00,0,0.1496,102.00,95.00,0.00,0.00,0.0000,0.00000000
"test5",18,1,327.00,747.00,21,0.1496,102.00,95.00,0.00,0.00,0.0000,0.00000000
"test5",18,2,327.00,747.00,26,0.1496,102.00,95.00,0.00,0.00,0.0000,0.00000000
"test5",18,3,327.00,747.00,31,0.1496,102.00,95.00,0.00,0.00,0.0000,0.00000000
"test5",18,4,327.00,747.00,31,0.1496,102.00,95.00,0.00,0.00,0.0000,0.00000000
"test5",18,5,327.00,747.00,36,0.1417,101.00,94.00,0.00,0.00,0.0000,0.00000000
"test5",18,6,327.00,747.00,42,0.1417,100.00,93.00,0.00,0.00,0.0000,0.00000000
"test5",18,7,327.00,747.00,42,0.1496,102.00,95.00,0.00,0.00,0.0000,0.00000000
"test5",18,8,327.00,747.00,47,0.1417,101.00,94.00,0.00,0.00,0.0000,0.00000000
"test5",18,9,327.00,747.00,52,0.1417,101.00,93.00,0.00,0.00,0.0000,0.00000000
"test5",18,10,327.00,747.00,54,0.1496,102.00,95.00,0.00,0.00,0.0000,0.00000000
"test5",18,11,327.00,747.00,58,0.1417,101.00,94.00,0.00,0.00,0.0000,0.00000000
"test5",18,12,327.00,747.00,63,0.1417,101.00,94.00,0.00,0.00,0.0000,0.00000000
"test5",18,13,327.00,747.00,65,0.1496,102.00,95.00,0.00,0.00,0.0000,0.00000000
"test5",18,14,327.00,747.00,68,0.1417,101.00,94.00,0.00,0.00,0.0000,0.00000000
"test5",18,15,327.00,747.00,74,0.1496,102.00,94.00,0.00,0.00,0.0000,0.00000000
"test5",18,16,327.00,747.00,76,0.1496,102.00,95.00,0.00,0.00,0.0000,0.00000000
"test5",18,17,327.00,747.00,79,0.1496,102.00,94.00,0.00,0.00,0.0000,0.00000000
"test5",18,18,327.00,747.00,84,0.1496,102.00,94.00,0.00,0.00,0.0000,0.00000000
"test5",18,19,327.00,747.00,87,0.1496,102.00,95.00,0.00,0.00,0.0000,0.00000000
"test5",18,20,327.00,747.00,90,0.1496,102.00,94.00,0.00,0.00,0.0000,0.00000000
"test5",18,21,327.00,747.00,95,0.1496,102.00,94.00,0.00,0.00,0.0000,0.00000000
"test5",18,22,327.00,747.00,98,0.1496,102.00,95.00,0.00,0.00,166666.6719,0.00000000
"test5",18,23,327.00,747.00,100,0.1496,104.00,94.00,333.33,0.00,27777.7773,0.00000000
"test5",18,24,329.00,747.00,106,0.1496,106.00,93.00,500.00,0.00,750000.0000,0.00000000
"test5",18,25,330.00,747.00,108,0.1496,106.00,93.00,2000.00,0.00,94280.8984,0.01666667
"test5",18,26,336.00,747.00,111,0.1575,111.00,93.00,2200.00,200.00,73635.7344,0.00000000
"test5",18,27,347.00,748.00,116,0.1654,117.00,92.00,1833.33,166.67,222222.2188,0.00593677
"test5",18,28,352.50,748.50,119,0.1654,117.00,92.00,2500.00,166.67,183921.6250,0.01059595
"test5",18,29,360.00,749.00,122,0.1732,126.00,90.00,3000.00,400.00,56537.4336,0.00111409
"test5",18,30,375.00,751.00,127,0.1890,137.00,90.00,3282.35,386.17,148076.8750,0.00000127
"test5",18,31,388.13,752.54,131,0.1890,137.00,90.00,3870.61,455.32,550947.0625,0.00384385
"test5",18,32,392.00,753.00,132,0.1969,148.00,88.00,3333.33,333.33,225990.6719,0.00686822
"test5",18,33,412.00,755.00,138,0.2126,159.00,86.00,4647.67,0.00,309583.6875,0.00000000
"test5",18,34,430.59,755.00,142,0.2126,159.00,86.00,3409.33,0.00,1207348.2500,0.01720645
"test5",18,35,434.00,755.00,143,0.2205,170.00,84.00,4600.00,200.00,121842.7031,0.00179422
"test5",18,36,457.00,756.00,148,0.2283,179.00,82.00,4013.52,364.87,417939.8438,0.00000019
"test5",18,37,477.07,757.82,153,0.2283,179.00,82.00,1932.40,175.66,2067739.6250,0.04327600
"test5",18,38,479.00,758.00,154,0.2283,186.00,80.00,4000.00,200.00,0.0000,0.00000000
"test5",18,39,499.00,759.00,159,0.2205,191.00,77.00,4000.00,200.00,0.0000,0.00000000
"test5",18,40,519.00,760.00,164,0.2126,193.00,72.00,4000.00,200.00,0.0000,0.00000000
"test5",18,41,519.31,760.02,164,0.2126,193.00,72.00,3281.72,164.08,33711.9336,0.00262096
"test5",18,42,539.00,761.00,170,0.2047,194.00,68.00,3400.00,0.00,0.0000,0.00000000
"test5",18,43,556.00,761.00,175,0.1890,192.00,64.00,3400.00,0.00,0.0000,0.00000000
"test5",18,44,557.56,761.00,175,0.1890,192.00,64.00,3087.30,200.00,182539.0625,0.00123288
"test5",18,45,573.00,762.00,180,0.1654,190.00,59.00,4000.00,200.00,400132.9375,0.00000008
"test5",18,46,593.00,763.00,185,0.1496,186.00,53.00,2001.83,100.10,875052.1250,0.00155201
"test5",18,47,597.00,763.20,187,0.1496,186.00,53.00,3749.08,199.95,291592.0625,0.00462843
"test5",18,48,612.00,764.00,191,0.1260,182.00,47.00,2600.00,400.00,180441.5938,0.00000013
"test5",18,49,625.00,766.00,196,0.1102,176.00,43.00,1708.28,262.82,351270.0313,0.04135867
"test5",18,50,628.42,766.53,198,0.1102,176.00,43.00,2395.86,118.59,202062.8438,0.00180538
"test5",18,51,638.00,767.00,202,0.1024,170.00,40.00,3200.00,200.00,83582.9375,0.00000037
"test5",18,52,654.00,768.00,207,0.0945,165.00,39.00,2782.90,173.95,231828.4063,0.02006009
"test5",18,53,659.57,768.35,209,0.0945,165.00,39.00,3144.73,-115.97,317275.1563,0.00272896
"test5",18,54,669.00,768.00,212,0.0866,159.00,37.00,2200.00,0.00,102422.6875,0.00000000
"test5",18,55,680.00,768.00,217,0.0866,154.00,38.00,1687.89,0.00,125257.7266,0.00000000
"test5",18,56,685.06,768.00,220,0.0866,154.00,38.00,1312.11,0.00,37371.1367,0.00000000
"test5",18,57,689.00,768.00,223,0.0866,149.00,40.00,1200.00,0.00,40000.0000,0.00000000
"test5",18,58,695.00,768.00,228,0.0945,144.00,42.00,1000.00,0.00,248452.0000,0.11111112
"test5",18,59,698.00,768.00,231,0.0945,144.00,42.00,333.33,333.33,99380.7969,0.42426404
"test5",18,60,699.00,769.00,234,0.0945,140.00,46.00,600.00,200.00,31622.7773,0.00000000
"test5",18,61,702.00,770.00,239,0.1024,136.00,50.00,750.00,250.00,294627.8125,0.08432740
"test5",18,62,703.50,770.50,241,0.1024,136.00,50.00,166.67,166.67,78567.4219,1.41421354
"test5",18,63,704.00,771.00,244,0.1181,123.00,64.00,333.33,0.00,27777.7773,0.00000000
"test5",18,64,706.00,771.00,250,0.1181,123.00,65.00,500.00,0.00,250000.0000,0.00000000
"test5",18,65,707.00,771.00,252,0.1181,123.00,65.00,0.00,0.00,0.0000,0.00000000
"test5",18,66,707.00,771.00,255,0.1181,123.00,65.00,0.00,0.00,0.0000,0.00000000
"test5",18,67,707.00,771.00,260,0.1181,122.00,65.00,0.00,0.00,375000.0000,0.00000000
"test5",18,68,707.00,771.00,264,0.1181,123.00,65.00,-1500.00,0.00,450000.0000,0.00000000
"test5",18,69,704.00,771.00,266,0.1181,114.00,66.00,-600.00,0.00,42432.6211,0.11667887
"test5",18,70,701.00,771.00,271,0.1181,115.00,66.00,-630.07,-210.02,39615.3281,0.00000000
"test5",18,71,698.48,770.16,275,0.1181,115.00,66.00,-479.74,-159.91,89246.4063,0.24732462
"test5",18,72,698.00,770.00,276,0.1181,115.00,66.00,-400.00,-200.00,40626.8789,0.16298839
"test5",18,73,696.00,769.00,281,0.1181,114.00,66.00,-364.45,0.00,37343.7500,0.00000000
"test5",18,74,694.18,769.00,286,0.1181,114.00,66.00,-177.73,0.00,222265.6250,0.00000000
"test5",18,75,694.00,769.00,287,0.1181,114.00,66.00,-400.00,0.00,80000.0000,0.00000000
"test5",18,76,692.00,769.00,292,0.1181,114.00,66.00,0.00,0.00,0.0000,0.00000000
"test5",18,77,692.00,769.00,297,0.1181,114.00,66.00,0.00,0.00,0.0000,0.00000000
"test5",17,0,656.00,715.00,0,0.1339,96.00,91.00,0.00,0.00,0.0000,0.00000000
"test5",17,1,656.00,715.00,10,0.1024,96.00,72.00,0.00,0.00,0.0000,0.00000000
"test5",17,2,656.00,715.00,12,0.1024,96.00,72.00,0.00,0.00,0.0000,0.00000000
"test5",17,3,656.00,715.00,20,0.1024,96.00,72.00,0.00,0.00,0.0000,0.00000000
"test5",17,4,656.00,715.00,23,0.1024,96.00,72.00,0.00,0.00,0.0000,0.00000000
"test5",17,5,656.00,715.00,26,0.1024,96.00,72.00,0.00,0.00,0.0000,0.00000000
"test5",17,6,656.00,715.00,31,0.1024,96.00,73.00,0.00,0.00,0.0000,0.00000000
"test5",17,7,656.00,715.00,34,0.1024,96.00,72.00,0.00,0.00,0.0000,0.00000000
"test5",17,8,656.00,715.00,36,0.1339,96.00,93.00,0.00,0.00,0.0000,0.00000000
"test5",17,9,656.00,715.00,42,0.1024,96.00,72.00,0.00,0.00,0.0000,0.00000000
"test5",17,10,656.00,715.00,44,0.1024,96.00,72.00,0.00,0.00,0.0000,0.00000000
"test5",17,11,656.00,715.00,52,0.1024,96.00,72.00,0.00,0.00,0.0000,0.00000000
"test5",17,12,656.00,715.00,57,0.1024,96.00,72.00,0.00,0.00,0.0000,0.00000000
"test5",17,13,656.00,715.00,58,0.1024,96.00,72.00,0.00,0.00,0.0000,0.00000000
"test5",17,14,656.00,715.00,63,0.1024,96.00,72.00,0.00,0.00,0.0000,0.00000000
"test5",17,15,656.00,715.00,68,0.1024,96.00,72.00,0.00,0.00,0.0000,0.00000000
"test5",17,16,656.00,715.00,68,0.1024,96.00,72.00,0.00,0.00,0.0000,0.00000000
"test5",17,17,656.00,715.00,74,0.1024,96.00,72.00,0.00,0.00,0.0000,0.00000000
"test5",17,18,656.00,715.00,79,0.1024,96.00,72.00,0.00,0.00,0.0000,0.00000000
"test5",17,19,656.00,715.00,79,0.1024,96.00,72.00,0.00,0.00,0.0000,0.00000000
"test5",17,20,656.00,715.00,84,0.1024,96.00,72.00,0.00,0.00,0.0000,0.00000000
"test5",17,21,656.00,715.00,90,0.1024,95.00,72.00,0.00,0.00,0.0000,0.00000000
"test5",17,22,656.00,715.00,90,0.1024,96.00,72.00,0.00,0.00,0.0000,0.00000000
"test5",17,23,656.00,715.00,95,0.1024,95.00,72.00,0.00,0.00,0.0000,0.00000000
"test5",17,24,656.00,715.00,100,0.1024,95.00,71.00,0.00,0.00,0.0000,0.00000000
"test5",17,25,656.00,715.00,101,0.1024,96.00,72.00,0.00,0.00,89442.7188,0.00000000
"test5",17,26,656.00,715.00,106,0.1024,94.00,70.00,-200.00,-400.00,4007.0164,0.00000000
"test5",17,27,655.00,713.00,111,0.1024,95.00,70.00,-191.04,-382.08,1049917.6250,3.67610121
"test5",17,28,654.81,712.62,112,0.1024,95.00,70.00,47.76,-1404.48,66470.8516,0.01606712
"test5",17,29,655.00,707.00,116,0.1024,96.00,71.00,166.67,-1166.67,142210.6875,0.00000207
"test5",17,30,656.00,700.00,122,0.1102,100.00,72.00,287.35,-2011.35,259863.2500,0.03426380
"test5",17,31,656.29,697.99,123,0.1102,100.00,72.00,178.16,-2247.16,58684.0391,0.00933212
"test5",17,32,657.00,689.00,127,0.1181,106.00,75.00,0.00,-2400.00,27106.9336,0.00000000
"test5",17,33,657.00,677.00,132,0.1339,112.00,78.00,0.00,-2264.47,198349.0000,0.00000000
"test5",17,34,657.00,672.47,134,0.1339,112.00,78.00,0.00,-1867.77,283058.1563,0.00000000
"test5",17,35,657.00,665.00,138,0.1417,119.00,81.00,0.00,-3000.00,107128.9063,0.00000000
"test5",17,36,657.00,650.00,143,0.1654,126.00,84.00,0.00,-3535.64,201383.1406,0.01333250
"test5",17,37,657.00,642.93,145,0.1654,126.00,84.00,333.33,-3309.57,234395.4219,0.00608111
"test5",17,38,658.00,633.00,148,0.1732,133.00,86.00,200.00,-4000.00,133499.9063,0.00000000
"test5",17,39,659.00,613.00,153,0.1890,141.00,88.00,166.67,-3333.33,0.0000,0.00000000
"test5",17,40,659.50,603.00,156,0.1890,141.00,88.00,166.67,-3333.33,229061.4375,0.00597757
"test5",17,41,660.00,593.00,159,0.2047,147.00,90.00,0.00,-4000.00,133333.3438,0.00000000
"test5",17,42,660.00,573.00,164,0.2126,153.00,92.00,0.00,-3333.33,111111.1172,0.01000000
"test5",17,43,660.00,563.00,167,0.2126,153.00,92.00,333.33,-3333.33,223330.5938,0.00000000
"test5",17,44,661.00,553.00,170,0.2283,156.00,94.00,400.00,-4000.00,200997.5156,0.00000000
"test5",17,45,663.00,533.00,175,0.2362,159.00,96.00,500.00,-5000.00,1003466.2500,0.00065679
"test5",17,46,664.00,523.00,177,0.2362,159.00,96.00,333.33,-3000.00,140545.6719,0.00646428
"test5",17,47,665.00,514.00,180,0.2362,159.00,96.00,200.00,-3400.00,115628.4531,0.00254991
"test5",17,48,666.00,497.00,185,0.2283,157.00,97.00,314.82,-2833.37,201181.6406,0.00000000
"test5",17,49,667.57,482.83,190,0.2283,157.00,97.00,425.90,-3833.13,234564.5313,0.00000000
"test5",17,50,668.00,479.00,191,0.2362,156.00,98.00,400.00,-3600.00,157299.4063,0.00772167
"test5",17,51,670.00,461.00,196,0.2283,153.00,99.00,-169.89,-3057.96,69657.9375,0.00000017
"test5",17,52,669.15,445.71,201,0.2283,153.00,99.00,-150.57,-2710.21,1090915.1250,0.00150701
"test5",17,53,669.00,443.00,202,0.2283,150.00,99.00,-200.00,-3800.00,66274.0938,0.00256681
"test5",17,54,668.00,424.00,207,0.2283,147.00,100.00,0.00,-3535.79,0.0000,0.00000000
"test5",17,55,668.00,406.32,212,0.2283,147.00,100.00,0.00,-3535.79,0.0000,0.00000000
"test5",17,56,668.00,405.00,212,0.2205,144.00,100.00,400.00,-3400.00,153911.9375,0.00249235
"test5",17,57,670.00,388.00,217,0.2205,142.00,101.00,166.67,-2666.67,0.0000,0.00000000
"test5",17,58,671.00,372.00,223,0.2126,139.00,101.00,166.67,-2666.67,0.0000,0.00000000
"test5",17,59,671.03,371.47,223,0.2126,139.00,101.00,193.37,-3093.87,46457.9102,0.00415437
"test5",17,60,672.00,356.00,228,0.2047,135.00,100.00,400.00,-3200.00,253603.4844,0.00000029
"test5",17,61,674.00,340.00,233,0.1969,133.00,99.00,242.74,-1941.77,730463.1250,0.09717634
"test5",17,62,674.24,338.06,234,0.1969,133.00,99.00,-48.55,-2611.65,43428.4102,0.00130749
"test5",17,63,674.00,325.00,239,0.1969,132.00,99.00,0.00,-2400.00,4204.1016,0.00000000
"test5",17,64,674.00,313.00,244,0.1969,129.00,99.00,0.00,-2421.02,372596.5938,0.04265236
"test5",17,65,674.00,310.58,245,0.1969,129.00,99.00,250.00,-2144.74,162527.0000,0.00844096
"test5",17,66,675.00,302.00,249,0.1890,127.00,99.00,333.33,-1500.00,172338.3125,0.00000234
"test5",17,67,677.00,293.00,255,0.1890,125.00,98.00,557.68,-2509.40,1457041.5000,0.02052094
"test5",17,68,677.56,290.49,256,0.1890,125.00,98.00,110.58,-1122.65,104098.2578,0.06606150
"test5",17,69,678.00,286.00,260,0.1811,122.00,96.00,-200.00,-1400.00,22425.0918,0.00000000
"test5",17,70,677.00,279.00,265,0.1654,119.00,93.00,-184.14,-1289.00,368602.0000,0.05213319
"test5",17,71,676.63,276.42,267,0.1654,119.00,93.00,92.07,-605.50,101275.6094,0.10019210
"test5",17,72,677.00,274.00,271,0.1575,117.00,90.00,0.00,-1000.00,40209.9609,0.00000000
"test5",17,73,677.00,269.00,276,0.1575,115.00,90.00,0.00,-798.95,166668.9688,0.26110148
"test5",17,74,677.00,266.60,279,0.1575,115.00,90.00,-500.00,-801.57,407337.2188,0.17805028
"test5",17,75,676.00,265.00,281,0.1575,114.00,90.00,166.67,-333.33,31056.5000,0.00000000
"test5",17,76,677.00,263.00,287,0.1575,114.00,91.00,250.00,-500.00,384147.6875,1.19256949
"test5",17,77,677.50,262.00,289,0.1575,114.00,91.00,833.33,0.00,211111.0938,0.00000000
"test5",17,78,680.00,262.00,292,0.1575,113.00,93.00,200.00,0.00,6666.6655,0.00000000
"test5",17,79,681.00,262.00,297,0.1654,112.00,94.00,166.67,0.00,55555.5586,0.00000000
"test5",17,80,681.50,262.00,300,0.1654,112.00,94.00,0.00,0.00,0.0000,0.00000000
"test5",17,81,681.50,262.00,303,0.1654,112.00,96.00,0.00,0.00,0.0000,0.00000000
"test5",17,82,681.50,262.00,308,0.1654,111.00,98.00,0.00,0.00,0.0000,0.00000000
"test5",17,83,681.50,262.00,312,0.1654,112.00,94.00,0.00,0.00,250000.0000,0.00000000
"test5",17,84,681.50,262.00,313,0.1654,111.00,99.00,-250.00,0.00,54268.2500,0.55631512
"test5",17,85,680.00,262.00,319,0.1654,111.00,100.00,0.00,-208.62,10772.7051,0.00000000
"test5",17,86,680.00,261.17,323,0.1654,111.00,100.00,0.00,-165.53,165527.3438,0.00000000
"test5",17,87,680.00,261.00,324,0.1654,111.00,101.00,0.00,0.00,0.0000,0.00000000
"test5",17,88,680.00,261.00,329,0.1732,111.00,102.00,0.00,0.00,0.0000,0.00000000
"test5",17,89,680.00,261.00,334,0.1732,111.00,102.00,0.00,0.00,0.0000,0.00000000
"test5",16,0,573.00,649.00,0,0.1260,94.00,89.00,0.00,0.00,0.0000,0.00000000
"test5",16,1,573.00,649.00,10,0.1260,94.00,90.00,0.00,0.00,0.0000,0.00000000
"test5",16,2,573.00,649.00,16,0.1260,94.00,90.00,0.00,0.00,0.0000,0.00000000
"test5",16,3,573.00,649.00,21,0.1260,94.00,90.00,0.00,0.00,0.0000,0.00000000
"test5",16,4,573.00,649.00,21,0.1260,95.00,90.00,0.00,0.00,0.0000,0.00000000
"test5",16,5,573.00,649.00,26,0.1260,94.00,88.00,0.00,0.00,0.0000,0.00000000
"test5",16,6,573.00,649.00,29,0.1260,94.00,90.00,0.00,0.00,0.0000,0.00000000
"test5",16,7,573.00,649.00,37,0.1260,94.00,88.00,0.00,0.00,0.0000,0.00000000
"test5",16,8,573.00,649.00,42,0.1260,96.00,88.00,0.00,0.00,0.0000,0.00000000
"test5",16,9,573.00,649.00,43,0.1260,94.00,90.00,0.00,0.00,0.0000,0.00000000
"test5",16,10,573.00,649.00,58,0.1260,96.00,88.00,0.00,0.00,0.0000,0.00000000
"test5",16,11,573.00,649.00,64,0.1260,96.00,87.00,0.00,0.00,500000.0000,0.00000000
"test5",16,12,573.00,649.00,65,0.1260,94.00,90.00,0.00,-500.00,75000.0000,0.00000000
"test5",16,13,573.00,647.00,69,0.1260,97.00,86.00,0.00,-800.00,21059.5703,0.00000000
"test5",16,14,573.00,643.00,74,0.1260,98.00,86.00,0.00,-694.70,228973.3906,0.00000000
"test5",16,15,573.00,641.61,76,0.1260,98.00,86.00,0.00,-1152.65,79523.0156,0.03763362
"test5",16,16,573.00,637.00,80,0.1260,99.00,87.00,200.00,-1400.00,39574.5000,0.00000173
"test5",16,17,574.00,630.00,85,0.1339,102.00,87.00,227.97,-1595.89,337566.9063,0.02720185
"test5",16,18,574.46,626.81,87,0.1339,102.00,87.00,181.36,-2269.41,76465.6172,0.01437223
"test5",16,19,575.00,620.00,90,0.1417,108.00,87.00,400.00,-2200.00,74535.5938,0.00000000
"test5",16,20,577.00,609.00,95,0.1496,114.00,86.00,333.33,-1833.33,157134.8594,0.02575950
"test5",16,21,578.00,603.50,98,0.1496,114.00,86.00,666.67,-2166.67,291653.4063,0.03242892
"test5",16,22,580.00,597.00,101,0.1575,121.00,85.00,400.00,-3000.00,100884.9688,0.00000000
"test5",16,23,582.00,582.00,106,0.1654,129.00,85.00,333.33,-2500.00,782229.3125,0.01904543
"test5",16,24,583.00,574.50,109,0.1654,129.00,85.00,1000.00,-4750.00,713218.5000,0.00273223
"test5",16,25,585.00,565.00,111,0.1811,137.00,86.00,833.33,-3333.33,286326.8125,0.00000000
"test5",16,26,590.00,545.00,117,0.1890,145.00,87.00,1250.00,-5000.00,913821.3750,0.00608717
"test5",16,27,592.50,535.00,119,0.1890,145.00,87.00,500.00,-3333.33,371350.5625,0.01653869
"test5",16,28,594.00,525.00,122,0.2047,152.00,89.00,1200.00,-4200.00,216509.2344,0.00000002
"test5",16,29,600.00,504.00,127,0.2205,156.00,90.00,902.60,-3159.11,425442.1250,0.00000021
"test5",16,30,604.51,488.20,132,0.2205,156.00,90.00,1487.00,-5204.47,1299196.2500,0.00468867
"test5",16,31,606.00,483.00,133,0.2205,159.00,91.00,1000.00,-4000.00,180260.7188,0.00232692
"test5",16,32,611.00,463.00,138,0.2283,162.00,93.00,978.61,-3098.95,85216.1563,0.00000028
"test5",16,33,615.89,447.51,143,0.2283,162.00,93.00,1106.93,-3505.25,132812.2969,0.00445628
"test5",16,34,617.00,444.00,144,0.2283,161.00,93.00,1200.00,-3600.00,209818.4219,0.00847936
"test5",16,35,623.00,426.00,149,0.2283,159.00,94.00,351.03,-2983.69,0.0000,0.00000000
"test5",16,36,624.76,411.08,154,0.2283,159.00,94.00,351.03,-2983.69,0.0000,0.00000000
"test5",16,37,625.00,409.00,154,0.2283,156.00,95.00,500.00,-3166.67,87653.4766,0.00310265
"test5",16,38,628.00,390.00,160,0.2205,154.00,95.00,387.41,-3680.40,0.0000,0.00000000
"test5",16,39,629.94,371.60,165,0.2205,154.00,95.00,387.41,-3680.40,0.0000,0.00000000
"test5",16,40,630.00,371.00,165,0.2205,150.00,94.00,600.00,-3400.00,115084.5313,0.00000000
"test5",16,41,633.00,354.00,170,0.2047,147.00,93.00,500.00,-2833.33,0.0000,0.00000000
"test5",16,42,636.00,337.00,176,0.2047,143.00,93.00,500.00,-2833.33,0.0000,0.00000000
"test5",16,43,636.17,336.06,176,0.2047,143.00,93.00,366.93,-3212.60,63093.2148,0.00489102
"test5",16,44,638.00,320.00,181,0.1969,141.00,91.00,600.00,-3000.00,169553.3125,0.00000051
"test5",16,45,641.00,305.00,186,0.1890,138.00,90.00,433.72,-2168.70,292179.0313,0.02004041
"test5",16,46,641.43,302.83,187,0.1890,138.00,90.00,391.57,-2457.82,281499.5938,0.00481924
"test5",16,47,643.00,293.00,191,0.1811,135.00,89.00,333.33,-1333.33,76844.2266,0.00000261
"test5",16,48,645.00,285.00,197,0.1732,131.00,89.00,445.13,-1780.64,195095.0313,0.05400704
"test5",16,49,645.45,283.22,198,0.1732,131.00,89.00,638.72,-1804.84,9754.7520,0.00237932
"test5",16,50,648.00,276.00,202,0.1732,127.00,89.00,600.00,-1800.00,50726.9180,0.00000107
"test5",16,51,651.00,267.00,207,0.1654,125.00,89.00,519.78,-1559.39,219765.3594,0.02925578
"test5",16,52,652.04,263.88,209,0.1654,125.00,89.00,240.11,-1220.31,60132.0781,0.01974843
"test5",16,53,653.00,259.00,213,0.1654,123.00,90.00,400.00,-1400.00,32568.8066,0.00000040
"test5",16,54,655.00,252.00,218,0.1654,123.00,91.00,444.73,-1556.58,242113.4375,0.06114752
"test5",16,55,655.89,248.89,220,0.1654,123.00,91.00,36.84,-1295.61,265488.7813,0.00282015
"test5",16,56,656.00,245.00,223,0.1732,122.00,92.00,0.00,-500.00,41666.6680,0.00000000
"test5",16,57,656.00,242.00,229,0.1732,120.00,93.00,0.00,-750.00,291666.6563,0.00000000
"test5",16,58,656.00,240.50,231,0.1732,120.00,93.00,0.00,-166.67,55555.5586,0.00000000
"test5",16,59,656.00,240.00,234,0.1732,120.00,95.00,0.00,0.00,0.0000,0.00000000
"test5",16,60,656.00,240.00,239,0.1732,118.00,96.00,0.00,0.00,166666.6719,0.00000000
"test5",16,61,656.00,240.00,242,0.1732,118.00,96.00,0.00,-500.00,250000.0000,0.00000000
"test5",16,62,656.00,239.00,244,0.1732,117.00,96.00,0.00,0.00,0.0000,0.00000000
"test5",16,63,656.00,239.00,250,0.1654,115.00,97.00,0.00,0.00,0.0000,0.00000000
"test5",16,64,656.00,239.00,254,0.1654,115.00,97.00,0.00,0.00,0.0000,0.00000000
"test5",16,65,656.00,239.00,255,0.1732,114.00,98.00,0.00,0.00,0.0000,0.00000000
"test5",16,66,656.00,239.00,260,0.1654,112.00,99.00,0.00,0.00,0.0000,0.00000000
"test5",16,67,656.00,239.00,265,0.1654,115.00,97.00,0.00,0.00,0.0000,0.00000000
"test5",16,68,656.00,239.00,266,0.1654,111.00,99.00,0.00,0.00,0.0000,0.00000000
"test5",16,69,656.00,239.00,271,0.1654,110.00,99.00,0.00,0.00,0.0000,0.00000000
"test5",16,70,656.00,239.00,276,0.1654,115.00,97.00,0.00,0.00,0.0000,0.00000000
"test5",16,71,656.00,239.00,276,0.1654,109.00,99.00,0.00,0.00,0.0000,0.00000000
"test5",16,72,656.00,239.00,282,0.1654,108.00,99.00,0.00,0.00,0.0000,0.00000000
"test5",16,73,656.00,239.00,286,0.1654,108.00,99.00,0.00,0.00,0.0000,0.00000000
"test5",15,0,281.00,722.00,0,0.1496,101.00,99.00,0.00,0.00,0.0000,0.00000000
"test5",15,1,281.00,722.00,10,0.1417,99.00,97.00,0.00,0.00,0.0000,0.00000000
"test5",15,2,281.00,722.00,13,0.1417,99.00,97.00,0.00,0.00,0.0000,0.00000000
"test5",15,3,281.00,722.00,16,0.1496,100.00,97.00,0.00,0.00,0.0000,0.00000000
"test5",15,4,281.00,722.00,21,0.1496,101.00,99.00,0.00,0.00,0.0000,0.00000000
"test5",15,5,281.00,722.00,24,0.1417,99.00,97.00,0.00,0.00,0.0000,0.00000000
"test5",15,6,281.00,722.00,27,0.1496,100.00,99.00,0.00,0.00,0.0000,0.00000000
"test5",15,7,281.00,722.00,32,0.1496,101.00,99.00,0.00,0.00,0.0000,0.00000000
"test5",15,8,281.00,722.00,35,0.1417,99.00,97.00,0.00,0.00,0.0000,0.00000000
"test5",15,9,281.00,722.00,37,0.1417,99.00,96.00,0.00,0.00,0.0000,0.00000000
"test5",15,10,281.00,722.00,43,0.1496,100.00,96.00,0.00,0.00,0.0000,0.00000000
"test5",15,11,281.00,722.00,45,0.1417,99.00,97.00,0.00,0.00,0.0000,0.00000000
"test5",15,12,281.00,722.00,48,0.1496,100.00,96.00,0.00,0.00,0.0000,0.00000000
"test5",15,13,281.00,722.00,53,0.1496,100.00,96.00,0.00,0.00,0.0000,0.00000000
"test5",15,14,281.00,722.00,56,0.1417,99.00,97.00,0.00,0.00,0.0000,0.00000000
"test5",15,15,281.00,722.00,58,0.1496,100.00,96.00,0.00,0.00,0.0000,0.00000000
"test5",15,16,281.00,722.00,64,0.1496,100.00,97.00,0.00,0.00,0.0000,0.00000000
"test5",15,17,281.00,722.00,68,0.1417,99.00,97.00,0.00,0.00,0.0000,0.00000000
"test5",15,18,281.00,722.00,69,0.1417,99.00,97.00,0.00,0.00,0.0000,0.00000000
"test5",15,19,281.00,722.00,74,0.1417,99.00,97.00,0.00,0.00,0.0000,0.00000000
"test5",15,20,281.00,722.00,80,0.1417,99.00,97.00,0.00,0.00,0.0000,0.00000000
"test5",15,21,281.00,722.00,80,0.1417,99.00,97.00,0.00,0.00,0.0000,0.00000000
"test5",15,22,281.00,722.00,85,0.1417,99.00,96.00,0.00,0.00,0.0000,0.00000000
"test5",15,23,281.00,722.00,90,0.1496,117.00,86.00,0.00,0.00,0.0000,0.00000000
"test5",15,24,281.00,722.00,91,0.1417,99.00,97.00,0.00,0.00,89442.7188,0.00000000
"test5",15,25,281.00,722.00,96,0.1575,118.00,86.00,200.00,-400.00,44735.0078,0.00002730
"test5",15,26,282.00,720.00,101,0.1575,118.00,86.00,99.95,-199.95,1091861.2500,17.90164948
"test5",15,27,282.10,719.80,102,0.1575,118.00,86.00,1180.01,-360.01,84377.7266,0.01107833
"test5",15,28,288.00,718.00,107,0.1575,120.00,85.00,1600.00,-400.00,6599.8613,0.00000218
"test5",15,29,296.00,716.00,112,0.1496,123.00,83.00,1567.99,-391.97,1040057.0000,0.09282454
"test5",15,30,297.57,715.61,113,0.1496,123.00,83.00,2608.00,-402.01,2062.4568,0.00002749
"test5",15,31,308.00,714.00,117,0.1496,128.00,78.00,2600.00,-400.00,152640.8594,0.00000040
"test5",15,32,321.00,712.00,122,0.1496,134.00,73.00,1845.67,-283.94,516808.2813,0.02453207
"test5",15,33,324.69,711.43,124,0.1496,134.00,73.00,2827.16,-608.03,309150.4375,0.00408382
"test5",15,34,336.00,709.00,128,0.1417,141.00,69.00,4000.00,-1000.00,102396.6875,0.00000035
"test5",15,35,356.00,704.00,133,0.1496,150.00,66.00,3503.30,-875.85,794577.3750,0.00619730
"test5",15,36,363.01,702.25,135,0.1496,150.00,66.00,4997.80,-1416.10,412192.7813,0.00102395
"test5",15,37,378.00,698.00,138,0.1575,159.00,64.00,3833.33,-1000.00,222885.3125,0.00000020
"test5",15,38,401.00,692.00,144,0.1575,165.00,64.00,5127.33,-1337.59,781238.0000,0.00299613
"test5",15,39,411.25,689.32,146,0.1575,165.00,64.00,3581.78,-1108.28,209211.1406,0.00678601
"test5",15,40,422.00,686.00,149,0.1732,171.00,66.00,4200.00,-1000.00,143913.5469,0.00000000
"test5",15,41,443.00,681.00,154,0.1811,175.00,69.00,3500.00,-833.33,157134.8125,0.00636211
"test5",15,42,453.50,678.50,157,0.1811,175.00,69.00,3166.67,-500.00,268971.5000,0.01281422
"test5",15,43,463.00,677.00,160,0.1969,177.00,73.00,3800.00,-1000.00,130979.2031,0.00000000
"test5",15,44,482.00,672.00,165,0.2126,177.00,78.00,3166.67,-833.33,609847.1875,0.01503225
"test5",15,45,491.50,669.50,168,0.2126,177.00,78.00,4750.00,-1750.00,1029090.6875,0.00803032
"test5",15,46,501.00,666.00,170,0.2126,175.00,81.00,3000.00,-666.67,256098.4531,0.00000000
"test5",15,47,519.00,662.00,176,0.2283,174.00,86.00,4500.00,-1000.00,606675.8750,0.00170141
"test5",15,48,528.00,660.00,178,0.2283,174.00,86.00,3333.33,-666.67,119670.3203,0.01018295
"test5",15,49,538.00,658.00,181,0.2362,170.00,90.00,3200.00,-1000.00,111753.6797,0.00000000
"test5",15,50,554.00,653.00,186,0.2362,165.00,92.00,2666.67,-833.33,222222.2500,0.00849181
"test5",15,51,562.00,650.50,189,0.2362,165.00,92.00,2000.00,-833.33,159086.8906,0.03386436
"test5",15,52,568.00,648.00,192,0.2283,160.00,93.00,2200.00,-400.00,80065.9688,0.01562566
"test5",15,53,579.00,646.00,197,0.2205,155.00,92.00,2183.75,0.00,0.0000,0.00000000
"test5",15,54,589.92,646.00,202,0.2205,155.00,92.00,2183.75,0.00,0.0000,0.00000000
"test5",15,55,592.00,646.00,202,0.2047,150.00,91.00,2166.67,0.00,148945.2656,0.02629958
"test5",15,56,605.00,646.00,208,0.1969,145.00,89.00,1666.76,-740.77,0.0000,0.00000000
"test5",15,57,613.33,642.30,213,0.1969,145.00,89.00,1666.76,-740.77,0.0000,0.00000000
"test5",15,58,614.00,642.00,213,0.0945,93.00,66.00,1000.00,-1000.00,188561.7969,0.00000000
"test5",15,59,619.00,637.00,218,0.0945,93.00,66.00,333.33,-333.33,0.0000,0.00000000
"test5",15,60,621.00,635.00,224,0.0945,94.00,66.00,333.33,-333.33,0.0000,0.00000000
"test5",15,61,621.03,634.97,224,0.0945,94.00,66.00,393.98,6.03,78805.6250,0.00000000
"test5",15,62,623.00,635.00,229,0.0945,95.00,66.00,0.00,0.00,0.0000,0.00000000
"test5",15,63,623.00,635.00,234,0.0945,96.00,65.00,0.00,0.00,0.0000,0.00000000
"test5",15,64,623.00,635.00,235,0.0945,96.00,65.00,0.00,0.00,0.0000,0.00000000
"test5",15,65,623.00,635.00,239,0.0945,99.00,64.00,0.00,0.00,0.0000,0.00000000
"test5",15,66,623.00,635.00,245,0.0945,101.00,63.00,0.00,0.00,500000.0000,0.00000000
"test5",15,67,623.00,635.00,246,0.0945,96.00,65.00,-500.00,0.00,41666.6641,0.00000000
"test5",15,68,621.00,635.00,250,0.0945,102.00,63.00,-333.33,0.00,35458.0352,0.00000000
"test5",15,69,619.00,635.00,256,0.0945,102.00,62.00,-546.08,0.00,182601.9219,0.00000000
"test5",15,70,618.45,635.00,257,0.0945,102.00,62.00,-363.48,0.00,109130.0938,0.00000000
"test5",15,71,617.00,635.00,261,0.0945,102.00,61.00,-800.00,0.00,20479.7363,0.00000000
"test5",15,72,613.00,635.00,266,0.0236,100.00,19.00,-697.60,0.00,248001.0938,0.00000000
"test5",15,73,611.60,635.00,268,0.0236,100.00,19.00,-201.60,0.00,43911.4063,0.00000000
"test5",15,74,611.00,635.00,271,0.0866,102.00,57.00,-333.33,0.00,19181.9922,0.00000000
"test5",15,75,609.00,635.00,277,0.0236,102.00,18.00,-448.43,0.00,207021.0781,0.00000000
"test5",15,76,608.10,635.00,279,0.0236,102.00,18.00,-34.38,0.00,11461.0449,0.00000000
"test5",15,77,608.00,635.00,282,0.0236,103.00,18.00,0.00,0.00,0.0000,0.00000000
"test5",15,78,608.00,635.00,286,0.0236,103.00,18.00,0.00,0.00,0.0000,0.00000000
"test5",14,0,558.00,729.00,0,0.1496,103.00,99.00,0.00,0.00,0.0000,0.00000000
"test5",14,1,558.00,729.00,10,0.1575,104.00,99.00,0.00,0.00,0.0000,0.00000000
"test5",14,2,558.00,729.00,15,0.1575,104.00,99.00,0.00,0.00,0.0000,0.00000000
"test5",14,3,558.00,729.00,18,0.1575,104.00,99.00,0.00,0.00,0.0000,0.00000000
"test5",14,4,558.00,729.00,21,0.1575,104.00,99.00,0.00,0.00,0.0000,0.00000000
"test5",14,5,558.00,729.00,26,0.1575,104.00,99.00,0.00,0.00,0.0000,0.00000000
"test5",14,6,558.00,729.00,28,0.1575,104.00,99.00,0.00,0.00,0.0000,0.00000000
"test5",14,7,558.00,729.00,31,0.1575,104.00,100.00,0.00,0.00,0.0000,0.00000000
"test5",14,8,558.00,729.00,37,0.1575,104.00,100.00,0.00,0.00,0.0000,0.00000000
"test5",14,9,558.00,729.00,39,0.1575,104.00,99.00,0.00,0.00,0.0000,0.00000000
"test5",14,10,558.00,729.00,42,0.1575,104.00,100.00,0.00,0.00,0.0000,0.00000000
"test5",14,11,558.00,729.00,47,0.1575,104.00,101.00,0.00,0.00,0.0000,0.00000000
"test5",14,12,558.00,729.00,50,0.1575,104.00,99.00,0.00,0.00,0.0000,0.00000000
"test5",14,13,558.00,729.00,53,0.1575,104.00,101.00,0.00,0.00,0.0000,0.00000000
"test5",14,14,558.00,729.00,58,0.1575,104.00,101.00,0.00,0.00,0.0000,0.00000000
"test5",14,15,558.00,729.00,61,0.1575,104.00,99.00,0.00,0.00,0.0000,0.00000000
"test5",14,16,558.00,729.00,63,0.1575,104.00,101.00,0.00,0.00,0.0000,0.00000000
"test5",14,17,558.00,729.00,69,0.1575,104.00,101.00,0.00,0.00,0.0000,0.00000000
"test5",14,18,558.00,729.00,73,0.1575,104.00,99.00,0.00,0.00,0.0000,0.00000000
"test5",14,19,558.00,729.00,74,0.1575,104.00,100.00,0.00,0.00,0.0000,0.00000000
"test5",14,20,558.00,729.00,79,0.1575,104.00,100.00,0.00,0.00,0.0000,0.00000000
"test5",14,21,558.00,729.00,84,0.1575,104.00,99.00,0.00,0.00,447213.5938,0.00000000
"test5",14,22,558.00,729.00,85,0.1575,104.00,99.00,-200.00,-400.00,200000.0000,0.44721359
"test5",14,23,557.00,727.00,90,0.1575,104.00,98.00,-200.00,-1400.00,0.0000,0.00000000
"test5",14,24,556.00,720.00,95,0.1496,105.00,96.00,-200.00,-1400.00,0.0000,0.00000000
"test5",14,25,555.98,719.85,95,0.1496,105.00,96.00,-663.19,-1475.67,103865.1953,0.00587594
"test5",14,26,552.00,711.00,101,0.1575,108.00,95.00,-1000.00,-2000.00,237036.2969,0.00000000
"test5",14,27,547.00,701.00,106,0.1654,113.00,94.00,-469.97,-939.94,1628202.1250,0.30371386
"test5",14,28,546.53,700.06,107,0.1654,113.00,94.00,-882.51,-2515.01,91907.1484,0.00796033
"test5",14,29,543.00,690.00,111,0.1732,119.00,94.00,-1000.00,-2166.67,23183.8984,0.00000012
"test5",14,30,537.00,677.00,117,0.1811,125.00,95.00,-1058.29,-2292.97,981596.1875,0.00273889
"test5",14,31,535.94,674.71,118,0.1811,125.00,95.00,-1485.43,-3176.76,207794.1406,0.00497869
"test5",14,32,530.00,662.00,122,0.1890,131.00,95.00,-1600.00,-4000.00,245250.2344,0.00000012
"test5",14,33,522.00,642.00,127,0.1969,138.00,93.00,-1144.59,-2861.45,351358.5625,0.01710613
"test5",14,34,519.71,636.28,129,0.1969,138.00,93.00,-1677.70,-3319.27,222293.8750,0.00520783
"test5",14,35,513.00,623.00,133,0.2047,144.00,92.00,-1800.00,-4200.00,90864.9453,0.00000000
"test5",14,36,504.00,602.00,138,0.2047,150.00,90.00,-1621.03,-3782.41,182170.3281,0.00516923
"test5",14,37,500.76,594.44,140,0.2047,150.00,90.00,-1585.98,-4145.06,273681.3438,0.01300135
"test5",14,38,496.00,582.00,143,0.2126,155.00,88.00,-2200.00,-3600.00,189559.9219,0.00000000
"test5",14,39,485.00,564.00,148,0.2126,159.00,87.00,-1705.77,-2791.26,317980.9063,0.00344556
"test5",14,40,479.88,555.63,151,0.2126,159.00,87.00,-2294.23,-3542.07,40197.7461,0.00107214
"test5",14,41,473.00,545.00,154,0.2126,161.00,87.00,-2400.00,-3600.00,144222.0469,0.00000000
"test5",14,42,461.00,527.00,159,0.2205,162.00,88.00,-2000.00,-3000.00,333333.3438,0.01422308
"test5",14,43,455.00,518.00,162,0.2205,162.00,88.00,-2000.00,-4000.00,650854.1250,0.01304373
"test5",14,44,451.00,510.00,164,0.2205,161.00,89.00,-1000.00,-3166.67,123399.1406,0.00394918
"test5",14,45,445.00,491.00,170,0.2205,159.00,90.00,-1457.78,-3748.58,132847.5156,0.00000021
"test5",14,46,440.63,479.75,173,0.2205,159.00,90.00,-1313.32,-3377.14,119562.7344,0.00000026
"test5",14,47,438.00,473.00,175,0.2205,156.00,91.00,-1400.00,-3600.00,193476.2656,0.00266218
"test5",14,48,431.00,455.00,180,0.2126,153.00,91.00,-871.75,-2789.58,96583.6953,0.00000046
"test5",14,49,427.51,443.84,184,0.2126,153.00,91.00,-756.50,-2420.84,629904.0625,0.00556546
"test5",14,50,426.00,439.00,186,0.2047,150.00,91.00,-1200.00,-3600.00,116495.8750,0.00782351
"test5",14,51,420.00,421.00,191,0.2047,146.00,92.00,-1781.27,-3562.53,52360.9219,0.00000054
"test5",14,52,412.87,406.75,195,0.2047,146.00,92.00,-1874.91,-3749.88,1084008.6250,0.02544449
"test5",14,53,411.00,403.00,196,0.2047,143.00,93.00,-1833.33,-2666.67,169641.7813,0.01311215
"test5",14,54,400.00,387.00,202,0.2047,140.00,94.00,-1493.03,-3625.95,305437.7188,0.00000016
"test5",14,55,394.03,372.50,206,0.2047,140.00,94.00,-1027.86,-2496.22,704335.5000,0.04030569
"test5",14,56,393.00,370.00,207,0.1969,138.00,95.00,-1000.00,-3200.00,174289.3281,0.00187264
"test5",14,57,388.00,354.00,212,0.1969,135.00,95.00,-641.52,-2405.70,0.0000,0.00000000
"test5",14,58,384.15,339.57,218,0.1969,135.00,95.00,-641.52,-2405.70,0.0000,0.00000000
"test5",14,59,384.00,339.00,218,0.1890,132.00,94.00,-1000.00,-2800.00,80000.0000,0.00304377
"test5",14,60,379.00,325.00,223,0.1811,131.00,93.00,-1000.00,-2400.00,336709.0938,0.00000083
"test5",14,61,374.00,313.00,228,0.1811,130.00,91.00,-352.51,-845.95,1686626.3750,0.09168906
"test5",14,62,373.65,312.15,229,0.1811,130.00,91.00,-929.50,-2430.81,128793.1328,0.00308127
"test5",14,63,369.00,300.00,234,0.1732,129.00,90.00,-800.00,-1800.00,82731.8750,0.00000048
"test5",14,64,365.00,291.00,239,0.1732,127.00,88.00,-631.99,-1422.00,537231.3125,0.22014096
"test5",14,65,364.37,289.58,240,0.1732,127.00,88.00,-1092.00,-1144.50,74073.6250,0.00873152
"test5",14,66,360.00,285.00,244,0.1654,126.00,85.00,-833.33,-1000.00,88749.9531,0.00000308
"test5",14,67,355.00,279.00,250,0.1260,105.00,81.00,-1174.26,-1409.06,693040.4375,0.00952243
"test5",14,68,353.83,277.59,251,0.1260,105.00,81.00,-706.44,-897.74,146125.7656,0.01283238
"test5",14,69,351.00,274.00,255,0.1654,113.00,99.00,-400.00,-400.00,21883.0215,0.00000000
"test5",14,70,349.00,272.00,260,0.1732,114.00,99.00,-322.63,-322.63,242106.9531,0.84914243
"test5",14,71,348.35,271.35,262,0.1732,114.00,99.00,161.32,-338.68,43143.9961,0.30556136
"test5",14,72,349.00,270.00,266,0.1732,114.00,100.00,0.00,-400.00,3776.8555,0.00000000
"test5",14,73,349.00,268.00,271,0.1732,114.00,100.00,0.00,-418.88,209442.1406,0.00000000
"test5",14,74,349.00,267.16,273,0.1732,114.00,100.00,0.00,0.00,86970.1328,0.00000000
"test5",14,75,349.00,267.16,276,0.1732,114.00,100.00,200.00,167.55,34167.4453,0.31445500
"test5",14,76,350.00,268.00,281,0.1181,106.00,73.00,166.67,0.00,111111.1094,0.00000000
"test5",14,77,350.50,268.00,284,0.1181,106.00,73.00,500.00,0.00,100000.0000,0.00000000
"test5",14,78,352.00,268.00,287,0.1181,107.00,74.00,200.00,0.00,6666.6655,0.00000000
"test5",14,79,353.00,268.00,292,0.1181,107.00,75.00,166.67,0.00,55555.5586,0.00000000
"test5",14,80,353.50,268.00,295,0.1181,107.00,75.00,0.00,0.00,33333.3320,0.00000000
"test5",14,81,353.50,268.00,298,0.1260,107.00,78.00,100.00,0.00,13333.3340,0.00000000
"test5",14,82,354.00,268.00,303,0.1339,108.00,81.00,166.67,0.00,27777.7773,0.00000000
"test5",14,83,354.50,268.00,306,0.1339,108.00,81.00,250.00,0.00,125000.0000,0.00000000
"test5",14,84,355.00,268.00,308,0.1417,108.00,84.00,0.00,0.00,0.0000,0.00000000
"test5",14,85,355.00,268.00,313,0.1417,108.00,87.00,0.00,0.00,0.0000,0.00000000
"test5",14,86,355.00,268.00,318,0.1417,108.00,87.00,0.00,0.00,0.0000,0.00000000
"test5",13,0,494.00,781.00,0,0.1496,112.00,88.00,0.00,0.00,0.0000,0.00000000
"test5",13,1,494.00,781.00,10,0.1024,94.00,72.00,0.00,0.00,0.0000,0.00000000
"test5",13,2,494.00,781.00,15,0.1024,94.00,72.00,0.00,0.00,0.0000,0.00000000
"test5",13,3,494.00,781.00,18,0.1024,94.00,72.00,0.00,0.00,0.0000,0.00000000
"test5",13,4,494.00,781.00,21,0.1024,94.00,72.00,0.00,0.00,0.0000,0.00000000
"test5",13,5,494.00,781.00,26,0.1024,94.00,72.00,0.00,0.00,0.0000,0.00000000
"test5",13,6,494.00,781.00,31,0.1024,94.00,72.00,0.00,0.00,0.0000,0.00000000
"test5",13,7,494.00,781.00,31,0.1024,95.00,72.00,0.00,0.00,0.0000,0.00000000
"test5",13,8,494.00,781.00,37,0.1496,111.00,90.00,0.00,0.00,0.0000,0.00000000
"test5",13,9,494.00,781.00,42,0.1024,93.00,72.00,0.00,0.00,0.0000,0.00000000
"test5",13,10,494.00,781.00,42,0.1024,94.00,72.00,0.00,0.00,0.0000,0.00000000
"test5",13,11,494.00,781.00,53,0.1024,93.00,72.00,0.00,0.00,0.0000,0.00000000
"test5",13,12,494.00,781.00,53,0.1024,94.00,72.00,0.00,0.00,0.0000,0.00000000
"test5",13,13,494.00,781.00,58,0.1024,93.00,72.00,0.00,0.00,0.0000,0.00000000
"test5",13,14,494.00,781.00,63,0.1024,93.00,72.00,0.00,0.00,0.0000,0.00000000
"test5",13,15,494.00,781.00,64,0.1024,94.00,72.00,0.00,0.00,0.0000,0.00000000
"test5",13,16,494.00,781.00,68,0.1024,93.00,72.00,0.00,0.00,0.0000,0.00000000
"test5",13,17,494.00,781.00,74,0.1024,93.00,72.00,0.00,0.00,0.0000,0.00000000
"test5",13,18,494.00,781.00,75,0.1024,94.00,72.00,0.00,0.00,0.0000,0.00000000
"test5",13,19,494.00,781.00,79,0.1024,93.00,72.00,0.00,0.00,0.0000,0.00000000
"test5",13,20,494.00,781.00,84,0.0945,93.00,71.00,0.00,0.00,0.0000,0.00000000
"test5",13,21,494.00,781.00,86,0.1024,94.00,72.00,0.00,0.00,0.0000,0.00000000
"test5",13,22,494.00,781.00,90,0.0945,93.00,69.00,0.00,0.00,0.0000,0.00000000
"test5",13,23,494.00,781.00,95,0.0945,93.00,67.00,0.00,0.00,372678.0313,0.00000000
"test5",13,24,494.00,781.00,97,0.1024,94.00,72.00,-333.33,-666.67,229061.4219,0.31304953
"test5",13,25,493.00,779.00,100,0.0866,96.00,63.00,-1000.00,-833.33,84055.8984,0.00000153
"test5",13,26,487.00,774.00,106,0.0945,99.00,63.00,-1387.45,-1156.19,345723.7813,0.05887552
"test5",13,27,484.23,771.69,108,0.0945,99.00,63.00,-2075.03,-1229.21,80392.0313,0.00910950
"test5",13,28,478.00,768.00,111,0.0945,105.00,63.00,-2000.00,-1000.00,186339.0156,0.00000000
"test5",13,29,466.00,762.00,117,0.1102,112.00,65.00,-3000.00,-1500.00,533593.6875,0.01987616
"test5",13,30,460.00,759.00,119,0.1102,112.00,65.00,-2333.33,-666.67,284583.3125,0.01866030
"test5",13,31,453.00,757.00,122,0.1260,120.00,68.00,-3000.00,-1200.00,107703.2969,0.00000000
"test5",13,32,438.00,751.00,127,0.1417,130.00,72.00,-2500.00,-1000.00,111111.0859,0.00569181
"test5",13,33,430.50,748.00,130,0.1417,130.00,72.00,-2833.33,-1000.00,200308.4219,0.00000000
"test5",13,34,422.00,745.00,133,0.1575,138.00,76.00,-3400.00,-1200.00,159934.5000,0.00344285
"test5",13,35,405.00,739.00,138,0.1811,146.00,81.00,-2750.53,-733.46,322743.8750,0.00000231
"test5",13,36,394.00,736.07,142,0.1811,146.00,81.00,-3997.89,-1066.16,2398991.7500,0.00313417
"test5",13,37,390.00,735.00,143,0.1969,150.00,84.00,-1666.67,-500.00,145004.2813,0.00000000
"test5",13,38,380.00,732.00,149,0.2047,153.00,87.00,-2500.00,-750.00,1090521.0000,0.02811967
"test5",13,39,375.00,730.50,151,0.2047,153.00,87.00,-333.33,-500.00,55555.5547,0.05120309
"test5",13,40,374.00,729.00,154,0.2047,153.00,89.00,-200.00,-400.00,120132.2969,0.40098548
"test5",13,41,373.00,727.00,159,0.1339,95.00,93.00,358.65,-179.32,33969.0156,0.00003787
"test5",13,42,374.79,726.10,164,0.1339,95.00,93.00,206.73,-103.39,1197744.8750,11.72178650
"test5",13,43,375.00,726.00,165,0.1339,96.00,93.00,1400.00,0.00,91450.6094,0.02015655
"test5",13,44,382.00,726.00,170,0.1339,96.00,93.00,987.62,197.53,0.0000,0.00000000
"test5",13,45,386.94,726.99,175,0.1339,96.00,93.00,987.62,197.53,0.0000,0.00000000
"test5",13,46,387.00,727.00,175,0.1339,96.00,92.00,833.33,166.67,47790.6953,0.02715454
"test5",13,47,392.00,728.00,181,0.1339,97.00,91.00,600.00,0.00,0.0000,0.00000000
"test5",13,48,395.00,728.00,186,0.1339,98.00,91.00,600.00,0.00,0.0000,0.00000000
"test5",13,49,395.23,728.00,186,0.1339,98.00,91.00,554.05,0.00,30810.5469,0.00000000
"test5",13,50,398.00,728.00,191,0.1339,99.00,91.00,400.00,0.00,9742.4316,0.00000000
"test5",13,51,400.00,728.00,196,0.1417,100.00,92.00,351.29,0.00,268041.1250,1.62070429
"test5",13,52,400.35,728.00,197,0.1417,100.00,92.00,529.74,200.00,65948.4844,0.07264984
"test5",13,53,403.00,729.00,202,0.1496,103.00,99.00,200.00,200.00,15704.4707,0.00010790
"test5",13,54,404.00,730.00,207,0.1575,104.00,99.00,255.55,255.49,361365.0625,0.00000008
"test5",13,55,404.26,730.26,208,0.1575,104.00,99.00,0.00,0.00,94582.4297,0.00000000
"test5",13,56,404.26,730.26,212,0.1575,104.00,99.00,-375.93,-42.58,47774.6836,0.08641915
"test5",13,57,402.00,730.00,218,0.1575,104.00,99.00,-659.39,0.00,74241.6406,0.00000000
"test5",13,58,401.34,730.00,219,0.1575,104.00,99.00,-585.15,0.00,3712.0820,0.00000000
"test5",13,59,399.00,730.00,223,0.1575,104.00,99.00,-600.00,0.00,33161.2148,0.00000000
"test5",13,60,396.00,730.00,228,0.1339,99.00,89.00,-434.19,0.00,119458.4453,0.58937263
"test5",13,61,394.70,730.00,231,0.1339,99.00,89.00,-565.81,-333.33,218898.1563,0.00000001
"test5",13,62,393.00,729.00,234,0.1339,99.00,89.00,0.00,0.00,0.0000,0.00000000
"test5",13,63,393.00,729.00,238,0.1339,99.00,89.00,0.00,0.00,0.0000,0.00000000
"test5",12,0,632.00,639.00,0,0.1181,102.00,78.00,0.00,0.00,0.0000,0.00000000
"test5",12,1,632.00,639.00,10,0.1181,102.00,78.00,0.00,0.00,0.0000,0.00000000
"test5",12,2,632.00,639.00,14,0.1181,102.00,78.00,0.00,0.00,0.0000,0.00000000
"test5",12,3,632.00,639.00,15,0.1181,102.00,78.00,0.00,0.00,0.0000,0.00000000
"test5",12,4,632.00,639.00,20,0.1181,102.00,78.00,0.00,0.00,0.0000,0.00000000
"test5",12,5,632.00,639.00,25,0.1181,101.00,78.00,0.00,0.00,0.0000,0.00000000
"test5",12,6,632.00,639.00,26,0.1181,102.00,78.00,0.00,0.00,0.0000,0.00000000
"test5",12,7,632.00,639.00,31,0.1181,101.00,78.00,0.00,0.00,0.0000,0.00000000
"test5",12,8,632.00,639.00,36,0.1181,101.00,78.00,0.00,0.00,0.0000,0.00000000
"test5",12,9,632.00,639.00,37,0.1181,102.00,78.00,0.00,0.00,0.0000,0.00000000
"test5",12,10,632.00,639.00,42,0.1181,101.00,78.00,0.00,0.00,0.0000,0.00000000
"test5",12,11,632.00,639.00,47,0.1181,101.00,78.00,0.00,0.00,0.0000,0.00000000
"test5",12,12,632.00,639.00,48,0.1181,102.00,78.00,0.00,0.00,0.0000,0.00000000
"test5",12,13,632.00,639.00,52,0.1181,101.00,78.00,0.00,0.00,0.0000,0.00000000
"test5",12,14,632.00,639.00,58,0.1181,101.00,78.00,0.00,0.00,0.0000,0.00000000
"test5",12,15,632.00,639.00,59,0.1181,102.00,78.00,0.00,0.00,0.0000,0.00000000
"test5",12,16,632.00,639.00,63,0.1181,101.00,78.00,0.00,0.00,0.0000,0.00000000
"test5",12,17,632.00,639.00,68,0.1181,100.00,77.00,0.00,0.00,0.0000,0.00000000
"test5",12,18,632.00,639.00,70,0.1181,102.00,78.00,0.00,0.00,0.0000,0.00000000
"test5",12,19,632.00,639.00,74,0.1102,99.00,77.00,0.00,0.00,0.0000,0.00000000
"test5",12,20,632.00,639.00,79,0.1102,99.00,76.00,0.00,0.00,0.0000,0.00000000
"test5",12,21,632.00,639.00,81,0.1181,102.00,78.00,0.00,0.00,0.0000,0.00000000
"test5",12,22,632.00,639.00,84,0.1102,99.00,76.00,0.00,0.00,0.0000,0.00000000
"test5",12,23,632.00,639.00,89,0.1181,99.00,78.00,0.00,0.00,0.0000,0.00000000
"test5",12,24,632.00,639.00,92,0.1181,102.00,78.00,0.00,0.00,0.0000,0.00000000
"test5",12,25,632.00,639.00,95,0.1181,100.00,78.00,0.00,0.00,0.0000,0.00000000
"test5",12,26,632.00,639.00,100,0.1181,101.00,78.00,0.00,0.00,248452.0000,0.00000000
"test5",12,27,632.00,639.00,103,0.1181,102.00,78.00,666.67,-333.33,268512.1250,0.37565941
"test5",12,28,634.00,638.00,106,0.2047,165.00,80.00,1400.00,0.00,46666.6758,0.00000000
"test5",12,29,641.00,638.00,111,0.2047,165.00,80.00,1166.67,0.00,1027777.8125,0.00000000
"test5",12,30,644.50,638.00,114,0.2047,165.00,80.00,4250.00,0.00,1128082.1250,0.00461361
"test5",12,31,653.00,638.00,116,0.1969,165.00,79.00,2000.00,-166.67,167244.3750,0.00000000
"test5",12,32,665.00,637.00,122,0.1811,171.00,69.00,3000.00,-250.00,678284.1875,0.01985455
"test5",12,33,671.00,636.50,124,0.1811,171.00,69.00,1666.67,-500.00,203972.8906,0.04850644
"test5",12,34,676.00,635.00,127,0.1811,172.00,69.00,2200.00,-200.00,67844.0703,0.00714642
"test5",12,35,687.00,634.00,132,0.1811,171.00,69.00,1926.01,0.00,194507.5938,0.00000000
"test5",12,36,694.70,634.00,136,0.1811,171.00,69.00,1147.98,0.00,341002.3438,0.07588074
"test5",12,37,697.00,634.00,138,0.1811,171.00,69.00,1800.00,200.00,191224.4063,0.00454832
"test5",12,38,706.00,635.00,143,0.1732,169.00,68.00,844.38,168.87,0.0000,0.00000000
"test5",12,39,710.22,635.84,148,0.1732,169.00,68.00,844.38,168.87,0.0000,0.00000000
"test5",12,40,711.00,636.00,148,0.1654,166.00,65.00,166.67,0.00,94780.8828,1.11284173
"test5",12,41,712.00,636.00,154,0.1496,161.00,63.00,-370.92,-185.47,0.0000,0.00000000
"test5",12,42,710.15,635.07,159,0.1496,161.00,63.00,-370.92,-185.47,0.0000,0.00000000
"test5",12,43,710.00,635.00,159,0.1417,155.00,60.00,-800.00,-200.00,9428.0869,0.01188900
"test5",12,44,706.00,634.00,164,0.1339,148.00,60.00,-833.33,-166.67,0.0000,0.00000000
"test5",12,45,701.00,633.00,170,0.1102,105.00,69.00,-833.33,-166.67,0.0000,0.00000000
"test5",12,46,700.92,632.98,170,0.1102,105.00,69.00,-983.45,-196.68,53790.6289,0.03119455
"test5",12,47,696.00,632.00,175,0.1102,105.00,69.00,-800.00,0.00,89565.4297,0.00000000
"test5",12,48,692.00,632.00,180,0.1102,105.00,69.00,-352.17,0.00,22607.4219,0.00000000
"test5",12,49,691.65,632.00,181,0.1102,105.00,69.00,-329.57,0.00,54086.9141,0.00000000
"test5",12,50,690.00,632.00,186,0.1102,105.00,69.00,-600.00,0.00,10771.4844,0.00000000
"test5",12,51,687.00,632.00,191,0.1102,106.00,69.00,-546.14,0.00,432678.2188,0.00000000
"test5",12,52,686.45,632.00,192,0.1102,106.00,69.00,-113.46,0.00,28366.0898,0.00000000
"test5",12,53,686.00,632.00,196,0.1102,107.00,69.00,0.00,0.00,0.0000,0.00000000
"test5",12,54,686.00,632.00,202,0.1102,108.00,69.00,0.00,0.00,0.0000,0.00000000
"test5",12,55,686.00,632.00,203,0.1102,108.00,69.00,0.00,0.00,50000.0000,0.00000000
"test5",12,56,686.00,632.00,207,0.1102,111.00,69.00,200.00,0.00,5106.2012,0.00000000
"test5",12,57,687.00,632.00,212,0.1181,112.00,69.00,174.47,0.00,119148.2578,0.00000000
"test5",12,58,687.35,632.00,214,0.1181,112.00,69.00,412.77,0.00,46808.6250,0.00000000
"test5",12,59,689.00,632.00,218,0.1181,114.00,69.00,600.00,0.00,5720.2148,0.00000000
"test5",12,60,692.00,632.00,223,0.1260,117.00,70.00,628.60,0.00,190500.8906,0.00000000
"test5",12,61,693.26,632.00,225,0.1260,117.00,70.00,247.60,0.00,28578.0176,0.00000000
"test5",12,62,694.00,632.00,228,0.1260,120.00,70.00,333.33,0.00,27019.9219,0.00000000
"test5",12,63,696.00,632.00,234,0.1260,124.00,66.00,495.45,0.00,79544.0703,0.00000000
"test5",12,64,696.99,632.00,236,0.1260,124.00,66.00,336.36,0.00,112121.5781,0.00000000
"test5",12,65,698.00,632.00,239,0.1260,124.00,66.00,0.00,0.00,0.0000,0.00000000
"test5",12,66,698.00,632.00,243,0.1260,124.00,66.00,0.00,0.00,0.0000,0.00000000
"test5",11,0,635.00,708.00,0,0.1181,101.00,79.00,0.00,0.00,0.0000,0.00000000
"test5",11,1,635.00,708.00,9,0.1181,102.00,79.00,0.00,0.00,0.0000,0.00000000
"test5",11,2,635.00,708.00,15,0.1181,102.00,79.00,0.00,0.00,0.0000,0.00000000
"test5",11,3,635.00,708.00,20,0.1181,102.00,79.00,0.00,0.00,0.0000,0.00000000
"test5",11,4,635.00,708.00,23,0.1181,102.00,79.00,0.00,0.00,0.0000,0.00000000
"test5",11,5,635.00,708.00,25,0.1181,102.00,78.00,0.00,0.00,0.0000,0.00000000
"test5",11,6,635.00,708.00,31,0.1181,102.00,78.00,0.00,0.00,0.0000,0.00000000
"test5",11,7,635.00,708.00,36,0.1181,102.00,79.00,0.00,0.00,0.0000,0.00000000
"test5",11,8,635.00,708.00,36,0.1181,102.00,78.00,0.00,0.00,0.0000,0.00000000
"test5",11,9,635.00,708.00,42,0.1181,102.00,78.00,0.00,0.00,0.0000,0.00000000
"test5",11,10,635.00,708.00,47,0.1181,102.00,78.00,0.00,0.00,0.0000,0.00000000
"test5",11,11,635.00,708.00,47,0.1181,102.00,79.00,0.00,0.00,0.0000,0.00000000
"test5",11,12,635.00,708.00,52,0.1181,102.00,77.00,0.00,0.00,0.0000,0.00000000
"test5",11,13,635.00,708.00,57,0.1181,102.00,77.00,0.00,0.00,0.0000,0.00000000
"test5",11,14,635.00,708.00,58,0.1181,102.00,79.00,0.00,0.00,0.0000,0.00000000
"test5",11,15,635.00,708.00,63,0.1181,102.00,76.00,0.00,0.00,0.0000,0.00000000
"test5",11,16,635.00,708.00,68,0.1181,102.00,76.00,0.00,0.00,0.0000,0.00000000
"test5",11,17,635.00,708.00,69,0.1181,102.00,79.00,0.00,0.00,0.0000,0.00000000
"test5",11,18,635.00,708.00,73,0.1181,102.00,75.00,0.00,0.00,0.0000,0.00000000
"test5",11,19,635.00,708.00,79,0.0394,108.00,27.00,0.00,0.00,0.0000,0.00000000
"test5",11,20,635.00,708.00,80,0.1181,102.00,79.00,0.00,0.00,0.0000,0.00000000
"test5",11,21,635.00,708.00,84,0.1102,86.00,84.00,0.00,0.00,0.0000,0.00000000
"test5",11,22,635.00,708.00,89,0.1102,87.00,85.00,0.00,0.00,279508.5000,0.00000000
"test5",11,23,635.00,708.00,91,0.1181,102.00,79.00,-250.00,-500.00,228103.5938,0.21466252
"test5",11,24,634.00,706.00,95,0.1102,88.00,85.00,-400.00,-1400.00,33660.3828,0.00000079
"test5",11,25,632.00,699.00,100,0.1181,92.00,86.00,-446.23,-1561.83,628948.1875,0.22560297
"test5",11,26,631.11,695.88,102,0.1181,92.00,86.00,-1702.51,-1625.45,244209.2188,0.03823150
"test5",11,27,626.00,691.00,105,0.1260,99.00,87.00,-1000.00,-1833.33,174027.2656,0.00000000
"test5",11,28,620.00,680.00,111,0.1417,106.00,89.00,-1500.00,-2750.00,465847.4688,0.02982235
"test5",11,29,617.00,674.50,113,0.1417,106.00,89.00,-1666.67,-1833.33,368010.9688,0.01387958
"test5",11,30,612.00,669.00,116,0.1575,115.00,90.00,-2200.00,-2800.00,118696.6406,0.00000000
"test5",11,31,601.00,655.00,121,0.1732,125.00,91.00,-1833.33,-2333.33,222222.2500,0.01559172
"test5",11,32,595.50,648.00,124,0.1732,125.00,91.00,-1833.33,-3000.00,383132.0000,0.00102266
"test5",11,33,590.00,639.00,127,0.1890,135.00,92.00,-2400.00,-4000.00,233238.0781,0.00000000
"test5",11,34,578.00,619.00,132,0.2047,145.00,92.00,-3000.00,-5000.00,1013793.7500,0.01092883
"test5",11,35,572.00,609.00,134,0.2047,145.00,92.00,-2666.67,-3000.00,267590.9688,0.00000000
"test5",11,36,564.00,600.00,137,0.2205,155.00,93.00,-3200.00,-3600.00,160554.5781,0.00000000
"test5",11,37,548.00,582.00,142,0.2283,162.00,92.00,-2666.67,-3000.00,351364.1875,0.01890000
"test5",11,38,540.00,573.00,145,0.2283,162.00,92.00,-3000.00,-2000.00,149071.2031,0.01137847
"test5",11,39,531.00,567.00,148,0.2283,166.00,91.00,-2800.00,-2400.00,265473.7813,0.00638021
"test5",11,40,517.00,555.00,153,0.2362,168.00,90.00,-1565.19,-1913.01,0.0000,0.00000000
"test5",11,41,509.17,545.43,158,0.2362,168.00,90.00,-1565.19,-1913.01,0.0000,0.00000000
"test5",11,42,508.00,544.00,158,0.2283,166.00,89.00,-1000.00,-1500.00,60249.6797,0.00812002
"test5",11,43,502.00,535.00,164,0.2205,164.00,89.00,-951.48,-1141.77,0.0000,0.00000000
"test5",11,44,497.24,529.29,169,0.2205,164.00,89.00,-951.48,-1141.77,0.0000,0.00000000
"test5",11,45,497.00,529.00,169,0.2126,159.00,89.00,-800.00,-1400.00,104349.8359,0.02226264
"test5",11,46,493.00,522.00,174,0.2126,155.00,90.00,-333.33,-1166.67,0.0000,0.00000000
"test5",11,47,491.00,515.00,180,0.2047,149.00,90.00,-333.33,-1166.67,0.0000,0.00000000
"test5",11,48,490.95,514.83,180,0.2047,149.00,90.00,9.86,-565.50,50416.4688,0.12066519
"test5",11,49,491.00,512.00,185,0.1969,142.00,90.00,200.00,-400.00,39925.4961,0.00002730
"test5",11,50,492.00,510.00,190,0.1811,135.00,89.00,110.75,-221.44,274064.2500,2.91808820
"test5",11,51,492.11,509.78,191,0.1811,135.00,89.00,177.85,44.29,9903.4443,0.28772771
"test5",11,52,493.00,510.00,196,0.1654,129.00,87.00,200.00,0.00,412.5977,0.00000000
"test5",11,53,494.00,510.00,201,0.1575,123.00,86.00,197.94,0.00,252578.7344,0.00000000
"test5",11,54,494.20,510.00,202,0.1575,123.00,86.00,450.52,0.00,70962.2656,0.00000000
"test5",11,55,496.00,510.00,206,0.1496,117.00,84.00,166.67,0.00,19849.9883,0.00000000
"test5",11,56,497.00,510.00,212,0.1417,113.00,84.00,285.77,0.00,107208.2500,0.00000000
"test5",11,57,497.29,510.00,213,0.1417,113.00,84.00,178.56,0.00,44639.5859,0.00000000
"test5",11,58,498.00,510.00,217,0.1339,110.00,83.00,0.00,0.00,0.0000,0.00000000
"test5",11,59,498.00,510.00,222,0.1339,108.00,82.00,0.00,0.00,0.0000,0.00000000
"test5",11,60,498.00,510.00,224,0.1339,108.00,82.00,0.00,0.00,0.0000,0.00000000
"test5",11,61,498.00,510.00,228,0.1339,106.00,82.00,0.00,0.00,0.0000,0.00000000
"test5",11,62,498.00,510.00,233,0.1339,105.00,82.00,0.00,0.00,0.0000,0.00000000
"test5",11,63,498.00,510.00,235,0.1339,108.00,82.00,0.00,0.00,0.0000,0.00000000
"test5",11,64,498.00,510.00,238,0.1339,105.00,82.00,0.00,0.00,0.0000,0.00000000
"test5",11,65,498.00,510.00,243,0.1339,105.00,82.00,0.00,0.00,0.0000,0.00000000
"test5",10,0,265.00,554.00,0,0.0079,103.00,9.00,0.00,0.00,0.0000,0.00000000
"test5",10,1,265.00,554.00,10,0.0079,102.00,9.00,0.00,0.00,0.0000,0.00000000
"test5",10,2,265.00,554.00,15,0.0079,102.00,9.00,0.00,0.00,0.0000,0.00000000
"test5",10,3,265.00,554.00,18,0.0079,102.00,9.00,0.00,0.00,0.0000,0.00000000
"test5",10,4,265.00,554.00,26,0.0079,102.00,9.00,0.00,0.00,0.0000,0.00000000
"test5",10,5,265.00,554.00,30,0.0079,102.00,9.00,0.00,0.00,0.0000,0.00000000
"test5",10,6,265.00,554.00,31,0.0079,102.00,9.00,0.00,0.00,0.0000,0.00000000
"test5",10,7,265.00,554.00,37,0.0079,102.00,9.00,0.00,0.00,0.0000,0.00000000
"test5",10,8,265.00,554.00,41,0.0079,102.00,9.00,0.00,0.00,0.0000,0.00000000
"test5",10,9,265.00,554.00,42,0.0079,102.00,9.00,0.00,0.00,0.0000,0.00000000
"test5",10,10,265.00,554.00,47,0.0079,102.00,9.00,0.00,0.00,0.0000,0.00000000
"test5",10,11,265.00,554.00,52,0.0079,102.00,9.00,0.00,0.00,0.0000,0.00000000
"test5",10,12,265.00,554.00,53,0.0079,102.00,9.00,0.00,0.00,0.0000,0.00000000
"test5",10,13,265.00,554.00,63,0.0079,102.00,9.00,0.00,0.00,0.0000,0.00000000
"test5",10,14,265.00,554.00,63,0.0079,102.00,9.00,0.00,0.00,0.0000,0.00000000
"test5",10,15,265.00,554.00,74,0.0079,103.00,9.00,0.00,0.00,0.0000,0.00000000
"test5",10,16,265.00,554.00,74,0.0079,102.00,9.00,0.00,0.00,0.0000,0.00000000
"test5",10,17,265.00,554.00,79,0.0079,104.00,9.00,0.00,0.00,0.0000,0.00000000
"test5",10,18,265.00,554.00,85,0.1024,111.00,60.00,0.00,0.00,0.0000,0.00000000
"test5",10,19,265.00,554.00,85,0.0079,102.00,9.00,0.00,0.00,89442.7188,0.00000000
"test5",10,20,265.00,554.00,90,0.1024,112.00,61.00,200.00,-400.00,18798.5859,0.00002730
"test5",10,21,266.00,552.00,95,0.1024,112.00,63.00,157.99,-315.92,1010628.7500,7.16835022
"test5",10,22,266.16,551.68,96,0.1024,112.00,63.00,1168.40,-336.82,126620.0234,0.04402940
"test5",10,23,272.00,550.00,101,0.1102,114.00,65.00,1600.00,-800.00,63227.8789,0.00000171
"test5",10,24,280.00,546.00,106,0.1181,117.00,69.00,1882.75,-941.41,650695.7500,0.05047367
"test5",10,25,281.88,545.06,107,0.1181,117.00,69.00,2529.31,-1014.65,139876.3594,0.00096915
"test5",10,26,292.00,541.00,111,0.1339,121.00,73.00,2000.00,-833.33,341322.1563,0.00000108
"test5",10,27,304.00,536.00,117,0.1496,129.00,78.00,3890.41,-1620.97,1146775.8750,0.00974544
"test5",10,28,307.89,534.38,118,0.1496,129.00,78.00,2777.40,-1344.76,235042.7500,0.00134587
"test5",10,29,319.00,529.00,122,0.1654,136.00,81.00,3600.00,-1800.00,289171.2188,0.00000011
"test5",10,30,337.00,520.00,127,0.1890,145.00,85.00,2306.78,-1153.40,865950.3125,0.00747183
"test5",10,31,343.92,516.54,130,0.1890,145.00,85.00,4693.22,-2179.93,131550.8906,0.00484917
"test5",10,32,358.00,510.00,133,0.2047,155.00,86.00,4800.00,-1800.00,223199.0313,0.00000012
"test5",10,33,382.00,501.00,138,0.2126,163.00,84.00,3755.06,-1408.16,859668.3750,0.01334045
"test5",10,34,393.27,496.78,141,0.2126,163.00,84.00,5867.42,-2887.76,1331889.7500,0.00058662
"test5",10,35,405.00,491.00,143,0.2126,170.00,83.00,3500.00,-1666.67,323047.3125,0.00000000
"test5",10,36,426.00,481.00,149,0.2205,174.00,82.00,5250.00,-2500.00,1193879.0000,0.00233112
"test5",10,37,436.50,476.00,151,0.2205,174.00,82.00,3166.67,-1333.33,291653.4063,0.00219138
"test5",10,38,446.00,472.00,154,0.2205,177.00,82.00,4000.00,-1600.00,201908.1875,0.00268274
"test5",10,39,466.00,464.00,159,0.2283,178.00,84.00,3184.07,-1005.49,13690.4531,0.00000026
"test5",10,40,478.74,459.98,163,0.2283,178.00,84.00,3131.85,-989.01,166016.4375,0.00511781
"test5",10,41,485.00,458.00,165,0.2283,176.00,85.00,2800.00,-1000.00,180574.7500,0.00577883
"test5",10,42,499.00,453.00,170,0.2283,173.00,87.00,1898.55,-949.28,141775.8281,0.00000100
"test5",10,43,506.59,449.20,174,0.2283,173.00,87.00,2405.79,-1202.88,1199038.6250,0.00000104
"test5",10,44,509.00,448.00,175,0.2205,168.00,87.00,1333.33,-666.67,58239.6016,0.01409382
"test5",10,45,517.00,444.00,181,0.2205,162.00,89.00,1680.88,-630.34,107976.7891,0.00000396
"test5",10,46,523.72,441.48,185,0.2205,162.00,89.00,1276.49,-478.64,301952.1563,0.11337530
"test5",10,47,525.00,441.00,186,0.2205,156.00,90.00,1000.00,-600.00,163514.4688,0.05564493
"test5",10,48,530.00,438.00,191,0.2047,150.00,90.00,183.86,-551.59,65252.8594,0.00000000
"test5",10,49,530.92,435.24,196,0.2047,150.00,90.00,80.69,-242.07,366916.5938,2.91425943
"test5",10,50,531.00,435.00,197,0.1260,112.00,72.00,0.00,-600.00,80000.0000,0.00000000
"test5",10,51,531.00,432.00,202,0.1339,108.00,82.00,0.00,-200.00,0.0000,0.00000000
"test5",10,52,531.00,431.00,207,0.1339,108.00,82.00,0.00,-200.00,0.0000,0.00000000
"test5",10,53,531.00,430.99,207,0.1339,108.00,82.00,-333.33,2.14,44445.8672,0.00576747
"test5",10,54,529.00,431.00,213,0.1339,108.00,82.00,-600.00,0.00,0.0000,0.00000000
"test5",10,55,526.00,431.00,218,0.1339,108.00,82.00,-600.00,0.00,0.0000,0.00000000
"test5",10,56,525.69,431.00,218,0.1339,108.00,82.00,-138.67,-200.00,40389.9531,0.46248469
"test5",10,57,525.00,430.00,223,0.1339,108.00,81.00,-166.67,0.00,0.0000,0.00000000
"test5",10,58,524.00,430.00,229,0.1260,108.00,79.00,-166.67,0.00,0.0000,0.00000000
"test5",10,59,523.83,430.00,229,0.1260,108.00,79.00,-366.70,0.00,46660.1563,0.00000000
"test5",10,60,522.00,430.00,234,0.1260,108.00,77.00,-600.00,0.00,38023.6797,0.00000000
"test5",10,61,519.00,430.00,239,0.1181,108.00,74.00,-409.88,0.00,8234.6650,0.00000000
"test5",10,62,518.18,430.00,241,0.1181,108.00,74.00,-393.41,0.00,20026.3066,0.00000000
"test5",10,63,517.00,430.00,244,0.1181,108.00,72.00,-333.33,0.00,3200.9531,0.00000000
"test5",10,64,515.00,430.00,250,0.1102,107.00,69.00,-352.54,0.00,337766.1563,1.34101689
"test5",10,65,514.29,430.00,252,0.1102,107.00,69.00,235.03,333.33,135952.7500,0.00000000
"test5",10,66,515.00,431.00,255,0.1024,107.00,67.00,0.00,0.00,0.0000,0.00000000
"test5",10,67,515.00,431.00,259,0.1024,107.00,67.00,0.00,0.00,0.0000,0.00000000
"test5",9,0,479.00,821.00,0,0.1496,104.00,93.00,0.00,0.00,0.0000,0.00000000
"test5",9,1,479.00,821.00,10,0.1496,104.00,93.00,0.00,0.00,0.0000,0.00000000
"test5",9,2,479.00,821.00,16,0.1417,104.00,90.00,0.00,0.00,0.0000,0.00000000
"test5",9,3,479.00,821.00,18,0.1417,104.00,90.00,0.00,0.00,0.0000,0.00000000
"test5",9,4,479.00,821.00,21,0.1417,104.00,91.00,0.00,0.00,0.0000,0.00000000
"test5",9,5,479.00,821.00,21,0.1417,104.00,90.00,0.00,0.00,0.0000,0.00000000
"test5",9,6,479.00,821.00,26,0.1496,104.00,94.00,0.00,0.00,0.0000,0.00000000
"test5",9,7,479.00,821.00,32,0.1496,104.00,93.00,0.00,0.00,0.0000,0.00000000
"test5",9,8,479.00,821.00,32,0.1417,104.00,90.00,0.00,0.00,0.0000,0.00000000
"test5",9,9,479.00,821.00,37,0.1496,104.00,93.00,0.00,0.00,0.0000,0.00000000
"test5",9,10,479.00,821.00,42,0.1417,104.00,91.00,0.00,0.00,0.0000,0.00000000
"test5",9,11,479.00,821.00,43,0.1417,104.00,90.00,0.00,0.00,0.0000,0.00000000
"test5",9,12,479.00,821.00,48,0.1417,104.00,91.00,0.00,0.00,0.0000,0.00000000
"test5",9,13,479.00,821.00,53,0.1417,104.00,90.00,0.00,0.00,0.0000,0.00000000
"test5",9,14,479.00,821.00,54,0.1417,104.00,90.00,0.00,0.00,0.0000,0.00000000
"test5",9,15,479.00,821.00,58,0.1417,104.00,90.00,0.00,0.00,0.0000,0.00000000
"test5",9,16,479.00,821.00,64,0.1417,104.00,91.00,0.00,0.00,0.0000,0.00000000
"test5",9,17,479.00,821.00,65,0.1417,104.00,90.00,0.00,0.00,0.0000,0.00000000
"test5",9,18,479.00,821.00,69,0.1496,104.00,92.00,0.00,0.00,0.0000,0.00000000
"test5",9,19,479.00,821.00,74,0.1575,105.00,98.00,0.00,0.00,0.0000,0.00000000
"test5",9,20,479.00,821.00,76,0.1417,104.00,90.00,0.00,0.00,0.0000,0.00000000
"test5",9,21,479.00,821.00,80,0.1575,105.00,99.00,0.00,0.00,0.0000,0.00000000
"test5",9,22,479.00,821.00,85,0.1575,105.00,99.00,0.00,0.00,0.0000,0.00000000
"test5",9,23,479.00,821.00,88,0.1417,104.00,90.00,0.00,0.00,186339.0156,0.00000000
"test5",9,24,479.00,821.00,90,0.1575,106.00,99.00,-166.67,-333.33,105351.5391,0.50610691
"test5",9,25,478.00,819.00,96,0.1575,107.00,99.00,0.00,-943.07,47437.8867,0.00000000
"test5",9,26,478.00,816.17,99,0.1575,107.00,99.00,0.00,-1085.39,257305.9063,0.00000000
"test5",9,27,478.00,814.00,101,0.1654,109.00,100.00,0.00,-1600.00,53333.3242,0.00000000
"test5",9,28,478.00,806.00,106,0.1654,111.00,101.00,0.00,-1333.33,722222.1875,0.00000000
"test5",9,29,478.00,802.00,109,0.1654,111.00,101.00,0.00,-3500.00,750000.0000,0.00000000
"test5",9,30,478.00,795.00,111,0.1732,114.00,101.00,0.00,-2000.00,80169.6797,0.00000000
"test5",9,31,478.00,783.00,117,0.1811,118.00,101.00,0.00,-2481.02,148727.4219,0.00000000
"test5",9,32,478.00,773.08,121,0.1811,118.00,101.00,0.00,-3075.93,813976.4375,0.03523113
"test5",9,33,478.00,770.00,122,0.1969,124.00,102.00,-333.33,-2333.33,255853.5938,0.00891482
"test5",9,34,476.00,756.00,128,0.2047,130.00,102.00,-840.50,-3782.26,233378.3281,0.00000013
"test5",9,35,472.64,740.87,132,0.2047,130.00,102.00,-638.00,-2870.97,943046.8750,0.00501702
"test5",9,36,472.00,738.00,133,0.2126,137.00,102.00,-800.00,-3800.00,12157.2734,0.00051399
"test5",9,37,468.00,719.00,138,0.2205,143.00,102.00,-752.43,-3762.16,0.0000,0.00000000
"test5",9,38,464.24,700.19,143,0.2205,143.00,102.00,-752.43,-3762.16,0.0000,0.00000000
"test5",9,39,464.00,699.00,143,0.2283,149.00,101.00,-500.00,-3333.33,112354.1719,0.00000000
"test5",9,40,461.00,679.00,149,0.2362,153.00,100.00,-600.00,-4000.00,0.0000,0.00000000
"test5",9,41,458.00,659.00,154,0.2362,156.00,99.00,-600.00,-4000.00,0.0000,0.00000000
"test5",9,42,457.94,658.57,154,0.2362,156.00,99.00,-387.02,-3713.45,177468.2031,0.00292128
"test5",9,43,456.00,640.00,159,0.2362,158.00,98.00,-500.00,-2833.33,0.0000,0.00000000
"test5",9,44,453.00,623.00,165,0.2362,158.00,96.00,-500.00,-2833.33,0.0000,0.00000000
"test5",9,45,452.64,620.98,165,0.2362,158.00,96.00,-328.82,-2996.63,43093.1484,0.00106893
"test5",9,46,451.00,606.00,170,0.2283,157.00,95.00,-400.00,-3200.00,2248.4343,0.00000029
"test5",9,47,449.00,590.00,175,0.2205,154.00,93.00,-398.62,-3188.84,1029596.3750,0.00480271
"test5",9,48,448.60,586.81,176,0.2205,154.00,93.00,-320.28,-2162.23,114990.5156,0.00153196
"test5",9,49,447.00,576.00,181,0.2047,150.00,90.00,-200.00,-1600.00,115732.9453,0.00000116
"test5",9,50,446.00,568.00,186,0.1969,145.00,89.00,-271.79,-2174.19,1252251.3750,0.03617134
"test5",9,51,445.73,565.83,187,0.1969,145.00,89.00,54.36,-965.16,167321.3438,0.02166221
"test5",9,52,446.00,561.00,192,0.1890,139.00,88.00,0.00,-1800.00,36037.5977,0.00000000
"test5",9,53,446.00,552.00,197,0.1732,133.00,87.00,0.00,-1619.81,349843.3438,0.00000000
"test5",9,54,446.00,548.76,199,0.1732,133.00,87.00,0.00,-920.13,26624.8984,0.00000000
"test5",9,55,446.00,546.00,202,0.1654,128.00,86.00,0.00,-1000.00,48559.5703,0.00000000
"test5",9,56,446.00,541.00,207,0.1496,123.00,83.00,0.00,-757.20,280684.9375,0.38758224
"test5",9,57,446.00,538.73,210,0.1496,123.00,83.00,-666.67,-242.80,228316.7813,0.24887647
"test5",9,58,444.00,538.00,213,0.1417,120.00,78.00,0.00,-400.00,13333.3311,0.00000000
"test5",9,59,444.00,536.00,218,0.1260,117.00,73.00,0.00,-333.33,111111.1172,0.00000000
"test5",9,60,444.00,535.00,221,0.1260,117.00,73.00,0.00,0.00,0.0000,0.00000000
"test5",9,61,444.00,535.00,223,0.1181,115.00,67.00,0.00,0.00,0.0000,0.00000000
"test5",9,62,444.00,535.00,229,0.1102,114.00,63.00,0.00,0.00,0.0000,0.00000000
"test5",9,63,444.00,535.00,231,0.1102,114.00,63.00,0.00,0.00,0.0000,0.00000000
"test5",9,64,444.00,535.00,234,0.1024,112.00,60.00,0.00,0.00,0.0000,0.00000000
"test5",9,65,444.00,535.00,239,0.1024,112.00,60.00,0.00,0.00,0.0000,0.00000000
"test5",9,66,444.00,535.00,243,0.1102,114.00,63.00,0.00,0.00,0.0000,0.00000000
"test5",9,67,444.00,535.00,245,0.1024,111.00,62.00,0.00,0.00,0.0000,0.00000000
"test5",9,68,444.00,535.00,250,0.1102,111.00,64.00,0.00,0.00,0.0000,0.00000000
"test5",9,69,444.00,535.00,254,0.1102,114.00,63.00,0.00,0.00,0.0000,0.00000000
"test5",9,70,444.00,535.00,255,0.1102,111.00,67.00,0.00,0.00,0.0000,0.00000000
"test5",9,71,444.00,535.00,261,0.1181,111.00,70.00,0.00,0.00,0.0000,0.00000000
"test5",9,72,444.00,535.00,265,0.1102,114.00,63.00,0.00,0.00,0.0000,0.00000000
"test5",9,73,444.00,535.00,266,0.1181,111.00,72.00,0.00,0.00,0.0000,0.00000000
"test5",9,74,444.00,535.00,270,0.1181,111.00,72.00,0.00,0.00,0.0000,0.00000000
"test5",8,0,659.00,787.00,0,0.1417,101.00,94.00,0.00,0.00,0.0000,0.00000000
"test5",8,1,659.00,787.00,10,0.1417,101.00,94.00,0.00,0.00,0.0000,0.00000000
"test5",8,2,659.00,787.00,15,0.1417,101.00,94.00,0.00,0.00,0.0000,0.00000000
"test5",8,3,659.00,787.00,15,0.1417,101.00,94.00,0.00,0.00,0.0000,0.00000000
"test5",8,4,659.00,787.00,21,0.1417,101.00,94.00,0.00,0.00,0.0000,0.00000000
"test5",8,5,659.00,787.00,26,0.1417,100.00,94.00,0.00,0.00,0.0000,0.00000000
"test5",8,6,659.00,787.00,26,0.1417,101.00,94.00,0.00,0.00,0.0000,0.00000000
"test5",8,7,659.00,787.00,31,0.1417,100.00,94.00,0.00,0.00,0.0000,0.00000000
"test5",8,8,659.00,787.00,37,0.1417,100.00,94.00,0.00,0.00,0.0000,0.00000000
"test5",8,9,659.00,787.00,37,0.1417,101.00,94.00,0.00,0.00,0.0000,0.00000000
"test5",8,10,659.00,787.00,42,0.1417,99.00,94.00,0.00,0.00,0.0000,0.00000000
"test5",8,11,659.00,787.00,47,0.1417,99.00,94.00,0.00,0.00,0.0000,0.00000000
"test5",8,12,659.00,787.00,49,0.1417,101.00,94.00,0.00,0.00,0.0000,0.00000000
"test5",8,13,659.00,787.00,53,0.1417,99.00,94.00,0.00,0.00,0.0000,0.00000000
"test5",8,14,659.00,787.00,58,0.1417,99.00,94.00,0.00,0.00,0.0000,0.00000000
"test5",8,15,659.00,787.00,60,0.1417,101.00,94.00,0.00,0.00,0.0000,0.00000000
"test5",8,16,659.00,787.00,64,0.1417,99.00,94.00,0.00,0.00,0.0000,0.00000000
"test5",8,17,659.00,787.00,69,0.1417,99.00,94.00,0.00,0.00,0.0000,0.00000000
"test5",8,18,659.00,787.00,71,0.1417,101.00,94.00,0.00,0.00,0.0000,0.00000000
"test5",8,19,659.00,787.00,74,0.1024,93.00,72.00,0.00,0.00,0.0000,0.00000000
"test5",8,20,659.00,787.00,79,0.1024,93.00,73.00,0.00,0.00,0.0000,0.00000000
"test5",8,21,659.00,787.00,82,0.1417,101.00,94.00,0.00,0.00,0.0000,0.00000000
"test5",8,22,659.00,787.00,85,0.1181,111.00,72.00,0.00,0.00,0.0000,0.00000000
"test5",8,23,659.00,787.00,90,0.1181,111.00,72.00,0.00,0.00,314269.6875,0.00000000
"test5",8,24,659.00,787.00,93,0.1417,101.00,94.00,-666.67,-666.67,113311.5469,0.10606601
"test5",8,25,657.00,785.00,96,0.1181,111.00,71.00,-1000.00,-600.00,58309.5195,0.00000000
"test5",8,26,652.00,782.00,101,0.1181,113.00,69.00,-1250.00,-750.00,131761.5625,0.01345087
"test5",8,27,649.50,780.50,103,0.1181,113.00,69.00,-1500.00,-833.33,114395.8984,0.00000000
"test5",8,28,645.00,778.00,106,0.1181,116.00,68.00,-1800.00,-1000.00,68637.5313,0.00000000
"test5",8,29,636.00,773.00,111,0.1260,121.00,68.00,-1500.00,-833.33,333333.3438,0.05497845
"test5",8,30,631.50,770.50,114,0.1260,121.00,68.00,-2500.00,-833.33,263406.0000,0.00607157
"test5",8,31,624.00,768.00,117,0.1339,127.00,69.00,-3200.00,-1200.00,184976.8906,0.00590450
"test5",8,32,608.00,762.00,122,0.1496,135.00,72.00,-4124.63,-1178.47,97977.5547,0.00000000
"test5",8,33,591.50,757.29,126,0.1496,135.00,72.00,-4501.46,-1286.13,503681.3438,0.00835629
"test5",8,34,587.00,756.00,127,0.1654,145.00,75.00,-4000.00,-1333.33,221006.7656,0.00000009
"test5",8,35,563.00,748.00,133,0.1890,156.00,79.00,-5258.00,-1752.66,603458.1875,0.00000036
"test5",8,36,541.97,740.99,137,0.1890,156.00,79.00,-2968.02,-989.38,1742476.2500,0.00645540
"test5",8,37,539.00,740.00,138,0.2047,165.00,82.00,-4600.00,-1600.00,168578.9063,0.00006575
"test5",8,38,516.00,732.00,143,0.2205,173.00,84.00,-3801.36,-1330.47,595036.8125,0.00000047
"test5",8,39,496.99,725.35,148,0.2205,173.00,84.00,-993.19,-347.66,3629695.2500,0.05099913
"test5",8,40,496.00,725.00,149,0.2362,179.00,86.00,-4400.00,-1600.00,89442.7188,0.00046771
"test5",8,41,474.00,717.00,154,0.2441,182.00,86.00,-4000.00,-1400.00,0.0000,0.00000000
"test5",8,42,454.00,710.00,159,0.2441,183.00,86.00,-4000.00,-1400.00,0.0000,0.00000000
"test5",8,43,452.78,709.57,159,0.2441,183.00,86.00,-3756.01,-1514.60,91980.3438,0.00012242
"test5",8,44,434.00,702.00,164,0.2362,182.00,85.00,-3333.33,-1333.33,15055.8750,0.00000029
"test5",8,45,414.00,694.00,170,0.2362,180.00,85.00,-3249.45,-1299.80,455734.0625,0.00379274
"test5",8,46,410.75,692.70,171,0.2362,180.00,85.00,-3687.64,-1425.05,172023.3125,0.00359100
"test5",8,47,396.00,687.00,175,0.2283,175.00,86.00,-3000.00,-1400.00,258318.2031,0.00000032
"test5",8,48,381.00,680.00,180,0.2283,170.00,87.00,-1829.57,-853.82,344921.3750,0.02593136
"test5",8,49,377.34,678.29,182,0.2283,170.00,87.00,-2335.21,-1323.09,184785.2031,0.02112837
"test5",8,50,368.00,673.00,186,0.2205,165.00,88.00,-3000.00,-1000.00,134489.4531,0.00000000
"test5",8,51,353.00,668.00,191,0.2205,159.00,90.00,-2362.06,-787.35,501434.1563,0.03400706
"test5",8,52,348.28,666.43,193,0.2205,159.00,90.00,-3091.96,-1475.10,298371.8438,0.00290121
"test5",8,53,339.00,662.00,196,0.2205,154.00,92.00,-2333.33,-1000.00,81533.8047,0.00000052
"test5",8,54,325.00,656.00,202,0.2126,149.00,93.00,-2782.99,-1192.69,152612.9063,0.00716321
"test5",8,55,319.43,653.61,204,0.2126,149.00,93.00,-2478.01,-1204.87,221901.2031,0.01854585
"test5",8,56,312.00,650.00,207,0.2047,144.00,93.00,-2200.00,-600.00,76011.6875,0.00000000
"test5",8,57,301.00,647.00,212,0.1890,139.00,91.00,-1833.33,-500.00,370601.8125,0.00404796
"test5",8,58,295.50,645.50,215,0.1890,139.00,91.00,-750.00,-250.00,377307.7188,0.12649110
"test5",8,59,294.00,645.00,217,0.1811,135.00,88.00,-1500.00,-333.33,0.0000,0.00000000
"test5",8,60,285.00,643.00,223,0.1732,132.00,84.00,-1500.00,-333.33,237333.4375,0.08422007
"test5",8,61,280.50,642.00,226,0.1732,132.00,84.00,-1750.00,-1000.00,384147.7188,0.01781011
"test5",8,62,277.00,640.00,228,0.1496,129.00,78.00,-1166.67,-500.00,44811.2227,0.02513440
"test5",8,63,270.00,637.00,234,0.1339,126.00,71.00,-1156.55,-231.32,133040.0000,0.00000723
"test5",8,64,266.53,636.31,237,0.1339,126.00,71.00,-765.18,-153.02,197972.1563,0.06440599
"test5",8,65,265.00,636.00,239,0.1181,123.00,64.00,-400.00,0.00,125015.5156,0.24269104
"test5",8,66,263.00,636.00,244,0.1024,120.00,57.00,194.16,-194.15,10329.6895,0.00009213
"test5",8,67,263.78,635.22,248,0.1024,120.00,57.00,223.36,-223.39,123741.3750,1.18121731
"test5",8,68,264.00,635.00,249,0.0866,116.00,49.00,333.33,-166.67,59699.0352,0.34903628
"test5",8,69,266.00,634.00,255,0.0709,113.00,42.00,650.39,0.00,62988.2813,0.00000000
"test5",8,70,268.60,634.00,259,0.0709,113.00,42.00,398.44,0.00,268229.1875,0.00000000
"test5",8,71,269.00,634.00,260,0.0551,110.00,36.00,666.67,0.00,5730.5195,0.00000000
"test5",8,72,273.00,634.00,266,0.0472,108.00,31.00,701.05,0.00,126312.2578,0.00000000
"test5",8,73,275.80,634.00,270,0.0472,108.00,31.00,195.80,0.00,204199.2188,0.00000000
"test5",8,74,276.00,634.00,271,0.0394,105.00,27.00,400.00,0.00,40000.0000,0.00000000
"test5",8,75,278.00,634.00,276,0.0315,105.00,23.00,200.00,0.00,34293.2109,0.00000000
"test5",8,76,279.00,634.00,281,0.0315,104.00,20.00,28.53,0.00,165759.2813,0.00000000
"test5",8,77,279.03,634.00,282,0.0315,104.00,20.00,194.29,0.00,38858.6406,0.00000000
"test5",8,78,280.00,634.00,287,0.0236,104.00,18.00,0.00,0.00,0.0000,0.00000000
"test5",8,79,280.00,634.00,291,0.0236,104.00,18.00,0.00,0.00,0.0000,0.00000000
"test5",7,0,601.00,780.00,0,0.1260,103.00,81.00,0.00,0.00,0.0000,0.00000000
"test5",7,1,601.00,780.00,10,0.1024,102.00,64.00,0.00,0.00,0.0000,0.00000000
"test5",7,2,601.00,780.00,11,0.1024,102.00,64.00,0.00,0.00,0.0000,0.00000000
"test5",7,3,601.00,780.00,15,0.1260,102.00,81.00,0.00,0.00,0.0000,0.00000000
"test5",7,4,601.00,780.00,20,0.1260,102.00,81.00,0.00,0.00,0.0000,0.00000000
"test5",7,5,601.00,780.00,22,0.1024,102.00,64.00,0.00,0.00,0.0000,0.00000000
"test5",7,6,601.00,780.00,26,0.1339,102.00,87.00,0.00,0.00,0.0000,0.00000000
"test5",7,7,601.00,780.00,31,0.1339,102.00,87.00,0.00,0.00,0.0000,0.00000000
"test5",7,8,601.00,780.00,33,0.1024,102.00,64.00,0.00,0.00,0.0000,0.00000000
"test5",7,9,601.00,780.00,36,0.1339,102.00,84.00,0.00,0.00,0.0000,0.00000000
"test5",7,10,601.00,780.00,42,0.1339,102.00,84.00,0.00,0.00,0.0000,0.00000000
"test5",7,11,601.00,780.00,44,0.1024,102.00,64.00,0.00,0.00,0.0000,0.00000000
"test5",7,12,601.00,780.00,47,0.1260,102.00,82.00,0.00,0.00,0.0000,0.00000000
"test5",7,13,601.00,780.00,52,0.0945,102.00,63.00,0.00,0.00,0.0000,0.00000000
"test5",7,14,601.00,780.00,55,0.1024,102.00,64.00,0.00,0.00,0.0000,0.00000000
"test5",7,15,601.00,780.00,57,0.0945,102.00,63.00,0.00,0.00,0.0000,0.00000000
"test5",7,16,601.00,780.00,63,0.0945,102.00,63.00,0.00,0.00,0.0000,0.00000000
"test5",7,17,601.00,780.00,66,0.1024,102.00,64.00,0.00,0.00,0.0000,0.00000000
"test5",7,18,601.00,780.00,68,0.0945,102.00,63.00,0.00,0.00,0.0000,0.00000000
"test5",7,19,601.00,780.00,74,0.0394,101.00,30.00,0.00,0.00,0.0000,0.00000000
"test5",7,20,601.00,780.00,76,0.1024,102.00,64.00,0.00,0.00,0.0000,0.00000000
"test5",7,21,601.00,780.00,84,0.0472,102.00,31.00,0.00,0.00,279508.5000,0.00000000
"test5",7,22,601.00,780.00,88,0.1024,102.00,64.00,-500.00,-1000.00,269258.2500,0.21466252
"test5",7,23,600.00,778.00,90,0.0472,102.00,34.00,0.00,-1200.00,40000.0000,0.00000000
"test5",7,24,600.00,772.00,95,0.0551,104.00,39.00,0.00,-1000.00,333333.3438,0.00000000
"test5",7,25,600.00,769.00,98,0.0551,104.00,39.00,0.00,-2000.00,166666.6875,0.00000000
"test5",7,26,600.00,765.00,100,0.0709,107.00,47.00,0.00,-1666.67,107404.9297,0.00000000
"test5",7,27,600.00,755.00,106,0.0866,111.00,55.00,0.00,-2311.10,388870.2500,0.00000000
"test5",7,28,600.00,745.76,110,0.0866,111.00,55.00,0.00,-755.62,1498748.6250,0.70058131
"test5",7,29,600.00,745.00,111,0.1102,116.00,63.00,-400.00,-2200.00,14907.1104,0.00238514
"test5",7,30,598.00,734.00,116,0.1260,121.00,70.00,-333.33,-2166.67,0.0000,0.00000000
"test5",7,31,596.00,721.00,122,0.1496,126.00,76.00,-333.33,-2166.67,0.0000,0.00000000
"test5",7,32,595.99,720.93,122,0.1496,126.00,76.00,-397.81,-3185.82,129321.5313,0.00241615
"test5",7,33,594.00,705.00,127,0.1654,132.00,81.00,-600.00,-3800.00,393575.7500,0.00000009
"test5",7,34,591.00,686.00,132,0.1811,138.00,86.00,-293.09,-1856.20,2683078.7500,0.08097342
"test5",7,35,590.71,684.14,133,0.1811,138.00,86.00,-426.73,-4535.95,301211.6563,0.00223529
"test5",7,36,589.00,666.00,137,0.1969,145.00,89.00,-500.00,-3333.33,137411.9844,0.00000018
"test5",7,37,586.00,646.00,143,0.2126,150.00,93.00,-622.31,-4148.68,69949.8516,0.00210812
"test5",7,38,585.38,641.85,144,0.2126,150.00,93.00,-594.42,-4212.83,73975.9219,0.00322212
"test5",7,39,583.00,625.00,148,0.2205,154.00,94.00,-800.00,-4000.00,207421.0625,0.00000014
"test5",7,40,579.00,605.00,153,0.2283,156.00,96.00,-596.62,-2983.03,155625.9531,0.01059681
"test5",7,41,577.81,599.03,155,0.2283,156.00,96.00,-451.69,-3258.48,37665.2461,0.00163172
"test5",7,42,576.00,586.00,159,0.2362,158.00,97.00,-400.00,-3400.00,42891.5195,0.00000006
"test5",7,43,574.00,569.00,164,0.2362,157.00,98.00,-374.94,-3187.01,391942.9688,0.01418337
"test5",7,44,573.25,562.63,166,0.2362,157.00,98.00,-750.04,-3875.33,250492.2813,0.00237106
"test5",7,45,571.00,551.00,169,0.2362,156.00,99.00,-500.00,-3166.67,191504.7969,0.00000010
"test5",7,46,568.00,532.00,175,0.2362,155.00,99.00,-679.20,-4301.64,478416.5313,0.00868016
"test5",7,47,566.64,523.40,177,0.2362,155.00,99.00,-213.87,-3465.58,130553.8516,0.01076753
"test5",7,48,566.00,513.00,180,0.2283,153.00,98.00,-600.00,-3400.00,115084.5313,0.00000000
"test5",7,49,563.00,496.00,185,0.2205,150.00,97.00,-500.00,-2833.33,111111.1094,0.01321857
"test5",7,50,561.50,487.50,188,0.2205,150.00,97.00,-166.67,-2833.33,293552.1250,0.01603718
"test5",7,51,561.00,479.00,191,0.2205,148.00,97.00,-600.00,-3600.00,121655.2500,0.00000000
"test5",7,52,558.00,461.00,196,0.2126,146.00,96.00,-500.00,-3000.00,343592.1563,0.01481072
"test5",7,53,556.50,452.00,199,0.2126,146.00,96.00,-250.00,-4000.00,667967.4375,0.00517796
"test5",7,54,556.00,444.00,201,0.2126,143.00,96.00,-333.33,-2666.67,223951.6094,0.00000000
"test5",7,55,554.00,428.00,207,0.2047,140.00,96.00,-500.00,-4000.00,506896.8750,0.00127215
"test5",7,56,553.00,420.00,209,0.2047,140.00,96.00,-333.33,-3000.00,259153.4063,0.02262500
"test5",7,57,552.00,411.00,212,0.1969,138.00,95.00,-1000.00,-3400.00,63310.7656,0.00387624
"test5",7,58,547.00,394.00,217,0.2047,136.00,96.00,-1176.44,-3137.18,376877.5313,0.00000020
"test5",7,59,542.29,381.45,221,0.2047,136.00,96.00,-647.13,-1725.65,940288.5000,0.07580976
"test5",7,60,541.00,378.00,223,0.1969,134.00,96.00,-800.00,-3600.00,100361.5781,0.00565633
"test5",7,61,537.00,360.00,228,0.1969,132.00,96.00,-354.61,-3368.82,0.0000,0.00000000
"test5",7,62,535.23,343.16,233,0.1969,132.00,96.00,-354.61,-3368.82,0.0000,0.00000000
"test5",7,63,535.00,341.00,233,0.1890,131.00,96.00,-400.00,-3200.00,163874.3906,0.00037915
"test5",7,64,533.00,325.00,238,0.1890,129.00,97.00,-317.96,-2384.75,0.0000,0.00000000
"test5",7,65,531.09,310.69,244,0.1890,129.00,97.00,-317.96,-2384.75,0.0000,0.00000000
"test5",7,66,531.00,310.00,244,0.1969,129.00,98.00,-800.00,-3000.00,251307.6875,0.00311832
"test5",7,67,527.00,295.00,249,0.1890,126.00,98.00,-333.33,-1833.33,0.0000,0.00000000
"test5",7,68,525.00,284.00,255,0.1811,125.00,97.00,-333.33,-1833.33,0.0000,0.00000000
"test5",7,69,524.96,283.80,255,0.1811,125.00,97.00,-392.71,-2159.94,32020.4941,0.00148479
"test5",7,70,523.00,273.00,260,0.1811,123.00,96.00,-400.00,-2000.00,171643.7500,0.00000000
"test5",7,71,521.00,263.00,265,0.1732,121.00,95.00,-231.69,-1158.45,427627.4375,0.02810331
"test5",7,72,520.77,261.84,266,0.1732,121.00,95.00,-353.66,-1568.31,79815.9609,0.00532962
"test5",7,73,519.00,254.00,271,0.1732,120.00,93.00,-200.00,-1200.00,17384.3105,0.00000271
"test5",7,74,518.00,248.00,276,0.1732,120.00,93.00,-185.73,-1114.26,425999.2188,0.22548118
"test5",7,75,517.81,246.89,277,0.1732,120.00,93.00,46.43,-1471.44,121631.5469,0.01557755
"test5",7,76,518.00,241.00,281,0.1654,119.00,91.00,166.67,-1000.00,105087.8672,0.00000000
"test5",7,77,519.00,235.00,287,0.1575,118.00,89.00,270.32,-1621.95,1081574.6250,0.06080313
"test5",7,78,519.27,233.38,288,0.1575,118.00,89.00,-67.58,-594.51,51479.6680,0.03154844
"test5",7,79,519.00,231.00,292,0.1496,117.00,87.00,0.00,-400.00,4462.8906,0.00000000
"test5",7,80,519.00,229.00,297,0.1496,114.00,84.00,0.00,-377.69,188842.7813,0.00000000
"test5",7,81,519.00,228.24,299,0.1496,114.00,84.00,0.00,0.00,0.0000,0.00000000
"test5",7,82,519.00,228.24,302,0.1417,112.00,83.00,0.00,0.00,0.0000,0.00000000
"test5",7,83,519.00,228.24,308,0.1339,111.00,82.00,0.00,0.00,0.0000,0.00000000
"test5",7,84,519.00,228.24,310,0.1496,114.00,84.00,0.00,0.00,83548.6641,0.00000000
"test5",7,85,519.00,228.24,313,0.1339,110.00,81.00,200.00,151.07,30941.5762,0.31980610
"test5",7,86,520.00,229.00,318,0.1339,109.00,81.00,166.67,0.00,55555.5586,0.00000000
"test5",7,87,520.50,229.00,321,0.1339,109.00,81.00,0.00,0.00,0.0000,0.00000000
"test5",7,88,520.50,229.00,324,0.1339,109.00,81.00,0.00,0.00,0.0000,0.00000000
"test5",7,89,520.50,229.00,329,0.1339,109.00,82.00,0.00,0.00,0.0000,0.00000000
"test5",7,90,520.50,229.00,332,0.1339,109.00,81.00,0.00,0.00,93169.5078,0.00000000
"test5",7,91,520.50,229.00,334,0.1339,109.00,82.00,-83.33,-166.67,31056.5000,0.00000000
"test5",7,92,520.00,228.00,340,0.1339,109.00,83.00,0.00,0.00,0.0000,0.00000000
"test5",7,93,520.00,228.00,344,0.1339,109.00,83.00,0.00,0.00,0.0000,0.00000000
"test5",7,94,520.00,228.00,345,0.1339,109.00,82.00,0.00,0.00,0.0000,0.00000000
"test5",7,95,520.00,228.00,349,0.1339,109.00,82.00,0.00,0.00,0.0000,0.00000000
"test5",6,0,431.00,827.00,0,0.1260,106.00,76.00,0.00,0.00,0.0000,0.00000000
"test5",6,1,431.00,827.00,10,0.1260,106.00,76.00,0.00,0.00,0.0000,0.00000000
"test5",6,2,431.00,827.00,12,0.1260,106.00,76.00,0.00,0.00,0.0000,0.00000000
"test5",6,3,431.00,827.00,15,0.1260,106.00,76.00,0.00,0.00,0.0000,0.00000000
"test5",6,4,431.00,827.00,20,0.1260,106.00,76.00,0.00,0.00,0.0000,0.00000000
"test5",6,5,431.00,827.00,23,0.1260,106.00,76.00,0.00,0.00,0.0000,0.00000000
"test5",6,6,431.00,827.00,26,0.1181,105.00,76.00,0.00,0.00,0.0000,0.00000000
"test5",6,7,431.00,827.00,31,0.1181,105.00,76.00,0.00,0.00,0.0000,0.00000000
"test5",6,8,431.00,827.00,34,0.1260,106.00,76.00,0.00,0.00,0.0000,0.00000000
"test5",6,9,431.00,827.00,36,0.1181,104.00,76.00,0.00,0.00,0.0000,0.00000000
"test5",6,10,431.00,827.00,42,0.1181,104.00,76.00,0.00,0.00,0.0000,0.00000000
"test5",6,11,431.00,827.00,44,0.1260,106.00,76.00,0.00,0.00,0.0000,0.00000000
"test5",6,12,431.00,827.00,47,0.1181,103.00,76.00,0.00,0.00,0.0000,0.00000000
"test5",6,13,431.00,827.00,52,0.1181,103.00,75.00,0.00,0.00,0.0000,0.00000000
"test5",6,14,431.00,827.00,55,0.1260,106.00,76.00,0.00,0.00,0.0000,0.00000000
"test5",6,15,431.00,827.00,58,0.1181,103.00,75.00,0.00,0.00,0.0000,0.00000000
"test5",6,16,431.00,827.00,63,0.1181,102.00,75.00,0.00,0.00,0.0000,0.00000000
"test5",6,17,431.00,827.00,66,0.1260,106.00,76.00,0.00,0.00,0.0000,0.00000000
"test5",6,18,431.00,827.00,68,0.1181,102.00,75.00,0.00,0.00,0.0000,0.00000000
"test5",6,19,431.00,827.00,74,0.1181,102.00,75.00,0.00,0.00,0.0000,0.00000000
"test5",6,20,431.00,827.00,76,0.1260,106.00,76.00,0.00,0.00,0.0000,0.00000000
"test5",6,21,431.00,827.00,79,0.1181,102.00,75.00,0.00,0.00,0.0000,0.00000000
"test5",6,22,431.00,827.00,84,0.1181,102.00,75.00,0.00,0.00,0.0000,0.00000000
"test5",6,23,431.00,827.00,89,0.1260,106.00,76.00,0.00,0.00,600000.0000,0.00000000
"test5",6,24,431.00,827.00,90,0.1181,102.00,75.00,0.00,-600.00,142666.0156,0.00000000
"test5",6,25,431.00,824.00,95,0.1181,104.00,75.00,0.00,-1313.33,0.0000,0.00000000
"test5",6,26,431.00,817.43,100,0.1181,104.00,75.00,0.00,-1313.33,0.0000,0.00000000
"test5",6,27,431.00,817.00,100,0.1181,107.00,75.00,0.00,-1333.33,111111.1094,0.00000000
"test5",6,28,431.00,809.00,106,0.1260,111.00,75.00,0.00,-2000.00,0.0000,0.00000000
"test5",6,29,431.00,799.00,111,0.1339,114.00,78.00,0.00,-2000.00,0.0000,0.00000000
"test5",6,30,431.00,798.60,111,0.1339,114.00,78.00,200.00,-2120.41,11403.1270,0.00165470
"test5",6,31,432.00,788.00,116,0.1417,118.00,80.00,166.67,-2166.67,0.0000,0.00000000
"test5",6,32,433.00,775.00,122,0.1496,124.00,81.00,166.67,-2166.67,0.0000,0.00000000
"test5",6,33,433.14,773.16,122,0.1496,124.00,81.00,171.64,-3031.30,193823.2500,0.00057373
"test5",6,34,434.00,758.00,127,0.1654,132.00,82.00,200.00,-4000.00,74335.9688,0.00000008
"test5",6,35,435.00,738.00,132,0.1811,138.00,84.00,218.57,-4371.22,764504.5000,0.01238353
"test5",6,36,435.22,733.63,133,0.1811,138.00,84.00,-54.64,-3657.20,98063.9141,0.00404478
"test5",6,37,435.00,719.00,137,0.1890,145.00,87.00,166.67,-3333.33,558646.4375,0.00000009
"test5",6,38,436.00,699.00,143,0.1969,150.00,87.00,334.05,-6681.03,3602231.2500,0.00585899
"test5",6,39,436.33,692.32,144,0.1969,150.00,87.00,416.49,-3079.74,236344.7344,0.00874546
"test5",6,40,438.00,680.00,148,0.2126,154.00,88.00,200.00,-4000.00,247232.3281,0.00000005
"test5",6,41,439.00,660.00,153,0.2126,157.00,89.00,138.26,-2765.38,389693.4375,0.01447466
"test5",6,42,439.41,651.70,156,0.2126,157.00,89.00,-138.26,-3901.29,110499.0547,0.00278902
"test5",6,43,439.00,640.00,159,0.2205,158.00,90.00,0.00,-3600.00,123344.7266,0.00000000
"test5",6,44,439.00,622.00,164,0.2205,158.00,90.00,0.00,-2983.28,253634.1250,0.02496896
"test5",6,45,439.00,613.05,167,0.2205,158.00,90.00,666.67,-3350.06,237326.7813,0.02007396
"test5",6,46,441.00,603.00,170,0.2126,157.00,89.00,0.00,-3600.00,180000.0000,0.00000000
"test5",6,47,441.00,585.00,175,0.2126,156.00,88.00,0.00,-4500.00,750000.0000,0.00000000
"test5",6,48,441.00,576.00,177,0.2126,156.00,88.00,0.00,-3000.00,188561.7969,0.01481481
"test5",6,49,441.00,567.00,180,0.2047,153.00,89.00,400.00,-3400.00,114114.9688,0.00000000
"test5",6,50,443.00,550.00,185,0.2047,150.00,90.00,333.33,-2833.33,157134.8906,0.01515348
"test5",6,51,444.00,541.50,188,0.2047,150.00,90.00,0.00,-3166.67,77777.7500,0.00000000
"test5",6,52,444.00,532.00,191,0.1969,147.00,89.00,0.00,-3400.00,113333.3516,0.00000000
"test5",6,53,444.00,515.00,196,0.1969,144.00,89.00,0.00,-2833.33,111111.0859,0.00000000
"test5",6,54,444.00,506.50,199,0.1969,144.00,89.00,0.00,-2500.00,372677.9688,0.01066667
"test5",6,55,444.00,499.00,202,0.1890,141.00,88.00,200.00,-3600.00,42327.7617,0.00282155
"test5",6,56,445.00,481.00,207,0.1811,139.00,87.00,388.98,-3695.28,131620.7188,0.00000000
"test5",6,57,446.56,466.22,211,0.1811,139.00,87.00,444.09,-4218.87,665269.4375,0.00988904
"test5",6,58,447.00,462.00,212,0.1811,138.00,87.00,200.00,-3600.00,137611.6563,0.00251036
"test5",6,59,448.00,444.00,217,0.1811,137.00,87.00,0.00,-2941.65,129980.4688,0.00000000
"test5",6,60,448.00,429.29,222,0.1811,137.00,87.00,0.00,-2291.75,1178228.5000,0.07615988
"test5",6,61,448.00,427.00,223,0.1732,135.00,86.00,400.00,-3400.00,4422.2246,0.00037672
"test5",6,62,450.00,410.00,228,0.1732,134.00,86.00,377.93,-3401.34,484575.4688,0.00000024
"test5",6,63,451.89,392.99,233,0.1732,134.00,86.00,110.35,-993.29,2609048.5000,0.39798492
"test5",6,64,452.00,392.00,234,0.1732,133.00,86.00,0.00,-3600.00,80000.0000,0.00000000
"test5",6,65,452.00,374.00,239,0.1732,133.00,86.00,0.00,-3200.00,0.0000,0.00000000
"test5",6,66,452.00,358.00,244,0.1732,132.00,86.00,0.00,-3200.00,0.0000,0.00000000
"test5",6,67,452.00,357.72,244,0.1732,132.00,86.00,0.00,-3343.97,121960.7734,0.00596189
"test5",6,68,452.00,341.00,249,0.1732,132.00,87.00,333.33,-2833.33,0.0000,0.00000000
"test5",6,69,454.00,324.00,255,0.1732,132.00,87.00,333.33,-2833.33,0.0000,0.00000000
"test5",6,70,454.25,321.90,255,0.1732,132.00,87.00,150.63,-2780.42,30380.3965,0.00390726
"test5",6,71,455.00,308.00,260,0.1732,131.00,89.00,0.00,-2800.00,262026.3750,0.00000000
"test5",6,72,455.00,294.00,265,0.1811,130.00,90.00,0.00,-1489.87,402500.8125,0.05631373
"test5",6,73,455.00,291.02,267,0.1811,130.00,90.00,250.00,-2255.07,52145.1602,0.00646472
"test5",6,74,456.00,282.00,271,0.1732,129.00,91.00,400.00,-2400.00,115185.5469,0.00000017
"test5",6,75,458.00,270.00,276,0.1811,128.00,93.00,305.31,-1831.91,319049.8750,0.03971874
"test5",6,76,458.61,266.34,278,0.1811,128.00,93.00,129.79,-2445.39,370890.5625,0.00532307
"test5",6,77,459.00,259.00,281,0.1811,127.00,93.00,166.67,-1333.33,27102.2051,0.00000070
"test5",6,78,460.00,251.00,287,0.1811,127.00,95.00,186.84,-1494.69,178731.7188,0.07288923
"test5",6,79,460.37,248.01,289,0.1811,127.00,95.00,-124.56,-1670.21,128615.4453,0.03502786
"test5",6,80,460.00,243.00,292,0.1890,126.00,96.00,-400.00,-1400.00,70641.0859,0.00000013
"test5",6,81,458.00,236.00,297,0.1811,125.00,97.00,-302.97,-1060.38,205951.5156,0.15059000
"test5",6,82,457.09,232.82,300,0.1811,125.00,97.00,302.97,-939.62,168860.0313,0.17005105
"test5",6,83,458.00,230.00,303,0.1811,123.00,97.00,-200.00,-1000.00,33993.4648,0.00000000
"test5",6,84,457.00,225.00,308,0.1811,122.00,96.00,-166.67,-833.33,362177.9063,0.13577271
"test5",6,85,456.50,222.50,311,0.1811,122.00,96.00,-250.00,250.00,294627.8438,0.00000000
"test5",6,86,456.00,223.00,313,0.1732,120.00,93.00,166.67,-166.67,19641.8555,0.00000000
"test5",6,87,457.00,222.00,319,0.1575,117.00,88.00,250.00,-250.00,460223.3438,2.82842708
"test5",6,88,457.50,221.50,321,0.1575,117.00,88.00,1166.67,-166.67,261524.4844,0.01357645
"test5",6,89,461.00,221.00,324,0.1417,115.00,83.00,400.00,0.00,42924.1953,0.00000000
"test5",6,90,463.00,221.00,329,0.1260,113.00,77.00,185.38,0.00,18276.2148,0.00000000
"test5",6,91,463.74,221.00,333,0.1260,113.00,77.00,258.48,0.00,591817.2500,0.00000000
"test5",6,92,464.00,221.00,334,0.1181,111.00,72.00,-333.33,0.00,12756.7705,0.00000000
"test5",6,93,462.00,221.00,340,0.1102,109.00,66.00,-409.87,0.00,12342.4531,0.00000000
"test5",6,94,460.36,221.00,344,0.1102,109.00,66.00,-360.50,0.00,360504.1563,0.00000000
"test5",6,95,460.00,221.00,345,0.0945,108.00,61.00,0.00,0.00,0.0000,0.00000000
"test5",6,96,460.00,221.00,351,0.0866,106.00,57.00,0.00,0.00,0.0000,0.00000000
"test5",6,97,460.00,221.00,355,0.0866,106.00,57.00,0.00,0.00,0.0000,0.00000000
"test5",6,98,460.00,221.00,356,0.0866,105.00,54.00,0.00,0.00,0.0000,0.00000000
"test5",6,99,460.00,221.00,361,0.0787,105.00,51.00,0.00,0.00,0.0000,0.00000000
"test5",6,100,460.00,221.00,366,0.0787,105.00,51.00,0.00,0.00,0.0000,0.00000000
"test5",5,0,301.00,627.00,0,0.1339,104.00,82.00,0.00,0.00,0.0000,0.00000000
"test5",5,1,301.00,627.00,10,0.0079,111.00,2.00,0.00,0.00,0.0000,0.00000000
"test5",5,2,301.00,627.00,15,0.0079,111.00,2.00,0.00,0.00,0.0000,0.00000000
"test5",5,3,301.00,627.00,25,0.0945,105.00,63.00,0.00,0.00,0.0000,0.00000000
"test5",5,4,301.00,627.00,26,0.0079,111.00,2.00,0.00,0.00,0.0000,0.00000000
"test5",5,5,301.00,627.00,36,0.0945,105.00,63.00,0.00,0.00,0.0000,0.00000000
"test5",5,6,301.00,627.00,37,0.0079,111.00,2.00,0.00,0.00,0.0000,0.00000000
"test5",5,7,301.00,627.00,41,0.0945,105.00,60.00,0.00,0.00,0.0000,0.00000000
"test5",5,8,301.00,627.00,47,0.0866,106.00,54.00,0.00,0.00,0.0000,0.00000000
"test5",5,9,301.00,627.00,48,0.0079,111.00,2.00,0.00,0.00,0.0000,0.00000000
"test5",5,10,301.00,627.00,52,0.0079,110.00,2.00,0.00,0.00,0.0000,0.00000000
"test5",5,11,301.00,627.00,57,0.0079,110.00,2.00,0.00,0.00,0.0000,0.00000000
"test5",5,12,301.00,627.00,59,0.0079,111.00,2.00,0.00,0.00,0.0000,0.00000000
"test5",5,13,301.00,627.00,73,0.0079,78.00,2.00,0.00,0.00,0.0000,0.00000000
"test5",5,14,301.00,627.00,79,0.0079,79.00,2.00,0.00,0.00,0.0000,0.00000000
"test5",5,15,301.00,627.00,81,0.0079,111.00,2.00,0.00,0.00,0.0000,0.00000000
"test5",5,16,301.00,627.00,84,0.0079,110.00,2.00,0.00,0.00,0.0000,0.00000000
"test5",5,17,301.00,627.00,87,0.0079,111.00,2.00,0.00,0.00,0.0000,0.00000000
"test5",5,18,301.00,627.00,100,0.0866,93.00,64.00,0.00,0.00,0.0000,0.00000000
"test5",5,19,301.00,627.00,104,0.0079,111.00,2.00,0.00,0.00,0.0000,0.00000000
"test5",5,20,301.00,627.00,105,0.0866,94.00,65.00,0.00,0.00,0.0000,0.00000000
"test5",5,21,301.00,627.00,111,0.1181,123.00,65.00,0.00,0.00,0.0000,0.00000000
"test5",5,22,301.00,627.00,115,0.0079,111.00,2.00,0.00,0.00,447213.5938,0.00000000
"test5",5,23,301.00,627.00,116,0.1417,163.00,57.00,400.00,-200.00,307289.5938,0.70848030
"test5",5,24,303.00,626.00,121,0.1417,164.00,58.00,1936.26,-176.03,124022.7031,0.00000050
"test5",5,25,312.68,625.12,126,0.1417,164.00,58.00,1318.70,-119.87,1311569.0000,0.09295520
"test5",5,26,314.00,625.00,127,0.1417,165.00,59.00,2600.00,-400.00,51931.0000,0.00478636
"test5",5,27,327.00,623.00,132,0.1496,167.00,60.00,2772.48,-594.09,0.0000,0.00000000
"test5",5,28,340.86,620.03,137,0.1496,167.00,60.00,2772.48,-594.09,0.0000,0.00000000
"test5",5,29,341.00,620.00,137,0.1654,171.00,63.00,3400.00,-400.00,54974.7461,0.00465238
"test5",5,30,358.00,618.00,142,0.1811,176.00,66.00,3333.33,-666.67,0.0000,0.00000000
"test5",5,31,378.00,614.00,148,0.1969,181.00,70.00,3333.33,-666.67,0.0000,0.00000000
"test5",5,32,379.26,613.75,148,0.1969,181.00,70.00,3947.97,-749.58,58654.5820,0.00035904
"test5",5,33,399.00,610.00,153,0.2126,187.00,75.00,3666.67,-666.67,0.0000,0.00000000
"test5",5,34,421.00,606.00,159,0.2283,192.00,79.00,3666.67,-666.67,0.0000,0.00000000
"test5",5,35,424.19,605.42,159,0.2283,192.00,79.00,3561.00,-683.81,169400.4219,0.00067108
"test5",5,36,442.00,602.00,164,0.2520,196.00,84.00,4400.00,-800.00,117462.3516,0.00000033
"test5",5,37,464.00,598.00,169,0.2677,198.00,88.00,4977.84,-905.03,1280394.1250,0.00611345
"test5",5,38,468.98,597.09,170,0.2677,198.00,88.00,3755.54,-523.74,105718.2188,0.00060509
"test5",5,39,484.00,595.00,174,0.2835,199.00,92.00,3333.33,-500.00,35953.6875,0.00000027
"test5",5,40,504.00,592.00,180,0.2913,199.00,95.00,3120.00,-468.02,577245.5000,0.00248207
"test5",5,41,510.24,591.06,182,0.2913,199.00,95.00,4253.34,-687.99,475807.3750,0.00664760
"test5",5,42,523.00,589.00,185,0.2913,198.00,97.00,2833.33,-833.33,93747.2813,0.00000036
"test5",5,43,540.00,584.00,191,0.2913,195.00,99.00,3372.96,-992.07,144280.9844,0.00380330
"test5",5,44,546.75,582.02,193,0.2913,195.00,99.00,3084.70,-1005.29,318682.9063,0.02930299
"test5",5,45,556.00,579.00,196,0.2913,192.00,99.00,3600.00,-200.00,120991.7188,0.00000031
"test5",5,46,574.00,578.00,201,0.2835,187.00,99.00,2995.97,-166.46,388889.3750,0.01950738
"test5",5,47,582.99,577.50,204,0.2835,187.00,99.00,4006.04,-750.31,781349.6875,0.00399109
"test5",5,48,591.00,576.00,206,0.2756,182.00,98.00,2500.00,-333.33,210177.0156,0.00000000
"test5",5,49,606.00,574.00,212,0.2598,177.00,96.00,3750.00,-500.00,1644118.3750,0.03231951
"test5",5,50,613.50,573.00,214,0.2598,177.00,96.00,500.00,-1000.00,268741.9063,0.21466252
"test5",5,51,615.00,570.00,217,0.2441,171.00,93.00,1200.00,-600.00,44721.3594,0.00000000
"test5",5,52,621.00,567.00,222,0.2283,165.00,90.00,1000.00,-500.00,351364.1875,0.03975232
"test5",5,53,624.00,565.50,225,0.2283,165.00,90.00,0.00,-166.67,272392.2188,9.59999943
"test5",5,54,624.00,565.00,228,0.2126,159.00,86.00,800.00,0.00,5498.6572,0.00000000
"test5",5,55,628.00,565.00,233,0.1890,153.00,82.00,772.51,0.00,34366.6094,0.00000000
"test5",5,56,631.09,565.00,237,0.1890,153.00,82.00,909.97,0.00,600242.6250,0.20127583
"test5",5,57,632.00,565.00,238,0.1811,149.00,78.00,333.33,166.67,62113.0000,0.00000000
"test5",5,58,634.00,566.00,244,0.1654,144.00,75.00,0.00,0.00,0.0000,0.00000000
"test5",5,59,634.00,566.00,248,0.1654,144.00,75.00,0.00,0.00,0.0000,0.00000000
"test5",5,60,634.00,566.00,249,0.1575,140.00,72.00,0.00,0.00,0.0000,0.00000000
"test5",5,61,634.00,566.00,254,0.1417,136.00,69.00,0.00,0.00,400000.0000,0.00000000
"test5",5,62,634.00,566.00,259,0.1654,144.00,75.00,-2000.00,0.00,1612451.5000,0.05000000
"test5",5,63,632.00,566.00,260,0.1339,132.00,67.00,-400.00,-200.00,40000.0000,0.08944272
"test5",5,64,630.00,565.00,265,0.1260,129.00,65.00,-600.00,-200.00,0.0000,0.00000000
"test5",5,65,627.00,564.00,270,0.1181,127.00,63.00,-600.00,-200.00,0.0000,0.00000000
"test5",5,66,626.91,563.97,270,0.1181,127.00,63.00,-183.00,5.66,30088.8789,0.06153059
"test5",5,67,626.00,564.00,275,0.1181,125.00,63.00,-333.33,0.00,0.0000,0.00000000
"test5",5,68,624.00,564.00,281,0.1181,121.00,64.00,-333.33,0.00,0.0000,0.00000000
"test5",5,69,623.74,564.00,281,0.1181,121.00,64.00,-147.24,0.00,3885.0923,0.00000000
"test5",5,70,623.00,564.00,286,0.1181,121.00,64.00,-166.67,0.00,6269.6660,0.00000000
"test5",5,71,622.00,564.00,292,0.1181,121.00,64.00,-204.28,0.00,272379.5625,0.00000000
"test5",5,72,621.80,564.00,293,0.1181,121.00,64.00,68.09,0.00,0.0000,0.00000000
"test5",5,73,622.00,564.00,296,0.1181,121.00,64.00,68.09,0.00,0.0000,0.00000000
"test5",4,0,498.00,1011.00,0,0.1654,111.00,97.00,0.00,0.00,0.0000,0.00000000
"test5",4,1,498.00,1011.00,10,0.1654,111.00,97.00,0.00,0.00,0.0000,0.00000000
"test5",4,2,498.00,1011.00,16,0.1654,111.00,97.00,0.00,0.00,0.0000,0.00000000
"test5",4,3,498.00,1011.00,16,0.1654,111.00,97.00,0.00,0.00,0.0000,0.00000000
"test5",4,4,498.00,1011.00,21,0.1654,110.00,96.00,0.00,0.00,0.0000,0.00000000
"test5",4,5,498.00,1011.00,26,0.1575,109.00,95.00,0.00,0.00,0.0000,0.00000000
"test5",4,6,498.00,1011.00,27,0.1654,111.00,97.00,0.00,0.00,0.0000,0.00000000
"test5",4,7,498.00,1011.00,32,0.1575,108.00,94.00,0.00,0.00,0.0000,0.00000000
"test5",4,8,498.00,1011.00,37,0.1496,108.00,93.00,0.00,0.00,0.0000,0.00000000
"test5",4,9,498.00,1011.00,38,0.1654,111.00,97.00,0.00,0.00,0.0000,0.00000000
"test5",4,10,498.00,1011.00,42,0.1496,106.00,92.00,0.00,0.00,0.0000,0.00000000
"test5",4,11,498.00,1011.00,48,0.1496,106.00,90.00,0.00,0.00,0.0000,0.00000000
"test5",4,12,498.00,1011.00,49,0.1654,111.00,97.00,0.00,0.00,0.0000,0.00000000
"test5",4,13,498.00,1011.00,53,0.1417,105.00,90.00,0.00,0.00,0.0000,0.00000000
"test5",4,14,498.00,1011.00,58,0.1417,105.00,88.00,0.00,0.00,0.0000,0.00000000
"test5",4,15,498.00,1011.00,60,0.1654,111.00,97.00,0.00,0.00,0.0000,0.00000000
"test5",4,16,498.00,1011.00,64,0.1339,104.00,87.00,0.00,0.00,0.0000,0.00000000
"test5",4,17,498.00,1011.00,69,0.1339,104.00,87.00,0.00,0.00,0.0000,0.00000000
"test5",4,18,498.00,1011.00,71,0.1654,111.00,97.00,0.00,0.00,0.0000,0.00000000
"test5",4,19,498.00,1011.00,74,0.1339,104.00,85.00,0.00,0.00,0.0000,0.00000000
"test5",4,20,498.00,1011.00,80,0.1339,103.00,84.00,0.00,0.00,0.0000,0.00000000
"test5",4,21,498.00,1011.00,82,0.1654,111.00,97.00,0.00,0.00,0.0000,0.00000000
"test5",4,22,498.00,1011.00,85,0.1260,103.00,83.00,0.00,0.00,0.0000,0.00000000
"test5",4,23,498.00,1011.00,90,0.1339,102.00,84.00,0.00,0.00,222222.2344,0.00000000
"test5",4,24,498.00,1011.00,93,0.1654,111.00,97.00,0.00,-666.67,177777.7656,0.00000000
"test5",4,25,498.00,1009.00,96,0.1339,102.00,84.00,0.00,-1200.00,33951.0039,0.02341376
"test5",4,26,498.00,1003.00,101,0.1339,103.00,85.00,168.58,-1180.05,277724.1250,0.00000000
"test5",4,27,498.67,998.28,105,0.1339,103.00,85.00,325.68,-2279.79,289486.9063,0.02133257
"test5",4,28,499.00,996.00,106,0.1339,105.00,87.00,400.00,-2000.00,68347.6875,0.00143317
"test5",4,29,501.00,986.00,111,0.1417,108.00,88.00,304.00,-1672.02,196747.7656,0.00000000
"test5",4,30,502.52,977.64,116,0.1417,108.00,88.00,479.98,-2639.89,268240.8125,0.02236250
"test5",4,31,503.00,975.00,117,0.1575,114.00,89.00,600.00,-2400.00,56055.1250,0.00788033
"test5",4,32,506.00,963.00,122,0.1654,120.00,89.00,331.41,-2319.90,16286.5889,0.00000019
"test5",4,33,507.66,951.40,127,0.1654,120.00,89.00,342.93,-2400.51,1032018.3750,0.01924185
"test5",4,34,508.00,949.00,128,0.1732,127.00,89.00,600.00,-3400.00,67571.7813,0.00144112
"test5",4,35,511.00,932.00,133,0.1811,135.00,89.00,741.37,-3706.86,0.0000,0.00000000
"test5",4,36,514.71,913.47,138,0.1811,135.00,89.00,741.37,-3706.86,0.0000,0.00000000
"test5",4,37,515.00,912.00,138,0.1969,142.00,90.00,1000.00,-4000.00,74535.5859,0.00095112
"test5",4,38,520.00,892.00,143,0.2047,150.00,90.00,833.33,-3666.67,0.0000,0.00000000
"test5",4,39,525.00,870.00,149,0.2205,156.00,91.00,833.33,-3666.67,0.0000,0.00000000
"test5",4,40,525.10,869.57,149,0.2205,156.00,91.00,980.53,-4114.31,191800.7500,0.00085532
"test5",4,41,530.00,849.00,154,0.2283,160.00,92.00,833.33,-3166.67,0.0000,0.00000000
"test5",4,42,535.00,830.00,160,0.2283,162.00,93.00,833.33,-3166.67,0.0000,0.00000000
"test5",4,43,535.47,828.23,160,0.2283,162.00,93.00,906.67,-2845.34,161933.5469,0.00112955
"test5",4,44,540.00,814.00,165,0.2362,163.00,95.00,1200.00,-3600.00,25921.2578,0.00000027
"test5",4,45,546.00,796.00,170,0.2441,162.00,96.00,1159.00,-3477.05,806974.8750,0.05885024
"test5",4,46,547.16,792.52,171,0.2441,162.00,96.00,460.25,-3880.74,193016.9063,0.00339581
"test5",4,47,549.00,777.00,175,0.2362,159.00,97.00,166.67,-3166.67,351166.2188,0.00000005
"test5",4,48,550.00,758.00,181,0.2283,156.00,97.00,277.40,-5270.75,1844815.7500,0.00896185
"test5",4,49,550.28,752.73,182,0.2283,156.00,97.00,430.65,-3432.31,192507.3438,0.01603239
"test5",4,50,552.00,739.00,186,0.2283,153.00,97.00,1200.00,-3400.00,70739.8516,0.00000010
"test5",4,51,558.00,722.00,191,0.2205,149.00,97.00,1082.28,-3066.47,529738.5000,0.02950621
"test5",4,52,560.16,715.87,193,0.2205,149.00,97.00,208.86,-2466.77,319536.9688,0.02012792
"test5",4,53,561.00,706.00,197,0.2126,144.00,96.00,800.00,-3600.00,149927.4844,0.00000005
"test5",4,54,565.00,688.00,202,0.2047,141.00,95.00,962.62,-4331.79,907057.1875,0.01468886
"test5",4,55,566.93,679.34,204,0.2047,141.00,95.00,24.92,-2778.81,109388.6641,0.01335526
"test5",4,56,567.00,671.00,207,0.1969,138.00,93.00,333.33,-2666.67,223951.6094,0.00000000
"test5",4,57,569.00,655.00,213,0.1890,135.00,90.00,500.00,-4000.00,506896.8750,0.00890506
"test5",4,58,570.00,647.00,215,0.1890,135.00,90.00,666.67,-3000.00,173561.0938,0.00842201
"test5",4,59,572.00,638.00,218,0.1811,133.00,90.00,1000.00,-3400.00,118133.6563,0.00000000
"test5",4,60,577.00,621.00,223,0.1811,132.00,89.00,833.33,-2833.33,667823.1250,0.04205536
"test5",4,61,579.50,612.50,226,0.1811,132.00,89.00,250.00,-4750.00,792762.3750,0.00367815
"test5",4,62,580.00,603.00,228,0.1732,131.00,88.00,333.33,-3166.67,37155.5039,0.00361892
"test5",4,63,582.00,584.00,234,0.1732,130.00,88.00,548.60,-3108.70,369745.7188,0.00000061
"test5",4,64,584.19,571.57,238,0.1732,130.00,88.00,805.60,-4565.19,1181290.6250,0.01833078
"test5",4,65,585.00,567.00,239,0.1732,130.00,88.00,1000.00,-3400.00,156370.0938,0.00323525
"test5",4,66,590.00,550.00,244,0.1732,130.00,88.00,981.88,-2618.36,61910.6523,0.00000000
"test5",4,67,594.91,536.91,249,0.1732,130.00,88.00,1090.58,-2908.20,749693.8750,0.07764728
"test5",4,68,596.00,534.00,250,0.1811,131.00,90.00,400.00,-3200.00,30230.6504,0.00258561
"test5",4,69,598.00,518.00,255,0.1811,132.00,91.00,541.98,-3251.86,0.0000,0.00000000
"test5",4,70,600.71,501.74,260,0.1811,132.00,91.00,541.98,-3251.86,0.0000,0.00000000
"test5",4,71,601.00,500.00,260,0.1890,132.00,92.00,1000.00,-3000.00,67257.0156,0.00518116
"test5",4,72,607.00,482.00,266,0.1890,132.00,93.00,786.45,-3342.41,0.0000,0.00000000
"test5",4,73,610.93,465.29,271,0.1890,132.00,93.00,786.45,-3342.41,0.0000,0.00000000
"test5",4,74,611.00,465.00,271,0.1890,132.00,94.00,500.00,-2666.67,132054.0313,0.00361623
"test5",4,75,614.00,449.00,277,0.1890,132.00,95.00,800.00,-3400.00,0.0000,0.00000000
"test5",4,76,618.00,432.00,282,0.1890,131.00,96.00,800.00,-3400.00,0.0000,0.00000000
"test5",4,77,618.31,430.68,282,0.1890,131.00,96.00,537.79,-3135.60,96883.0781,0.00423497
"test5",4,78,621.00,415.00,287,0.1890,130.00,96.00,400.00,-3600.00,167189.7188,0.00000010
"test5",4,79,623.00,397.00,292,0.1890,131.00,96.00,307.68,-2769.17,529899.1250,0.02276196
"test5",4,80,623.31,394.23,293,0.1890,131.00,96.00,538.46,-3246.17,60684.5898,0.00430082
"test5",4,81,626.00,378.00,298,0.1890,131.00,96.00,800.00,-3400.00,178405.7656,0.00000040
"test5",4,82,630.00,361.00,303,0.1890,129.00,95.00,1004.33,-4268.31,2206589.0000,0.00536141
"test5",4,83,631.00,356.73,304,0.1890,129.00,95.00,399.13,-2146.34,170732.5156,0.00651351
"test5",4,84,633.00,346.00,309,0.1811,129.00,93.00,400.00,-3000.00,384821.0000,0.00000000
"test5",4,85,635.00,331.00,314,0.1732,128.00,90.00,654.30,-4907.23,2384999.0000,0.01011087
"test5",4,86,635.65,326.09,315,0.1732,128.00,90.00,586.43,-2523.19,19499.2305,0.00015520
"test5",4,87,638.00,316.00,319,0.1732,127.00,88.00,600.00,-2600.00,146171.2500,0.00000026
"test5",4,88,641.00,303.00,324,0.1654,126.00,87.00,435.67,-1887.86,314675.1875,0.03106134
"test5",4,89,642.31,297.34,327,0.1654,126.00,87.00,-102.34,-1112.14,169986.9531,0.13582927
"test5",4,90,642.00,294.00,330,0.1654,126.00,87.00,400.00,-1200.00,42163.6992,0.00000000
"test5",4,91,644.00,288.00,335,0.1575,123.00,84.00,333.33,-1000.00,55555.5547,0.04743417
"test5",4,92,645.00,285.00,338,0.1575,123.00,84.00,500.00,-1000.00,0.0000,0.00000000
"test5",4,93,646.00,283.00,340,0.1496,121.00,83.00,500.00,-1000.00,93169.5078,0.00000000
"test5",4,94,649.00,277.00,346,0.1496,118.00,82.00,750.00,-1500.00,522081.8438,0.10600620
"test5",4,95,650.50,274.00,348,0.1496,118.00,82.00,-166.67,-1000.00,139221.8281,0.10663719
"test5",4,96,650.00,271.00,351,0.1417,116.00,82.00,200.00,-800.00,27487.3652,0.00000000
"test5",4,97,651.00,267.00,356,0.1417,114.00,82.00,166.67,-666.67,248452.0000,0.11413441
"test5",4,98,651.50,265.00,359,0.1417,114.00,82.00,-166.67,0.00,55555.5586,0.00000000
"test5",4,99,651.00,265.00,362,0.1417,112.00,83.00,0.00,0.00,37048.3398,0.00000000
"test5",4,100,651.00,265.00,367,0.1417,111.00,84.00,0.00,-185.24,18447.8750,0.00000000
"test5",4,101,651.00,264.26,371,0.1417,111.00,84.00,0.00,-259.03,92366.5313,0.00000000
"test5",4,102,651.00,264.00,372,0.1417,111.00,86.00,0.00,-166.67,27777.7793,0.00000000
"test5",4,103,651.00,263.00,378,0.1417,111.00,87.00,0.00,0.00,0.0000,0.00000000
"test5",4,104,651.00,263.00,382,0.1417,111.00,87.00,0.00,0.00,0.0000,0.00000000
"test5",4,105,651.00,263.00,383,0.1496,111.00,89.00,0.00,0.00,0.0000,0.00000000
"test5",4,106,651.00,263.00,388,0.1496,111.00,90.00,0.00,0.00,200000.0000,0.00000000
"test5",4,107,651.00,263.00,393,0.1417,111.00,87.00,-1000.00,0.00,800000.0000,0.00000000
"test5",4,108,650.00,263.00,394,0.1575,111.00,92.00,-200.00,0.00,40000.0000,0.00000000
"test5",4,109,649.00,263.00,399,0.1575,111.00,93.00,0.00,0.00,0.0000,0.00000000
"test5",4,110,649.00,263.00,404,0.1575,111.00,93.00,0.00,0.00,0.0000,0.00000000
"test5",4,111,649.00,263.00,404,0.1575,111.00,94.00,166.67,0.00,27777.7793,0.00000000
"test5",4,112,650.00,263.00,410,0.1575,111.00,94.00,0.00,0.00,0.0000,0.00000000
"test5",4,113,650.00,263.00,414,0.1575,111.00,94.00,0.00,0.00,0.0000,0.00000000
"test5",3,0,713.00,865.00,0,0.1575,108.00,96.00,0.00,0.00,0.0000,0.00000000
"test5",3,1,713.00,865.00,10,0.1575,108.00,96.00,0.00,0.00,0.0000,0.00000000
"test5",3,2,713.00,865.00,15,0.1575,108.00,95.00,0.00,0.00,0.0000,0.00000000
"test5",3,3,713.00,865.00,18,0.1575,108.00,95.00,0.00,0.00,0.0000,0.00000000
"test5",3,4,713.00,865.00,20,0.1496,108.00,93.00,0.00,0.00,0.0000,0.00000000
"test5",3,5,713.00,865.00,26,0.1496,107.00,90.00,0.00,0.00,0.0000,0.00000000
"test5",3,6,713.00,865.00,28,0.1575,108.00,95.00,0.00,0.00,0.0000,0.00000000
"test5",3,7,713.00,865.00,31,0.1417,106.00,89.00,0.00,0.00,0.0000,0.00000000
"test5",3,8,713.00,865.00,36,0.1339,105.00,87.00,0.00,0.00,0.0000,0.00000000
"test5",3,9,713.00,865.00,40,0.1575,108.00,95.00,0.00,0.00,0.0000,0.00000000
"test5",3,10,713.00,865.00,42,0.1339,105.00,85.00,0.00,0.00,0.0000,0.00000000
"test5",3,11,713.00,865.00,47,0.1339,105.00,83.00,0.00,0.00,0.0000,0.00000000
"test5",3,12,713.00,865.00,50,0.1575,108.00,95.00,0.00,0.00,0.0000,0.00000000
"test5",3,13,713.00,865.00,52,0.1260,104.00,80.00,0.00,0.00,0.0000,0.00000000
"test5",3,14,713.00,865.00,58,0.1181,104.00,77.00,0.00,0.00,0.0000,0.00000000
"test5",3,15,713.00,865.00,60,0.1575,108.00,95.00,0.00,0.00,0.0000,0.00000000
"test5",3,16,713.00,865.00,63,0.1181,103.00,74.00,0.00,0.00,0.0000,0.00000000
"test5",3,17,713.00,865.00,68,0.1102,102.00,72.00,0.00,0.00,0.0000,0.00000000
"test5",3,18,713.00,865.00,73,0.1575,108.00,95.00,0.00,0.00,0.0000,0.00000000
"test5",3,19,713.00,865.00,74,0.1024,102.00,69.00,0.00,0.00,0.0000,0.00000000
"test5",3,20,713.00,865.00,79,0.1024,102.00,69.00,0.00,0.00,0.0000,0.00000000
"test5",3,21,713.00,865.00,84,0.1575,108.00,95.00,0.00,0.00,0.0000,0.00000000
"test5",3,22,713.00,865.00,84,0.1024,101.00,70.00,0.00,0.00,105409.2500,0.00000000
"test5",3,23,713.00,865.00,90,0.1102,101.00,72.00,-200.00,-600.00,0.0000,0.00000000
"test5",3,24,712.00,862.00,95,0.1102,101.00,74.00,-200.00,-600.00,0.0000,0.00000000
"test5",3,25,711.97,861.92,95,0.1102,101.00,74.00,5.43,-1183.72,29943.2285,0.00087334
"test5",3,26,712.00,856.00,100,0.1181,102.00,77.00,0.00,-1333.33,0.0000,0.00000000
"test5",3,27,712.00,848.00,106,0.1260,105.00,80.00,0.00,-1333.33,0.0000,0.00000000
"test5",3,28,712.00,847.13,106,0.1260,105.00,80.00,0.00,-1825.49,121665.7266,0.01200333
"test5",3,29,712.00,838.00,111,0.1339,111.00,82.00,200.00,-2400.00,60286.0313,0.00000070
"test5",3,30,713.00,826.00,116,0.1496,117.00,84.00,174.99,-2099.61,350366.3125,0.05238911
"test5",3,31,713.17,823.90,117,0.1496,117.00,84.00,-35.00,-2380.08,204104.4219,0.00176454
"test5",3,32,713.00,812.00,122,0.1575,125.00,85.00,0.00,-3400.00,259135.7500,0.00000000
"test5",3,33,713.00,795.00,127,0.1732,133.00,87.00,0.00,-4695.68,904821.1875,0.01133818
"test5",3,34,713.00,790.30,128,0.1732,133.00,87.00,250.00,-3826.08,124936.0156,0.00086774
"test5",3,35,714.00,775.00,132,0.1890,141.00,87.00,166.67,-3333.33,14782.2070,0.00000009
"test5",3,36,715.00,755.00,138,0.1969,150.00,87.00,162.23,-3244.75,807439.1875,0.01655894
"test5",3,37,715.32,748.51,140,0.1969,150.00,87.00,-108.15,-4836.83,347486.0625,0.00120975
"test5",3,38,715.00,734.00,143,0.2126,156.00,88.00,0.00,-3800.00,201292.3281,0.00000000
"test5",3,39,715.00,715.00,148,0.2205,160.00,88.00,0.00,-2793.54,26529.9473,0.00000000
"test5",3,40,715.00,706.62,151,0.2205,160.00,88.00,0.00,-2873.13,308957.2813,0.00000000
"test5",3,41,715.00,698.00,154,0.2205,162.00,88.00,0.00,-3800.00,126666.6484,0.00000000
"test5",3,42,715.00,679.00,159,0.2205,164.00,87.00,0.00,-3166.67,527777.7500,0.00000000
"test5",3,43,715.00,669.50,162,0.2205,164.00,87.00,0.00,-4750.00,791666.6250,0.00000000
"test5",3,44,715.00,660.00,164,0.2126,163.00,87.00,0.00,-3166.67,263888.8750,0.00000000
"test5",3,45,715.00,641.00,170,0.2126,162.00,85.00,0.00,-4750.00,958333.3750,0.00000000
"test5",3,46,715.00,631.50,172,0.2126,162.00,85.00,0.00,-2833.33,322222.2500,0.00000000
"test5",3,47,715.00,623.00,175,0.2047,160.00,84.00,0.00,-3800.00,136379.3906,0.00000000
"test5",3,48,715.00,604.00,180,0.1969,157.00,82.00,0.00,-3118.10,88577.2734,0.00000000
"test5",3,49,715.00,591.53,184,0.1969,157.00,82.00,0.00,-2763.79,118103.0313,0.00000000
"test5",3,50,715.00,586.00,186,0.1890,155.00,81.00,0.00,-3000.00,108060.9922,0.00880364
"test5",3,51,715.00,571.00,191,0.1811,151.00,79.00,396.16,-3367.40,41029.7578,0.00000010
"test5",3,52,716.58,557.53,195,0.1811,151.00,79.00,415.34,-3530.40,440612.2188,0.01618171
"test5",3,53,717.00,554.00,196,0.1811,148.00,79.00,166.67,-3166.67,96159.1641,0.00323979
"test5",3,54,718.00,535.00,202,0.1732,145.00,79.00,0.00,-3719.02,398780.8125,0.00000000
"test5",3,55,718.00,520.12,206,0.1732,145.00,79.00,0.00,-2123.90,785563.0625,0.08867298
"test5",3,56,718.00,518.00,207,0.1732,142.00,79.00,-400.00,-2800.00,128539.6563,0.00812094
"test5",3,57,716.00,504.00,212,0.1732,139.00,80.00,0.00,-2296.95,356337.8750,0.00000000
"test5",3,58,716.00,492.52,217,0.1732,139.00,80.00,0.00,-515.26,2122768.5000,1.50663888
"test5",3,59,716.00,492.00,218,0.1654,135.00,80.00,400.00,-2600.00,80000.0000,0.01142626
"test5",3,60,718.00,479.00,223,0.1654,133.00,81.00,0.00,-2600.00,0.0000,0.00000000
"test5",3,61,718.00,466.00,228,0.1654,132.00,82.00,0.00,-2600.00,0.0000,0.00000000
"test5",3,62,718.00,465.21,228,0.1654,132.00,82.00,0.00,-2041.60,74987.0156,0.00000000
"test5",3,63,718.00,455.00,233,0.1654,132.00,83.00,0.00,-1666.67,24237.7324,0.00000000
"test5",3,64,718.00,445.00,239,0.1654,130.00,83.00,0.00,-1521.24,292348.2500,0.10803001
"test5",3,65,718.00,443.48,240,0.1654,130.00,83.00,-250.00,-1369.69,142969.9844,0.00684844
"test5",3,66,717.00,438.00,244,0.1575,127.00,82.00,-200.00,-800.00,67684.9688,0.00000000
"test5",3,67,716.00,434.00,249,0.1496,124.00,81.00,-117.92,-471.68,136336.7500,0.25650287
"test5",3,68,715.76,433.06,251,0.1496,124.00,81.00,58.96,-264.16,85244.0156,0.44604227
"test5",3,69,716.00,432.00,255,0.1496,120.00,81.00,0.00,-600.00,20585.9375,0.00000000
"test5",3,70,716.00,429.00,260,0.1417,117.00,81.00,0.00,-497.07,80891.9219,0.00000000
"test5",3,71,716.00,428.01,262,0.1417,117.00,81.00,0.00,-335.29,111762.1563,0.00000000
"test5",3,72,716.00,427.00,265,0.1339,113.00,81.00,0.00,0.00,0.0000,0.00000000
"test5",3,73,716.00,427.00,271,0.1339,109.00,82.00,0.00,0.00,0.0000,0.00000000
"test5",3,74,716.00,427.00,273,0.1339,109.00,82.00,0.00,0.00,0.0000,0.00000000
"test5",3,75,716.00,427.00,276,0.1339,106.00,83.00,0.00,0.00,0.0000,0.00000000
"test5",3,76,716.00,427.00,281,0.1339,103.00,84.00,0.00,0.00,248452.0000,0.00000000
"test5",3,77,716.00,427.00,284,0.1339,109.00,82.00,333.33,-666.67,226623.0938,0.10733128
"test5",3,78,717.00,425.00,287,0.1260,100.00,85.00,200.00,0.00,10000.0000,0.00000000
"test5",3,79,718.00,425.00,292,0.1260,98.00,86.00,250.00,0.00,125000.0000,0.00000000
"test5",3,80,718.50,425.00,294,0.1260,98.00,86.00,0.00,0.00,0.0000,0.00000000
"test5",3,81,718.50,425.00,297,0.1260,96.00,87.00,0.00,0.00,0.0000,0.00000000
"test5",3,82,718.50,425.00,303,0.1260,94.00,87.00,0.00,0.00,0.0000,0.00000000
"test5",3,83,718.50,425.00,305,0.1260,98.00,86.00,0.00,0.00,0.0000,0.00000000
"test5",3,84,718.50,425.00,308,0.1260,93.00,88.00,0.00,0.00,0.0000,0.00000000
"test5",3,85,718.50,425.00,313,0.1181,91.00,87.00,0.00,0.00,0.0000,0.00000000
"test5",3,86,718.50,425.00,318,0.1181,91.00,87.00,0.00,0.00,0.0000,0.00000000
"test5",2,0,388.00,1002.00,0,0.1417,99.00,97.00,0.00,0.00,0.0000,0.00000000
"test5",2,1,388.00,1002.00,10,0.1417,99.00,97.00,0.00,0.00,0.0000,0.00000000
"test5",2,2,388.00,1002.00,15,0.1417,99.00,97.00,0.00,0.00,0.0000,0.00000000
"test5",2,3,388.00,1002.00,18,0.1417,99.00,97.00,0.00,0.00,0.0000,0.00000000
"test5",2,4,388.00,1002.00,21,0.1417,99.00,97.00,0.00,0.00,0.0000,0.00000000
"test5",2,5,388.00,1002.00,26,0.1496,100.00,97.00,0.00,0.00,0.0000,0.00000000
"test5",2,6,388.00,1002.00,31,0.1417,99.00,97.00,0.00,0.00,0.0000,0.00000000
"test5",2,7,388.00,1002.00,31,0.1496,100.00,97.00,0.00,0.00,0.0000,0.00000000
"test5",2,8,388.00,1002.00,37,0.1496,101.00,97.00,0.00,0.00,0.0000,0.00000000
"test5",2,9,388.00,1002.00,39,0.1417,99.00,97.00,0.00,0.00,0.0000,0.00000000
"test5",2,10,388.00,1002.00,42,0.1496,101.00,97.00,0.00,0.00,0.0000,0.00000000
"test5",2,11,388.00,1002.00,47,0.1496,101.00,97.00,0.00,0.00,0.0000,0.00000000
"test5",2,12,388.00,1002.00,53,0.1496,102.00,97.00,0.00,0.00,0.0000,0.00000000
"test5",2,13,388.00,1002.00,53,0.1417,99.00,97.00,0.00,0.00,0.0000,0.00000000
"test5",2,14,388.00,1002.00,58,0.1496,102.00,97.00,0.00,0.00,0.0000,0.00000000
"test5",2,15,388.00,1002.00,63,0.1496,101.00,96.00,0.00,0.00,0.0000,0.00000000
"test5",2,16,388.00,1002.00,64,0.1417,99.00,97.00,0.00,0.00,0.0000,0.00000000
"test5",2,17,388.00,1002.00,69,0.1496,101.00,96.00,0.00,0.00,0.0000,0.00000000
"test5",2,18,388.00,1002.00,71,0.1417,99.00,97.00,0.00,0.00,0.0000,0.00000000
"test5",2,19,388.00,1002.00,74,0.1496,101.00,96.00,0.00,0.00,0.0000,0.00000000
"test5",2,20,388.00,1002.00,75,0.1417,99.00,97.00,0.00,0.00,0.0000,0.00000000
"test5",2,21,388.00,1002.00,79,0.1496,100.00,96.00,0.00,0.00,0.0000,0.00000000
"test5",2,22,388.00,1002.00,85,0.1339,101.00,90.00,0.00,0.00,0.0000,0.00000000
"test5",2,23,388.00,1002.00,86,0.1417,99.00,97.00,0.00,0.00,0.0000,0.00000000
"test5",2,24,388.00,1002.00,90,0.1417,102.00,90.00,0.00,0.00,0.0000,0.00000000
"test5",2,25,388.00,1002.00,95,0.1339,102.00,88.00,0.00,0.00,0.0000,0.00000000
"test5",2,26,388.00,1002.00,97,0.1417,99.00,97.00,0.00,0.00,158113.8750,0.00000000
"test5",2,27,388.00,1002.00,101,0.1339,103.00,85.00,200.00,-600.00,6582.6099,0.00000241
"test5",2,28,389.00,999.00,106,0.1260,106.00,81.00,210.40,-631.23,1037871.3125,1.90479589
"test5",2,29,389.42,997.74,108,0.1260,106.00,81.00,2193.06,-1245.85,177440.0000,0.01001641
"test5",2,30,396.00,994.00,111,0.1339,111.00,78.00,1666.67,-1166.67,169535.5156,0.00000000
"test5",2,31,406.00,987.00,117,0.1339,117.00,76.00,2500.00,-1750.00,93169.5469,0.00879713
"test5",2,32,411.00,983.50,119,0.1339,117.00,76.00,2333.33,-1833.33,155951.9063,0.01190640
"test5",2,33,418.00,978.00,122,0.1496,128.00,76.00,2800.00,-1800.00,110955.4609,0.00000000
"test5",2,34,432.00,969.00,127,0.1654,140.00,78.00,2333.33,-1500.00,647883.6250,0.00260293
"test5",2,35,439.00,964.50,130,0.1654,140.00,78.00,4000.00,-2500.00,166666.6719,0.00635205
"test5",2,36,451.00,957.00,133,0.1811,153.00,79.00,4000.00,-3000.00,166666.6719,0.00000000
"test5",2,37,471.00,942.00,138,0.2047,165.00,81.00,3333.33,-2500.00,981699.8750,0.01152000
"test5",2,38,481.00,934.50,141,0.2047,165.00,81.00,6000.00,-3750.00,707548.5625,0.00000000
"test5",2,39,493.00,927.00,143,0.2205,177.00,82.00,4800.00,-3000.00,307003.2188,0.00064167
"test5",2,40,517.00,912.00,148,0.2441,187.00,84.00,3555.71,-2101.10,154655.3125,0.00000028
"test5",2,41,534.78,901.49,153,0.2441,187.00,84.00,4221.44,-2494.51,434438.4063,0.01269470
"test5",2,42,539.00,899.00,154,0.2598,195.00,86.00,3800.00,-2600.00,55613.3750,0.00043619
"test5",2,43,558.00,886.00,159,0.2598,199.00,87.00,3547.60,-2483.33,0.0000,0.00000000
"test5",2,44,575.74,873.58,164,0.2598,199.00,87.00,3547.60,-2483.33,0.0000,0.00000000
"test5",2,45,578.00,872.00,164,0.2756,202.00,89.00,3333.33,-2000.00,98659.7500,0.00184713
"test5",2,46,598.00,860.00,170,0.2835,202.00,90.00,3906.36,-2148.51,0.0000,0.00000000
"test5",2,47,617.53,849.26,175,0.2835,202.00,90.00,3906.36,-2148.51,0.0000,0.00000000
"test5",2,48,618.00,849.00,175,0.2756,201.00,90.00,3800.00,-2600.00,227547.2969,0.00525891
"test5",2,49,637.00,836.00,180,0.2756,198.00,90.00,2666.67,-2500.00,0.0000,0.00000000
"test5",2,50,653.00,821.00,186,0.2677,193.00,90.00,2666.67,-2500.00,0.0000,0.00000000
"test5",2,51,654.16,819.91,186,0.2677,193.00,90.00,2768.08,-2382.57,63581.1445,0.00020239
"test5",2,52,668.00,808.00,191,0.2598,188.00,91.00,3000.00,-2600.00,148170.6563,0.00000078
"test5",2,53,683.00,795.00,196,0.2520,182.00,91.00,2440.19,-2114.75,355935.5313,0.01063637
"test5",2,54,685.44,792.89,197,0.2520,182.00,91.00,2111.96,-1977.05,216949.3594,0.00363506
"test5",2,55,696.00,783.00,202,0.2441,176.00,90.00,3000.00,-2600.00,105225.0313,0.00000008
"test5",2,56,711.00,770.00,207,0.2283,171.00,88.00,3397.58,-2944.58,726227.5625,0.03364616
"test5",2,57,714.40,767.06,208,0.2283,171.00,88.00,3650.60,-2263.85,161930.6094,0.00150167
"test5",2,58,729.00,758.00,212,0.2283,166.00,88.00,3166.67,-1833.33,557535.5625,0.00000010
"test5",2,59,748.00,747.00,218,0.2205,162.00,88.00,6061.71,-3509.40,4044218.7500,0.00324961
"test5",2,60,754.06,743.49,219,0.2205,162.00,88.00,2484.57,-1622.65,140365.1094,0.01329347
"test5",2,61,764.00,737.00,223,0.2126,159.00,88.00,3000.00,-1400.00,15955.3281,0.00000017
"test5",2,62,779.00,730.00,228,0.2126,158.00,87.00,2927.70,-1366.27,246455.4531,0.00506478
"test5",2,63,784.86,727.27,230,0.2126,158.00,87.00,2536.15,-1066.86,185687.7656,0.00164006
"test5",2,64,795.00,723.00,234,0.2047,156.00,84.00,3200.00,-1400.00,129288.9766,0.00000031
"test5",2,65,811.00,716.00,239,0.1890,154.00,81.00,2607.75,-1140.91,209189.1406,0.00471332
"test5",2,66,818.82,712.58,242,0.1890,154.00,81.00,2088.38,-788.64,482924.3438,0.00557856
"test5",2,67,823.00,711.00,244,0.1732,151.00,76.00,1166.67,-500.00,105774.6328,0.00000000
"test5",2,68,830.00,708.00,250,0.1575,147.00,72.00,1750.00,-750.00,818620.1250,0.13885278
"test5",2,69,833.50,706.50,252,0.1575,147.00,72.00,166.67,-1166.67,218298.6719,0.15612920
"test5",2,70,834.00,703.00,255,0.1575,144.00,70.00,800.00,-1000.00,42687.4922,0.00000000
"test5",2,71,838.00,698.00,260,0.1496,139.00,70.00,666.67,-833.33,400616.8125,0.03047294
"test5",2,72,840.00,695.50,263,0.1496,139.00,70.00,0.00,166.67,139221.8281,2.39999986
"test5",2,73,840.00,696.00,266,0.1417,135.00,71.00,200.00,-200.00,40250.5039,0.31392324
"test5",2,74,841.00,695.00,271,0.1339,99.00,91.00,0.00,-177.58,28022.7656,0.00000000
"test5",2,75,841.00,694.29,275,0.1339,99.00,91.00,0.00,-289.67,441612.3438,3.97249365
"test5",2,76,841.00,694.00,276,0.1339,99.00,91.00,-333.33,0.00,10352.2383,0.00000000
"test5",2,77,839.00,694.00,282,0.1339,99.00,91.00,-395.45,0.00,5691.5283,0.00000000
"test5",2,78,837.42,694.00,286,0.1339,99.00,91.00,-418.21,0.00,581787.1250,0.00000000
"test5",2,79,837.00,694.00,287,0.1339,101.00,89.00,-1000.00,0.00,9902.3438,0.00000000
"test5",2,80,832.00,694.00,292,0.1339,102.00,89.00,-1049.51,0.00,59414.0625,0.00000000
"test5",2,81,826.75,694.00,297,0.1339,102.00,89.00,-752.44,0.00,352441.4063,0.00000000
"test5",2,82,826.00,694.00,298,0.1339,102.00,89.00,-400.00,0.00,2783.2031,0.00000000
"test5",2,83,824.00,694.00,303,0.1339,102.00,87.00,-386.08,0.00,0.0000,0.00000000
"test5",2,84,822.07,694.00,308,0.1339,102.00,87.00,-386.08,0.00,0.0000,0.00000000
"test5",2,85,822.00,694.00,308,0.1339,102.00,86.00,-166.67,0.00,27777.7793,0.00000000
"test5",2,86,821.00,694.00,314,0.1339,102.00,84.00,0.00,0.00,0.0000,0.00000000
"test5",2,87,821.00,694.00,318,0.1339,102.00,84.00,0.00,0.00,0.0000,0.00000000
"test5",1,0,278.00,561.00,0,0.0079,104.00,9.00,0.00,0.00,0.0000,0.00000000
"test5",1,1,278.00,561.00,15,0.0079,105.00,9.00,0.00,0.00,0.0000,0.00000000
"test5",1,2,278.00,561.00,22,0.0079,105.00,9.00,0.00,0.00,0.0000,0.00000000
"test5",1,3,278.00,561.00,31,0.0079,105.00,9.00,0.00,0.00,0.0000,0.00000000
"test5",1,4,278.00,561.00,39,0.0079,105.00,9.00,0.00,0.00,0.0000,0.00000000
"test5",1,5,278.00,561.00,41,0.0079,105.00,9.00,0.00,0.00,0.0000,0.00000000
"test5",1,6,278.00,561.00,44,0.0079,105.00,9.00,0.00,0.00,0.0000,0.00000000
"test5",1,7,278.00,561.00,63,0.0079,105.00,9.00,0.00,0.00,0.0000,0.00000000
"test5",1,8,278.00,561.00,74,0.0079,105.00,9.00,0.00,0.00,0.0000,0.00000000
"test5",1,9,278.00,561.00,78,0.0079,105.00,9.00,0.00,0.00,0.0000,0.00000000
"test5",1,10,278.00,561.00,79,0.1024,102.00,66.00,0.00,0.00,0.0000,0.00000000
"test5",1,11,278.00,561.00,84,0.1024,102.00,67.00,0.00,0.00,0.0000,0.00000000
"test5",1,12,278.00,561.00,89,0.0079,105.00,9.00,0.00,0.00,0.0000,0.00000000
"test5",1,13,278.00,561.00,89,0.1024,102.00,67.00,166.67,-500.00,186051.3750,0.41927698
"test5",1,14,279.00,558.00,95,0.1024,105.00,67.00,1104.89,-1104.88,0.0000,0.00000000
"test5",1,15,284.52,552.48,100,0.1024,105.00,67.00,1104.89,-1104.88,0.0000,0.00000000
"test5",1,16,285.00,552.00,100,0.1102,108.00,68.00,1333.33,-1166.67,178902.6875,0.00499497
"test5",1,17,293.00,545.00,106,0.1181,114.00,69.00,2200.00,-1800.00,0.0000,0.00000000
"test5",1,18,304.00,536.00,111,0.1339,123.00,72.00,2200.00,-1800.00,0.0000,0.00000000
"test5",1,19,304.09,535.93,111,0.1339,123.00,72.00,2582.98,-1786.08,65858.9766,0.00068063
"test5",1,20,317.00,527.00,116,0.1496,132.00,74.00,2833.33,-2000.00,0.0000,0.00000000
"test5",1,21,334.00,515.00,122,0.1654,143.00,76.00,2833.33,-2000.00,0.0000,0.00000000
"test5",1,22,335.76,513.68,122,0.1654,143.00,76.00,3648.80,-2736.60,172502.5156,0.00192284
"test5",1,23,354.00,500.00,127,0.1811,154.00,78.00,4200.00,-3400.00,133333.3281,0.00016900
"test5",1,24,375.00,483.00,132,0.2047,165.00,81.00,3666.67,-3000.00,160246.7031,0.00208989
"test5",1,25,397.00,465.00,138,0.2283,175.00,84.00,4200.00,-3800.00,367987.3750,0.00000012
"test5",1,26,418.00,446.00,143,0.2362,183.00,85.00,5564.39,-5034.42,3013623.7500,0.00689791
"test5",1,27,423.56,440.97,144,0.2362,183.00,85.00,3608.90,-2741.39,105585.6328,0.00315331
"test5",1,28,438.00,430.00,148,0.2441,188.00,85.00,3500.00,-2333.33,744163.3125,0.00000000
"test5",1,29,459.00,416.00,154,0.2520,190.00,86.00,7215.09,-4810.06,4739647.5000,0.00184423
"test5",1,30,466.22,411.19,155,0.2520,190.00,86.00,3196.23,-2297.49,202570.7656,0.00540145
"test5",1,31,479.00,402.00,159,0.2520,191.00,86.00,3600.00,-3000.00,48678.2578,0.00000009
"test5",1,32,497.00,387.00,164,0.2520,190.00,86.00,3786.97,-3155.82,130305.3516,0.00439110
"test5",1,33,504.57,380.69,166,0.2520,190.00,86.00,3808.69,-2896.12,290221.9375,0.00426505
"test5",1,34,516.00,372.00,169,0.2441,188.00,85.00,3333.33,-2166.67,331301.7188,0.00000000
"test5",1,35,536.00,359.00,175,0.2362,185.00,83.00,5000.00,-3250.00,1509806.0000,0.00373297
"test5",1,36,546.00,352.50,177,0.2362,185.00,83.00,2333.33,-1833.33,151127.4531,0.00467751
"test5",1,37,553.00,347.00,180,0.2205,180.00,81.00,2600.00,-2200.00,113529.2266,0.00000000
"test5",1,38,566.00,336.00,185,0.2126,174.00,80.00,2166.67,-1833.33,111111.1250,0.01052947
"test5",1,39,572.50,330.50,188,0.2126,174.00,80.00,2166.67,-1500.00,84619.6719,0.00242863
"test5",1,40,579.00,326.00,191,0.2047,168.00,81.00,2400.00,-1600.00,117612.1250,0.00552178
"test5",1,41,591.00,318.00,196,0.2047,163.00,82.00,1822.16,-1490.84,10834.5518,0.00000132
"test5",1,42,598.29,312.04,200,0.2047,163.00,82.00,1855.68,-1518.31,222431.7656,0.00000199
"test5",1,43,602.00,309.00,202,0.2047,158.00,84.00,2200.00,-1800.00,173179.7656,0.00485105
"test5",1,44,613.00,300.00,207,0.2047,152.00,86.00,1671.33,-1114.23,193302.0469,0.00000282
"test5",1,45,619.69,295.54,211,0.2047,152.00,86.00,2314.70,-1543.09,1956938.1250,0.02150423
"test5",1,46,622.00,294.00,212,0.0945,87.00,72.00,600.00,-600.00,122996.1875,0.00000239
"test5",1,47,625.00,291.00,217,0.0551,85.00,45.00,165.15,-165.14,2586.0703,0.00019165
"test5",1,48,625.83,290.17,222,0.0551,85.00,45.00,174.26,-174.32,176207.2500,2.32828736
"test5",1,49,626.00,290.00,223,0.0551,86.00,45.00,200.00,0.00,54453.3984,0.92370605
"test5",1,50,627.00,290.00,228,0.0551,88.00,45.00,0.00,-184.74,0.0000,0.00000000
"test5",1,51,627.00,289.08,233,0.0551,88.00,45.00,0.00,-184.74,0.0000,0.00000000
"test5",1,52,627.00,289.00,233,0.0551,91.00,45.00,0.00,0.00,0.0000,0.00000000
"test5",1,53,627.00,289.00,239,0.0630,95.00,45.00,0.00,0.00,0.0000,0.00000000
"test5",1,54,627.00,289.00,244,0.0472,90.00,39.00,0.00,0.00,0.0000,0.00000000
"test5",1,55,627.00,289.00,244,0.0472,90.00,39.00,-200.00,0.00,42687.4961,0.83333337
"test5",1,56,626.00,289.00,249,0.0472,90.00,39.00,-333.33,-166.67,0.0000,0.00000000
"test5",1,57,624.00,288.00,255,0.0472,90.00,39.00,-333.33,-166.67,0.0000,0.00000000
"test5",1,58,623.82,287.91,255,0.0472,90.00,39.00,-363.20,-181.59,47503.7227,0.10847966
"test5",1,59,622.00,287.00,260,0.0472,90.00,39.00,-600.00,-200.00,7245.6089,0.00002895
"test5",1,60,619.00,286.00,265,0.0472,91.00,39.00,-565.61,-188.60,479458.2188,0.35575545
"test5",1,61,618.43,285.81,266,0.0472,91.00,39.00,-86.88,-162.28,36814.4414,0.00000000
"test5",1,62,618.00,285.00,271,0.0394,98.00,28.00,0.00,0.00,0.0000,0.00000000
"test5",1,63,618.00,285.00,276,0.0394,99.00,28.00,0.00,0.00,0.0000,0.00000000
"test5",1,64,618.00,285.00,277,0.0394,99.00,28.00,0.00,0.00,0.0000,0.00000000
"test5",1,65,618.00,285.00,280,0.0394,99.00,28.00,0.00,0.00,0.0000,0.00000000
