method,gesture_index,point_index,x,y,time_offset_ms,pressure,touch_major,touch_minor,vx_px_s,vy_px_s,accel_px_s2,curvature
"test2",50,0,604.00,1202.00,0,0.1575,104.00,99.00,0.00,0.00,0.0000,0.00000000
"test2",50,1,604.00,1202.00,6,0.2598,137.00,124.00,0.00,0.00,0.0000,0.00000000
"test2",50,2,604.00,1202.00,11,0.2677,138.00,124.00,0.00,0.00,0.0000,0.00000000
"test2",50,3,604.00,1202.00,13,0.2677,138.00,124.00,0.00,0.00,0.0000,0.00000000
"test2",50,4,604.00,1202.00,16,0.2677,138.00,125.00,0.00,0.00,0.0000,0.00000000
"test2",50,5,604.00,1202.00,21,0.2677,139.00,125.00,0.00,0.00,0.0000,0.00000000
"test2",50,6,604.00,1202.00,24,0.2677,138.00,124.00,0.00,0.00,0.0000,0.00000000
"test2",50,7,604.00,1202.00,27,0.3386,158.00,138.00,0.00,0.00,113137.0859,0.00000000
"test2",50,8,604.00,1202.00,32,0.3386,159.00,138.00,-400.00,-400.00,0.0000,0.00000000
"test2",50,9,602.00,1200.00,37,0.3386,159.00,138.00,-400.00,-400.00,0.0000,0.00000000
"test2",50,10,601.98,1199.98,37,0.3386,159.00,138.00,-395.28,-1795.29,214587.1250,0.00247614
"test2",50,11,600.00,1191.00,42,0.3465,162.00,138.00,-666.67,-2833.33,0.0000,0.00000000
"test2",50,12,596.00,1174.00,48,0.3543,167.00,138.00,-666.67,-2833.33,0.0000,0.00000000
"test2",50,13,595.75,1172.93,48,0.3543,167.00,138.00,-549.62,-3585.91,216378.3906,0.00323362
"test2",50,14,593.00,1155.00,53,0.3701,175.00,139.00,-500.00,-4666.67,0.0000,0.00000000
"test2",50,15,590.00,1127.00,59,0.4016,186.00,140.00,-500.00,-4666.67,0.0000,0.00000000
"test2",50,16,589.60,1123.24,59,0.4016,186.00,140.00,-719.52,-6848.83,633465.9375,0.00272862
"test2",50,17,586.00,1089.00,64,0.4409,203.00,141.00,-400.00,-10000.00,210715.4844,0.00000006
"test2",50,18,584.00,1039.00,69,0.4882,222.00,142.00,-442.14,-11052.73,981896.3125,0.00277682
"test2",50,19,583.56,1027.95,70,0.4882,222.00,142.00,-139.47,-11986.82,259995.3125,0.00109580
"test2",50,20,583.00,980.00,74,0.5512,245.00,144.00,500.00,-11166.67,146943.4063,0.00000001
"test2",50,21,586.00,913.00,80,0.5984,269.00,144.00,460.57,-10285.89,4083921.0000,0.00886078
"test2",50,22,586.92,892.43,82,0.5984,269.00,144.00,2692.95,-18142.74,848146.1875,0.00027881
"test2",50,23,595.00,838.00,85,0.6535,293.00,145.00,2600.00,-15600.00,888237.8125,0.00000000
"test2",50,24,608.00,760.00,90,0.7165,315.00,146.00,1869.87,-11219.24,9478328.0000,0.00000000
"test2",50,25,613.61,726.34,93,0.7165,315.00,146.00,-2804.81,16828.86,0.0000,0.00000000
"test2",50,26,608.00,760.00,95,0.7165,315.00,146.00,-2804.81,16828.86,0.0000,0.00000000
"test2",49,0,615.00,1257.00,0,0.2283,123.00,121.00,0.00,0.00,0.0000,0.00000000
"test2",49,1,615.00,1257.00,10,0.2362,124.00,122.00,0.00,0.00,0.0000,0.00000000
"test2",49,2,615.00,1257.00,16,0.2362,126.00,122.00,0.00,0.00,707106.7500,0.00000000
"test2",49,3,615.00,1257.00,18,0.2362,126.00,122.00,-1000.00,-1000.00,229061.4219,0.05892558
"test2",49,4,612.00,1254.00,21,0.2441,131.00,123.00,-1166.67,-1666.67,328044.4688,0.01267942
"test2",49,5,605.00,1244.00,27,0.2677,138.00,124.00,-2022.90,-3438.93,56464.1641,0.00000006
"test2",49,6,596.91,1230.24,31,0.2677,138.00,124.00,-1908.39,-3244.26,763470.0625,0.03364081
"test2",49,7,595.00,1227.00,32,0.2913,149.00,126.00,-1800.00,-4000.00,251139.9688,0.00523971
"test2",49,8,586.00,1207.00,37,0.3228,162.00,129.00,-1812.29,-5255.64,0.0000,0.00000000
"test2",49,9,576.94,1180.72,42,0.3228,162.00,129.00,-1812.29,-5255.64,0.0000,0.00000000
"test2",49,10,576.00,1178.00,42,0.3622,178.00,132.00,-1333.33,-6166.67,339071.0000,0.00152637
"test2",49,11,568.00,1141.00,48,0.4016,195.00,135.00,-1400.00,-8200.00,0.0000,0.00000000
"test2",49,12,561.00,1100.00,53,0.4567,213.00,138.00,-1400.00,-8200.00,0.0000,0.00000000
"test2",49,13,560.92,1099.51,53,0.4567,213.00,138.00,-583.26,-9301.95,200069.0313,0.00043475
"test2",49,14,558.00,1053.00,58,0.4961,229.00,141.00,-333.33,-8333.33,0.0000,0.00000000
"test2",49,15,556.00,1003.00,64,0.5512,244.00,145.00,-333.33,-8333.33,0.0000,0.00000000
"test2",49,16,555.79,997.78,64,0.5512,244.00,145.00,41.78,-9555.30,272828.7188,0.00121081
"test2",49,17,556.00,950.00,69,0.5906,257.00,148.00,600.00,-10800.00,51216.3242,0.00000003
"test2",49,18,559.00,896.00,74,0.6220,267.00,151.00,585.82,-10544.31,1979922.3750,0.00716200
"test2",49,19,559.59,885.46,75,0.6220,267.00,151.00,1282.84,-8691.14,571983.3125,0.00132618
"test2",49,20,566.00,842.00,80,0.6535,274.00,153.00,2200.00,-11400.00,1206681.1250,0.00000002
"test2",49,21,577.00,785.00,85,0.6772,279.00,156.00,3343.26,-17324.10,7436194.0000,0.00236555
"test2",49,22,580.34,767.68,86,0.6772,279.00,156.00,2664.18,-9918.98,235713.8125,0.00022701
"test2",49,23,591.00,728.00,90,0.6929,281.00,158.00,3000.00,-10800.00,21598.3242,0.00000001
"test2",49,24,606.00,674.00,95,0.6929,281.00,159.00,3028.90,-10904.05,1678179.5000,0.00334367
"test2",49,25,612.06,652.19,97,0.6929,281.00,159.00,2985.55,-7547.97,693567.4375,0.00082757
"test2",49,26,624.00,622.00,101,0.6929,279.00,160.00,3800.00,-10200.00,544242.6250,0.00000000
"test2",49,27,643.00,571.00,106,0.6850,274.00,160.00,4750.00,-12750.00,13606065.0000,0.00000000
"test2",49,28,652.50,545.50,108,0.6850,274.00,160.00,-4750.00,12750.00,0.0000,0.00000000
"test2",49,29,643.00,571.00,110,0.6850,274.00,160.00,-4750.00,12750.00,0.0000,0.00000000
"test2",48,0,576.00,1075.00,0,0.2913,147.00,131.00,-181.82,-636.36,490831.1875,0.18245631
"test2",48,1,574.00,1068.00,11,0.2992,149.00,132.00,-800.00,-6000.00,466199.4688,0.00000011
"test2",48,2,570.00,1038.00,16,0.3150,155.00,133.00,-1108.09,-8310.55,968083.1250,0.00376069
"test2",48,3,568.89,1029.69,17,0.3150,155.00,133.00,-722.98,-7422.36,82690.1875,0.00110408
"test2",48,4,566.00,1000.00,21,0.3465,167.00,135.00,-500.00,-7666.67,4706.1938,0.00000002
"test2",48,5,563.00,954.00,27,0.3937,184.00,138.00,-498.17,-7638.49,3310597.0000,0.00789821
"test2",48,6,562.00,938.72,29,0.3937,184.00,138.00,-1.22,-14241.01,693356.6250,0.00065916
"test2",48,7,562.00,896.00,32,0.4409,205.00,141.00,400.00,-12200.00,633479.8750,0.00000000
"test2",48,8,564.00,835.00,37,0.5039,227.00,143.00,296.20,-9034.30,984956.3750,0.00539208
"test2",48,9,564.89,807.90,40,0.5039,227.00,143.00,1703.80,-11632.37,258206.8125,0.00051598
"test2",48,10,570.00,773.00,43,0.5591,247.00,146.00,1600.00,-12400.00,416760.0625,0.00000000
"test2",48,11,578.00,711.00,48,0.6063,264.00,148.00,1333.33,-10333.33,1565444.8750,0.00496102
"test2",48,12,582.00,680.00,51,0.6063,264.00,148.00,3500.00,-14500.00,2467848.5000,0.00036408
"test2",48,13,589.00,651.00,53,0.6457,277.00,150.00,2500.00,-9666.67,832059.1250,0.00000000
"test2",48,14,604.00,593.00,59,0.6772,286.00,153.00,3750.00,-14500.00,3117212.7500,0.00146349
"test2",48,15,611.50,564.00,61,0.6772,286.00,153.00,2833.33,-8333.33,585525.0625,0.00190645
"test2",48,16,620.00,539.00,64,0.7008,291.00,155.00,3800.00,-9800.00,350364.8125,0.00000000
"test2",48,17,639.00,490.00,69,0.7087,290.00,156.00,3166.67,-8166.67,196418.5000,0.00223208
"test2",48,18,648.50,465.50,72,0.7087,290.00,156.00,3750.00,-8250.00,4531142.5000,0.00000000
"test2",48,19,656.00,449.00,74,0.6929,285.00,156.00,0.00,0.00,0.0000,0.00000000
"test2",48,20,656.00,449.00,79,0.6929,285.00,156.00,0.00,0.00,0.0000,0.00000000
"test2",47,0,607.00,1204.00,0,0.2598,137.00,124.00,0.00,0.00,0.0000,0.00000000
"test2",47,1,607.00,1204.00,11,0.2677,138.00,125.00,0.00,0.00,0.0000,0.00000000
"test2",47,2,607.00,1204.00,15,0.2677,138.00,125.00,0.00,0.00,372678.0313,0.00000000
"test2",47,3,607.00,1204.00,16,0.3150,153.00,135.00,-166.67,-333.33,225604.1094,0.12158618
"test2",47,4,606.00,1202.00,22,0.3228,153.00,136.00,-679.70,-1585.97,252910.0469,0.00000074
"test2",47,5,603.28,1195.66,26,0.3228,153.00,136.00,-281.19,-656.13,1628713.0000,0.25762886
"test2",47,6,603.00,1195.00,27,0.3228,154.00,136.00,-800.00,-2200.00,109172.5469,0.00060569
"test2",47,7,599.00,1184.00,32,0.3307,156.00,136.00,-970.86,-2718.43,490703.9688,0.00000081
"test2",47,8,594.15,1170.41,37,0.3307,156.00,136.00,-145.69,-407.84,3743688.5000,1.14936686
"test2",47,9,594.00,1170.00,38,0.3386,162.00,136.00,-1200.00,-4000.00,320000.0000,0.00527244
"test2",47,10,588.00,1150.00,43,0.3622,168.00,138.00,-1200.00,-5600.00,797368.3750,0.00000010
"test2",47,11,582.00,1122.00,48,0.3858,178.00,138.00,-364.62,-1701.66,5247033.5000,0.04609862
"test2",47,12,581.64,1120.30,49,0.3858,178.00,138.00,-1327.08,-6859.67,388897.7500,0.00202108
"test2",47,13,575.00,1086.00,54,0.4173,191.00,140.00,-1200.00,-8800.00,661229.3750,0.00000000
"test2",47,14,569.00,1042.00,59,0.4488,206.00,141.00,-753.30,-5524.17,5598067.5000,0.03042707
"test2",47,15,568.25,1036.48,60,0.4488,206.00,141.00,-561.68,-11118.96,532806.1875,0.00024436
"test2",47,16,566.00,992.00,64,0.4882,222.00,143.00,-333.33,-9000.00,407607.4063,0.00000005
"test2",47,17,564.00,938.00,70,0.5276,237.00,145.00,-423.83,-11443.97,781719.6875,0.00592644
"test2",47,18,563.58,926.56,71,0.5276,237.00,145.00,355.96,-11389.01,169430.8750,0.00122681
"test2",47,19,565.00,881.00,75,0.5669,250.00,147.00,1000.00,-11600.00,502827.3438,0.00000001
"test2",47,20,570.00,823.00,80,0.6063,262.00,148.00,784.06,-9095.15,690086.4375,0.00435444
"test2",47,21,571.57,804.81,82,0.6063,262.00,148.00,1607.97,-10202.42,425936.5313,0.00078765
"test2",47,22,578.00,764.00,86,0.6299,271.00,150.00,2200.00,-11800.00,122449.7422,0.00000002
"test2",47,23,589.00,705.00,91,0.6457,277.00,151.00,2087.80,-11198.12,457652.0313,0.00346698
"test2",47,24,593.18,682.60,93,0.6457,277.00,151.00,2941.47,-10867.92,293124.5313,0.00023717
"test2",47,25,602.00,650.00,96,0.6614,279.00,153.00,2800.00,-10000.00,346153.5313,0.00000000
"test2",47,26,616.00,600.00,101,0.6693,279.00,154.00,2333.33,-8333.33,1006153.6875,0.00502913
"test2",47,27,623.00,575.00,104,0.6693,279.00,154.00,2666.67,-5333.33,1987616.0000,0.00000000
"test2",47,28,631.00,559.00,107,0.6535,274.00,153.00,0.00,0.00,0.0000,0.00000000
"test2",47,29,631.00,559.00,111,0.6535,274.00,153.00,0.00,0.00,0.0000,0.00000000
"test2",46,0,555.00,969.00,0,0.3150,154.00,132.00,-90.91,-1000.00,527337.4375,0.05550881
"test2",46,1,554.00,958.00,11,0.3228,156.00,132.00,0.00,-6800.00,235830.0781,0.00000000
"test2",46,2,554.00,924.00,16,0.3386,164.00,133.00,0.00,-5620.85,2038199.3750,0.00395645
"test2",46,3,554.00,912.76,18,0.3386,164.00,133.00,250.00,-9689.58,799892.2500,0.00178159
"test2",46,4,555.00,874.00,22,0.3701,178.00,135.00,1000.00,-12800.00,294777.4688,0.00000001
"test2",46,5,560.00,810.00,27,0.4252,200.00,136.00,1114.81,-14269.41,745644.9375,0.00354851
"test2",46,6,562.23,781.46,29,0.4252,200.00,136.00,2590.13,-14487.06,79443.4141,0.00028737
"test2",46,7,570.00,738.00,32,0.4803,225.00,138.00,2800.00,-14600.00,495535.5625,0.00000000
"test2",46,8,584.00,665.00,37,0.5433,250.00,141.00,2333.33,-12166.67,248452.1250,0.00155841
"test2",46,9,591.00,628.50,40,0.5433,250.00,141.00,3000.00,-11833.33,707717.7500,0.00065349
"test2",46,10,600.00,593.00,43,0.6142,273.00,144.00,3800.00,-13800.00,477121.0000,0.00000000
"test2",46,11,619.00,524.00,48,0.6693,292.00,147.00,3166.67,-11500.00,1657847.0000,0.00319173
"test2",46,12,628.50,489.50,51,0.6693,292.00,147.00,5750.00,-15750.00,2846172.0000,0.00038011
"test2",46,13,640.00,458.00,53,0.7165,307.00,150.00,4000.00,-10333.33,923376.1250,0.00000000
"test2",46,14,664.00,396.00,59,0.7480,316.00,152.00,6000.00,-15500.00,4042311.0000,0.00174236
"test2",46,15,676.00,365.00,61,0.7480,316.00,152.00,4000.00,-7666.67,444444.5000,0.00274928
"test2",46,16,688.00,342.00,64,0.7559,319.00,153.00,4000.00,-9000.00,707106.7500,0.00680387
"test2",46,17,700.00,315.00,67,0.7559,319.00,153.00,5500.00,-7500.00,878139.2500,0.00327993
"test2",46,18,711.00,300.00,69,0.7559,315.00,155.00,4059.52,-6495.24,140388.3281,0.00000000
"test2",46,19,727.24,274.02,73,0.7559,315.00,155.00,3761.90,-6019.04,2072085.6250,0.00385728
"test2",46,20,731.00,268.00,74,0.7480,307.00,156.00,2833.33,-4166.67,101779.0313,0.00135853
"test2",46,21,748.00,243.00,80,0.7165,294.00,156.00,2681.40,-3575.20,0.0000,0.00000000
"test2",46,22,761.41,225.12,85,0.7165,294.00,156.00,2681.40,-3575.20,0.0000,0.00000000
"test2",46,23,763.00,223.00,85,0.6693,278.00,154.00,0.00,0.00,0.0000,0.00000000
"test2",46,24,763.00,223.00,89,0.6693,278.00,154.00,0.00,0.00,0.0000,0.00000000
"test2",45,0,560.00,1173.00,0,0.2441,136.00,117.00,0.00,0.00,65555.4844,0.00000000
"test2",45,1,560.00,1173.00,11,0.3071,155.00,129.00,-400.00,-600.00,3160.8179,0.00000651
"test2",45,2,558.00,1170.00,16,0.3150,156.00,130.00,-408.75,-613.16,1328848.5000,0.82986557
"test2",45,3,557.18,1168.77,18,0.3150,156.00,130.00,-1045.62,-3193.42,210787.4531,0.01072547
"test2",45,4,553.00,1156.00,22,0.3150,158.00,131.00,-800.00,-4000.00,143368.1094,0.00000010
"test2",45,5,549.00,1136.00,27,0.3307,163.00,132.00,-659.42,-3297.08,2104989.0000,0.01156561
"test2",45,6,547.02,1126.11,30,0.3307,163.00,132.00,-1510.86,-9554.38,1424498.0000,0.00218464
"test2",45,7,544.00,1107.00,32,0.3543,172.00,135.00,-666.67,-6833.33,572148.0000,0.00000000
"test2",45,8,540.00,1066.00,38,0.3937,185.00,138.00,-1000.00,-10250.00,515388.1875,0.00480636
"test2",45,9,538.00,1045.50,40,0.3937,185.00,138.00,0.00,-10500.00,504424.8438,0.00060469
"test2",45,10,538.00,1014.00,43,0.4331,201.00,141.00,-200.00,-12000.00,400055.5625,0.00000000
"test2",45,11,537.00,954.00,48,0.4961,221.00,144.00,-166.67,-10000.00,867805.5625,0.00566431
"test2",45,12,536.50,924.00,51,0.4961,221.00,144.00,1500.00,-12000.00,600925.1875,0.00028270
"test2",45,13,541.00,888.00,54,0.5433,241.00,147.00,1600.00,-13800.00,463081.4688,0.00000000
"test2",45,14,549.00,819.00,59,0.6063,261.00,150.00,1333.33,-11500.00,458122.8438,0.00319852
"test2",45,15,553.00,784.50,62,0.6063,261.00,150.00,2666.67,-11833.33,533911.8125,0.00004358
"test2",45,16,561.00,749.00,65,0.6614,279.00,152.00,3000.00,-13400.00,686585.7500,0.00000000
"test2",45,17,576.00,682.00,70,0.6929,292.00,153.00,3750.00,-16750.00,3625239.5000,0.00282604
"test2",45,18,583.50,648.50,72,0.6929,292.00,153.00,3833.33,-9500.00,768676.9375,0.00224274
"test2",45,19,595.00,620.00,75,0.7244,300.00,155.00,4000.00,-11800.00,581559.3750,0.00084421
"test2",45,20,615.00,561.00,80,0.7402,304.00,156.00,3711.08,-8906.59,0.0000,0.00000000
"test2",45,21,633.56,516.47,85,0.7402,304.00,156.00,3711.08,-8906.59,0.0000,0.00000000
"test2",45,22,635.00,513.00,85,0.7323,303.00,156.00,3333.33,-6833.33,111249.9297,0.00176971
"test2",45,23,655.00,472.00,91,0.7244,298.00,156.00,4000.00,-6800.00,0.0000,0.00000000
"test2",45,24,675.00,438.00,96,0.6929,289.00,155.00,4000.00,-6800.00,0.0000,0.00000000
"test2",45,25,675.44,437.25,96,0.6929,289.00,155.00,-110.67,188.14,0.0000,0.00000000
"test2",45,26,675.00,438.00,100,0.6929,289.00,155.00,-110.67,188.14,0.0000,0.00000000
"test2",44,0,559.00,1140.00,0,0.2441,138.00,117.00,0.00,0.00,0.0000,0.00000000
"test2",44,1,559.00,1140.00,11,0.2520,139.00,118.00,0.00,0.00,0.0000,0.00000000
"test2",44,2,559.00,1140.00,17,0.2520,140.00,119.00,0.00,0.00,559017.0000,0.00000000
"test2",44,3,559.00,1140.00,18,0.2520,140.00,119.00,-250.00,-500.00,385073.0313,0.28621671
"test2",44,4,558.00,1138.00,22,0.2598,141.00,121.00,-600.00,-2000.00,19919.6777,0.00000000
"test2",44,5,555.00,1128.00,27,0.2756,144.00,125.00,-571.38,-1904.60,452230.8438,0.01514021
"test2",44,6,553.86,1124.19,29,0.2756,144.00,125.00,-714.31,-2797.70,202600.8438,0.00927252
"test2",44,7,551.00,1113.00,33,0.2992,150.00,129.00,-600.00,-3600.00,77786.8906,0.00000000
"test2",44,8,548.00,1095.00,38,0.3307,160.00,132.00,-663.94,-3983.64,848639.0625,0.01175942
"test2",44,9,546.67,1087.03,40,0.3307,160.00,132.00,-557.37,-5677.57,179322.0156,0.00277307
"test2",44,10,545.00,1070.00,43,0.3622,173.00,136.00,-333.33,-6166.67,514639.0938,0.00000000
"test2",44,11,543.00,1033.00,49,0.4173,190.00,141.00,-500.00,-9250.00,93169.4219,0.00094349
"test2",44,12,542.00,1014.50,51,0.4173,190.00,141.00,-333.33,-9166.67,555666.5625,0.00155484
"test2",44,13,541.00,987.00,54,0.4724,210.00,144.00,0.00,-10800.00,360000.0000,0.00000000
"test2",44,14,541.00,933.00,59,0.5354,232.00,148.00,0.00,-9000.00,993808.0625,0.00548697
"test2",44,15,541.00,906.00,62,0.5354,232.00,148.00,1333.33,-11666.67,378430.7188,0.00015097
"test2",44,16,545.00,871.00,65,0.5984,255.00,151.00,1400.00,-12800.00,429211.0938,0.00000000
"test2",44,17,552.00,807.00,70,0.6614,276.00,154.00,1166.67,-10666.67,2279978.5000,0.00544101
"test2",44,18,555.50,775.00,73,0.6614,276.00,154.00,3750.00,-17000.00,2982879.2500,0.00005923
"test2",44,19,563.00,741.00,75,0.7244,296.00,156.00,2500.00,-11166.67,471462.9688,0.00051206
"test2",44,20,578.00,674.00,81,0.7717,312.00,158.00,3504.32,-13811.16,530230.7500,0.00000003
"test2",44,21,592.02,618.76,85,0.7717,312.00,158.00,2982.73,-11755.37,1322211.1250,0.00529148
"test2",44,22,595.00,607.00,86,0.7953,323.00,159.00,4000.00,-12600.00,292254.5938,0.00065048
"test2",44,23,615.00,544.00,91,0.8268,330.00,160.00,4134.41,-11144.92,0.0000,0.00000000
"test2",44,24,635.67,488.28,96,0.8268,330.00,160.00,4134.41,-11144.92,0.0000,0.00000000
"test2",44,25,638.00,482.00,96,0.8268,332.00,160.00,4000.00,-9166.67,69610.9531,0.00006109
"test2",44,26,662.00,427.00,102,0.8110,329.00,159.00,3800.00,-8800.00,0.0000,0.00000000
"test2",44,27,681.00,383.00,107,0.7795,321.00,157.00,3800.00,-8800.00,0.0000,0.00000000
"test2",44,28,681.63,381.54,107,0.7795,321.00,157.00,-157.27,364.20,0.0000,0.00000000
"test2",44,29,681.00,383.00,111,0.7795,321.00,157.00,-157.27,364.20,0.0000,0.00000000
"test2",43,0,556.00,1219.00,0,0.2126,135.00,105.00,0.00,0.00,0.0000,0.00000000
"test2",43,1,556.00,1219.00,10,0.2756,159.00,114.00,0.00,0.00,0.0000,0.00000000
"test2",43,2,556.00,1219.00,16,0.3228,160.00,131.00,0.00,0.00,559017.0000,0.00000000
"test2",43,3,556.00,1219.00,17,0.3228,160.00,131.00,-500.00,-250.00,232923.7344,0.59628469
"test2",43,4,554.00,1218.00,21,0.3307,161.00,132.00,-666.67,-1166.67,227733.5000,0.00000138
"test2",43,5,550.00,1211.00,27,0.3307,161.00,132.00,-1344.60,-2353.03,434738.9688,0.05488733
"test2",43,6,548.66,1208.65,28,0.3307,161.00,132.00,-913.85,-2411.74,101151.1719,0.00917198
"test2",43,7,545.00,1199.00,32,0.3307,162.00,133.00,-800.00,-2800.00,194273.5313,0.00000007
"test2",43,8,541.00,1185.00,37,0.3465,166.00,134.00,-533.14,-1866.01,1065499.1250,0.03647258
"test2",43,9,539.40,1179.40,40,0.3465,166.00,134.00,-1800.19,-4800.66,388574.5625,0.01157557
"test2",43,10,534.00,1165.00,43,0.3622,172.00,136.00,-1200.00,-5800.00,232373.0313,0.00000000
"test2",43,11,528.00,1136.00,48,0.3937,182.00,138.00,-964.60,-4662.23,2614973.5000,0.02209773
"test2",43,12,525.11,1122.01,51,0.3937,182.00,138.00,-1053.10,-12506.65,2270233.2500,0.00054916
"test2",43,13,523.00,1097.00,53,0.4173,194.00,139.00,-500.00,-8000.00,667967.5000,0.00000000
"test2",43,14,520.00,1049.00,59,0.4567,208.00,141.00,-750.00,-12000.00,882901.0000,0.00165407
"test2",43,15,518.50,1025.00,61,0.4567,208.00,141.00,-166.67,-10333.33,699647.3125,0.00124821
"test2",43,16,518.00,994.00,64,0.4961,224.00,142.00,200.00,-12400.00,413387.1563,0.00000000
"test2",43,17,519.00,932.00,69,0.5354,240.00,144.00,166.67,-10333.33,711458.4375,0.00513378
"test2",43,18,519.50,901.00,72,0.5354,240.00,144.00,1833.33,-11666.67,713277.8125,0.00039800
"test2",43,19,525.00,866.00,75,0.5748,255.00,147.00,2000.00,-13800.00,464805.8125,0.00000000
"test2",43,20,535.00,797.00,80,0.6220,270.00,149.00,1666.67,-11500.00,2361111.0000,0.00593072
"test2",43,21,540.00,762.50,83,0.6220,270.00,149.00,5000.00,-17750.00,3256670.5000,0.00010299
"test2",43,22,550.00,727.00,85,0.6614,282.00,151.00,3166.67,-11500.00,507175.0000,0.00068781
"test2",43,23,569.00,658.00,91,0.6850,291.00,153.00,4525.45,-14222.84,1341710.3750,0.00000001
"test2",43,24,587.10,601.11,95,0.6850,291.00,153.00,2898.19,-9108.64,3258124.0000,0.00606832
"test2",43,25,590.00,592.00,96,0.7087,295.00,154.00,4400.00,-12000.00,2556247.2500,0.00000000
"test2",43,26,612.00,532.00,101,0.7087,296.00,154.00,0.00,0.00,0.0000,0.00000000
"test2",43,27,612.00,532.00,105,0.7087,296.00,154.00,0.00,0.00,0.0000,0.00000000
"test2",42,0,571.00,1084.00,0,0.2283,141.00,104.00,0.00,0.00,0.0000,0.00000000
"test2",42,1,571.00,1084.00,10,0.3780,168.00,145.00,0.00,0.00,353553.3750,0.00000000
"test2",42,2,571.00,1084.00,12,0.3780,168.00,145.00,-500.00,-500.00,553398.5625,0.49497476
"test2",42,3,569.00,1082.00,16,0.3780,169.00,146.00,-1200.00,-2600.00,143178.2188,0.00000000
"test2",42,4,563.00,1069.00,21,0.3858,171.00,146.00,-1500.00,-3250.00,384147.6563,0.02725581
"test2",42,5,560.00,1062.50,23,0.3858,171.00,146.00,-1000.00,-3833.33,474666.8750,0.00089353
"test2",42,6,557.00,1051.00,26,0.3937,174.00,147.00,-1400.00,-5200.00,179505.4688,0.00000000
"test2",42,7,550.00,1025.00,31,0.4173,182.00,147.00,-1166.67,-4333.33,1116652.7500,0.01967089
"test2",42,8,546.50,1012.00,34,0.4173,182.00,147.00,-833.33,-7666.67,467327.6250,0.00322209
"test2",42,9,544.00,989.00,37,0.4331,192.00,147.00,-400.00,-9000.00,300296.1563,0.00000000
"test2",42,10,542.00,944.00,42,0.4724,204.00,149.00,-333.33,-7500.00,895806.5000,0.00266973
"test2",42,11,541.00,921.50,45,0.4724,204.00,149.00,0.00,-10166.67,496033.5625,0.00128998
"test2",42,12,541.00,891.00,48,0.5118,219.00,150.00,400.00,-11600.00,386896.4375,0.00000000
"test2",42,13,543.00,833.00,53,0.5512,235.00,152.00,333.33,-9666.67,2758264.7500,0.00853371
"test2",42,14,544.00,804.00,56,0.5512,235.00,152.00,3000.00,-17500.00,3219946.2500,0.00012655
"test2",42,15,550.00,769.00,58,0.5906,251.00,153.00,1833.33,-11166.67,505770.3125,0.00089905
"test2",42,16,561.00,702.00,64,0.6378,265.00,155.00,2993.71,-13970.67,37491.9727,0.00000001
"test2",42,17,572.97,646.12,68,0.6378,265.00,155.00,3025.15,-14117.31,1015013.9375,0.00428871
"test2",42,18,576.00,632.00,69,0.6693,277.00,156.00,4000.00,-14400.00,325900.0625,0.00056235
"test2",42,19,596.00,560.00,74,0.7008,287.00,157.00,4202.69,-12783.15,778742.1250,0.00000003
"test2",42,20,617.01,496.08,79,0.7008,287.00,157.00,2986.57,-9084.23,4795346.0000,0.00133809
"test2",42,21,620.00,487.00,80,0.7244,295.00,158.00,4600.00,-13600.00,329848.4375,0.00086509
"test2",42,22,643.00,419.00,85,0.7402,300.00,159.00,5000.00,-12000.00,0.0000,0.00000000
"test2",42,23,668.00,359.00,90,0.7480,302.00,159.00,5000.00,-12000.00,0.0000,0.00000000
"test2",42,24,668.35,358.16,90,0.7480,302.00,159.00,5529.70,-10031.27,530006.1250,0.00014299
"test2",42,25,696.00,308.00,95,0.7402,300.00,159.00,4333.33,-7666.67,0.0000,0.00000000
"test2",42,26,722.00,262.00,101,0.7165,294.00,156.00,4333.33,-7666.67,0.0000,0.00000000
"test2",42,27,725.01,256.67,101,0.7165,294.00,156.00,-753.63,1333.37,0.0000,0.00000000
"test2",42,28,722.00,262.00,105,0.7165,294.00,156.00,-753.63,1333.37,0.0000,0.00000000
"test2",41,0,529.00,1117.00,0,0.2992,149.00,132.00,0.00,0.00,101980.3906,0.00000000
"test2",41,1,529.00,1117.00,10,0.3071,150.00,132.00,-200.00,-1000.00,33993.4648,0.00000000
"test2",41,2,528.00,1112.00,15,0.3071,150.00,133.00,-166.67,-833.33,2139069.5000,0.54309088
"test2",41,3,527.50,1109.50,18,0.3071,150.00,133.00,-250.00,-7250.00,1625534.1250,0.00185545
"test2",41,4,527.00,1095.00,20,0.3228,154.00,135.00,-333.33,-4000.00,402360.0000,0.00110173
"test2",41,5,525.00,1071.00,26,0.3386,162.00,137.00,-427.49,-6412.32,516548.0313,0.00000006
"test2",41,6,523.29,1045.35,30,0.3386,162.00,137.00,-290.04,-4350.71,3850344.7500,0.01819216
"test2",41,7,523.00,1041.00,31,0.3701,173.00,139.00,-200.00,-8200.00,177947.5469,0.00065719
"test2",41,8,522.00,1000.00,36,0.4173,188.00,142.00,0.00,-9066.97,1080361.3750,0.00000000
"test2",41,9,522.00,954.67,41,0.4173,188.00,142.00,0.00,-3665.16,7146043.0000,0.02977651
"test2",41,10,522.00,951.00,42,0.4567,205.00,145.00,400.00,-10800.00,178885.4375,0.00063376
"test2",41,11,524.00,897.00,47,0.5118,224.00,147.00,800.00,-11600.00,0.0000,0.00000000
"test2",41,12,528.00,839.00,52,0.5669,242.00,150.00,800.00,-11600.00,0.0000,0.00000000
"test2",41,13,528.05,838.24,52,0.5669,242.00,150.00,1491.30,-9707.21,442207.5000,0.00089790
"test2",41,14,537.00,780.00,58,0.6142,258.00,153.00,2400.00,-12200.00,1229106.6250,0.00000004
"test2",41,15,549.00,719.00,63,0.6535,273.00,155.00,1213.75,-6170.04,7462575.5000,0.02725631
"test2",41,16,550.21,712.83,64,0.6535,273.00,155.00,3696.56,-13207.49,408969.3750,0.00096419
"test2",41,17,565.00,660.00,68,0.6929,284.00,156.00,4000.00,-11600.00,985400.5625,0.00000002
"test2",41,18,585.00,602.00,73,0.7087,292.00,157.00,2393.86,-6942.14,1643195.6250,0.00596950
"test2",41,19,589.79,588.12,75,0.7087,292.00,157.00,4053.07,-9778.93,297012.8125,0.00130991
"test2",41,20,606.00,549.00,79,0.7323,296.00,158.00,4200.00,-8600.00,376717.4688,0.00000001
"test2",41,21,627.00,506.00,84,0.7165,295.00,156.00,3373.41,-6907.47,7687201.0000,0.00000000
"test2",41,22,633.75,492.19,86,0.7165,295.00,156.00,-3373.41,6907.47,0.0000,0.00000000
"test2",41,23,627.00,506.00,88,0.7165,295.00,156.00,-3373.41,6907.47,0.0000,0.00000000
"test2",40,0,487.00,1010.00,0,0.2913,150.00,125.00,0.00,-1400.00,460000.0000,0.00000000
"test2",40,1,487.00,996.00,10,0.2992,152.00,126.00,0.00,-6000.00,500000.0000,0.00000000
"test2",40,2,487.00,960.00,16,0.3150,160.00,127.00,0.00,-9000.00,1166666.5000,0.00000000
"test2",40,3,487.00,942.00,18,0.3150,160.00,127.00,0.00,-11333.33,898833.3750,0.00103806
"test2",40,4,487.00,908.00,21,0.3543,177.00,130.00,400.00,-14000.00,421869.0625,0.00133567
"test2",40,5,489.00,838.00,26,0.4173,202.00,134.00,1756.71,-15615.14,1722152.7500,0.00000001
"test2",40,6,496.03,775.54,30,0.4173,202.00,134.00,986.59,-8769.71,4431017.0000,0.00665100
"test2",40,7,498.00,758.00,32,0.4961,231.00,138.00,3000.00,-17400.00,418079.4688,0.00084712
"test2",40,8,513.00,671.00,37,0.5748,263.00,141.00,4025.95,-15578.69,0.0000,0.00000000
"test2",40,9,533.13,593.11,42,0.5748,263.00,141.00,4025.95,-15578.69,0.0000,0.00000000
"test2",40,10,536.00,582.00,42,0.6535,293.00,144.00,5200.00,-17600.00,3670422.2500,0.00000000
"test2",40,11,562.00,494.00,47,0.7244,318.00,146.00,0.00,0.00,0.0000,0.00000000
"test2",40,12,562.00,494.00,52,0.7244,318.00,146.00,0.00,0.00,0.0000,0.00000000
"test2",39,0,581.00,1176.00,0,0.2205,126.00,114.00,0.00,0.00,93092.8984,0.00000000
"test2",39,1,581.00,1176.00,11,0.3307,157.00,137.00,-380.31,-950.78,0.0000,0.00000000
"test2",39,2,579.10,1171.25,16,0.3307,157.00,137.00,-380.31,-950.78,0.0000,0.00000000
"test2",39,3,579.00,1171.00,16,0.3386,159.00,138.00,-1000.00,-3800.00,106666.7031,0.00175816
"test2",39,4,574.00,1152.00,21,0.3465,162.00,138.00,-1000.00,-4333.33,0.0000,0.00000000
"test2",39,5,568.00,1126.00,27,0.3622,171.00,139.00,-1000.00,-4333.33,0.0000,0.00000000
"test2",39,6,567.83,1125.25,27,0.3622,171.00,139.00,-1165.23,-6849.32,550180.6875,0.00176941
"test2",39,7,562.00,1091.00,32,0.4016,184.00,140.00,-1200.00,-9600.00,833812.6250,0.00000006
"test2",39,8,556.00,1043.00,37,0.4488,202.00,142.00,-682.86,-5463.13,4844277.5000,0.02045751
"test2",39,9,555.32,1037.54,38,0.4488,202.00,142.00,-663.43,-10307.37,467799.2188,0.00114308
"test2",39,10,552.00,986.00,43,0.5039,224.00,144.00,-200.00,-12600.00,34408.6445,0.00000000
"test2",39,11,551.00,923.00,48,0.5591,247.00,146.00,-197.27,-12427.98,1785472.6250,0.00339003
"test2",39,12,550.80,910.57,49,0.5591,247.00,146.00,299.32,-14143.01,563661.6250,0.00093181
"test2",39,13,552.00,854.00,53,0.6220,270.00,148.00,1000.00,-12000.00,1363229.3750,0.00000000
"test2",39,14,558.00,782.00,59,0.6772,290.00,150.00,1679.26,-20151.12,6720502.0000,0.00294496
"test2",39,15,559.68,761.85,60,0.6772,290.00,150.00,2330.19,-13462.22,485828.0000,0.00075094
"test2",39,16,569.00,708.00,64,0.7244,308.00,150.00,3200.00,-15200.00,104652.1719,0.00000000
"test2",39,17,585.00,632.00,69,0.7638,321.00,152.00,3307.80,-15712.04,1091560.0000,0.00292995
"test2",39,18,591.62,600.58,71,0.7638,321.00,152.00,4461.47,-13858.64,849026.3750,0.00030261
"test2",39,19,605.00,559.00,74,0.7874,331.00,152.00,3500.00,-11500.00,2003469.2500,0.00000000
"test2",39,20,626.00,490.00,80,0.7953,336.00,152.00,0.00,0.00,0.0000,0.00000000
"test2",39,21,626.00,490.00,84,0.7953,336.00,152.00,0.00,0.00,0.0000,0.00000000
"test2",38,0,527.00,1146.00,0,0.2441,154.00,102.00,0.00,0.00,51425.9492,0.00000000
"test2",38,1,527.00,1146.00,11,0.3465,159.00,140.00,-400.00,-400.00,348148.2813,0.34623802
"test2",38,2,525.00,1144.00,16,0.3465,160.00,141.00,-1175.17,-1958.62,255353.2656,0.00000000
"test2",38,3,520.30,1136.17,20,0.3465,160.00,141.00,-649.66,-1082.76,974491.5000,0.21512175
"test2",38,4,519.00,1134.00,22,0.3465,161.00,141.00,-1000.00,-3000.00,252548.7813,0.01463644
"test2",38,5,514.00,1119.00,27,0.3543,163.00,141.00,-631.15,-4207.67,262493.9688,0.00000010
"test2",38,6,511.48,1102.17,31,0.3543,163.00,141.00,-475.40,-3169.31,1497557.0000,0.01925858
"test2",38,7,511.00,1099.00,32,0.3622,168.00,141.00,-500.00,-4666.67,399192.9063,0.00289464
"test2",38,8,508.00,1071.00,38,0.3858,177.00,142.00,-371.49,-7058.37,0.0000,0.00000000
"test2",38,9,506.14,1035.71,43,0.3858,177.00,142.00,-371.49,-7058.37,0.0000,0.00000000
"test2",38,10,506.00,1033.00,43,0.4173,189.00,143.00,0.00,-9600.00,109341.4141,0.00072338
"test2",38,11,506.00,985.00,48,0.4567,204.00,144.00,333.33,-9166.67,0.0000,0.00000000
"test2",38,12,508.00,930.00,54,0.4961,220.00,145.00,333.33,-9166.67,0.0000,0.00000000
"test2",38,13,508.05,928.63,54,0.4961,220.00,145.00,1190.04,-12126.10,267112.3125,0.00123911
"test2",38,14,514.00,868.00,59,0.5433,238.00,147.00,2200.00,-13000.00,933101.1875,0.00000002
"test2",38,15,525.00,803.00,64,0.5827,255.00,148.00,1421.51,-8399.90,4008974.2500,0.01174603
"test2",38,16,526.42,794.60,65,0.5827,255.00,148.00,2915.70,-12120.02,504936.4688,0.00067048
"test2",38,17,541.00,734.00,70,0.6299,271.00,150.00,4000.00,-14400.00,202710.9531,0.00000003
"test2",38,18,561.00,662.00,75,0.6614,285.00,151.00,4271.24,-15376.59,829660.3125,0.00231211
"test2",38,19,565.27,646.62,76,0.6614,285.00,151.00,4682.19,-14655.85,582413.8750,0.00056317
"test2",38,20,584.00,588.00,80,0.7008,297.00,153.00,4500.00,-12333.33,1692196.1250,0.00000002
"test2",38,21,611.00,514.00,86,0.7402,306.00,154.00,7980.10,-21871.46,9903607.0000,0.00177414
"test2",38,22,618.98,492.13,87,0.7402,306.00,154.00,5504.97,-12282.13,82941.2969,0.00005975
"test2",38,23,641.00,443.00,91,0.7480,312.00,155.00,5600.00,-12600.00,255272.8281,0.00000000
"test2",38,24,669.00,380.00,96,0.7480,313.00,155.00,6118.38,-13766.36,15064764.0000,0.00000000
"test2",38,25,681.24,352.47,98,0.7480,313.00,155.00,-6118.38,13766.36,0.0000,0.00000000
"test2",38,26,669.00,380.00,100,0.7480,313.00,155.00,-6118.38,13766.36,0.0000,0.00000000
"test2",37,0,583.00,1168.00,0,0.2047,129.00,102.00,0.00,0.00,97912.0859,0.00000000
"test2",37,1,583.00,1168.00,11,0.3701,168.00,142.00,-400.00,-1000.00,439874.7813,0.01801667
"test2",37,2,581.00,1163.00,16,0.3701,168.00,143.00,-1312.93,-3000.95,0.0000,0.00000000
"test2",37,3,574.44,1148.00,21,0.3701,168.00,143.00,-1312.93,-3000.95,0.0000,0.00000000
"test2",37,4,574.00,1147.00,21,0.3780,171.00,143.00,-1166.67,-4000.00,368723.1875,0.00376320
"test2",37,5,567.00,1123.00,27,0.3937,178.00,143.00,-1400.00,-6200.00,0.0000,0.00000000
"test2",37,6,560.00,1092.00,32,0.4252,189.00,144.00,-1400.00,-6200.00,0.0000,0.00000000
"test2",37,7,559.97,1091.86,32,0.4252,189.00,144.00,-1393.88,-8172.92,78786.8047,0.00112665
"test2",37,8,553.00,1051.00,37,0.4567,204.00,144.00,-1000.00,-8166.67,0.0000,0.00000000
"test2",37,9,547.00,1002.00,43,0.5039,220.00,146.00,-1000.00,-8166.67,0.0000,0.00000000
"test2",37,10,546.44,997.39,43,0.5039,220.00,146.00,-287.02,-10277.39,384915.1875,0.00026614
"test2",37,11,545.00,946.00,48,0.5512,238.00,148.00,-200.00,-12200.00,68012.1641,0.00000004
"test2",37,12,544.00,885.00,53,0.5906,256.00,149.00,-194.40,-11859.99,1608091.5000,0.00864409
"test2",37,13,543.81,873.14,54,0.5906,256.00,149.00,1038.88,-10828.00,586778.3750,0.00116964
"test2",37,14,549.00,819.00,59,0.6378,273.00,150.00,2000.00,-13600.00,938744.1875,0.00000002
"test2",37,15,559.00,751.00,64,0.6772,289.00,150.00,2682.92,-18243.77,5056835.5000,0.00258864
"test2",37,16,561.68,732.76,65,0.6772,289.00,150.00,2829.27,-13189.06,424216.3438,0.00026831
"test2",37,17,573.00,680.00,69,0.7087,303.00,151.00,2666.67,-11500.00,2438830.5000,0.00000001
"test2",37,18,589.00,611.00,75,0.7323,312.00,151.00,5972.11,-25754.76,15638961.0000,0.00155529
"test2",37,19,594.97,585.25,76,0.7323,312.00,151.00,3506.97,-10311.31,527286.1875,0.00083275
"test2",37,20,609.00,544.00,80,0.7480,318.00,151.00,3800.00,-12400.00,451610.7500,0.00000000
"test2",37,21,628.00,482.00,85,0.7480,320.00,151.00,3138.39,-10241.05,8925951.0000,0.00000000
"test2",37,22,637.42,451.28,88,0.7480,320.00,151.00,-4707.58,15361.57,0.0000,0.00000000
"test2",37,23,628.00,482.00,90,0.7480,320.00,151.00,-4707.58,15361.57,0.0000,0.00000000
"test2",36,0,551.00,1105.00,0,0.2756,150.00,119.00,-200.00,-400.00,283823.1250,0.33541024
"test2",36,1,549.00,1101.00,10,0.4567,206.00,142.00,-833.33,-3166.67,272873.3750,0.00000000
"test2",36,2,544.00,1082.00,16,0.4567,207.00,143.00,-1250.00,-4750.00,1042499.7500,0.01265874
"test2",36,3,541.50,1072.50,18,0.4567,207.00,143.00,-1166.67,-6833.33,124225.9766,0.00247372
"test2",36,4,538.00,1052.00,21,0.4724,210.00,144.00,-833.33,-7000.00,587452.3750,0.00000000
"test2",36,5,533.00,1010.00,27,0.4882,218.00,145.00,-1250.00,-10500.00,1146401.5000,0.00447566
"test2",36,6,530.50,989.00,29,0.4882,218.00,145.00,-500.00,-12666.67,264108.0000,0.00068181
"test2",36,7,529.00,951.00,32,0.5197,230.00,147.00,-200.00,-13400.00,446716.3438,0.00000000
"test2",36,8,528.00,884.00,37,0.5748,246.00,150.00,-166.67,-11166.67,555555.5000,0.00272549
"test2",36,9,527.50,850.50,40,0.5748,246.00,150.00,833.33,-12500.00,808137.6875,0.00129977
"test2",36,10,530.00,813.00,43,0.6299,264.00,152.00,1600.00,-14800.00,303214.6250,0.00114046
"test2",36,11,538.00,739.00,48,0.6693,282.00,153.00,2766.27,-13831.35,0.0000,0.00000000
"test2",36,12,551.83,669.84,53,0.6693,282.00,153.00,2766.27,-13831.35,0.0000,0.00000000
"test2",36,13,553.00,664.00,53,0.7087,297.00,155.00,3166.67,-12333.33,392247.4375,0.00094989
"test2",36,14,572.00,590.00,59,0.7559,310.00,156.00,4600.00,-14200.00,0.0000,0.00000000
"test2",36,15,595.00,519.00,64,0.7717,319.00,156.00,4600.00,-14200.00,0.0000,0.00000000
"test2",36,16,596.34,514.87,64,0.7717,319.00,156.00,5132.12,-13173.05,195082.3750,0.00041676
"test2",36,17,622.00,449.00,69,0.7874,324.00,156.00,5200.00,-12200.00,671744.6875,0.00000001
"test2",36,18,648.00,388.00,74,0.7795,324.00,155.00,3883.06,-9110.23,12379065.0000,0.00000000
"test2",36,19,651.88,378.89,75,0.7795,324.00,155.00,-970.76,2277.56,0.0000,0.00000000
"test2",36,20,648.00,388.00,79,0.7795,324.00,155.00,-970.76,2277.56,0.0000,0.00000000
"test2",35,0,583.00,1128.00,0,0.2441,132.00,119.00,0.00,0.00,0.0000,0.00000000
"test2",35,1,583.00,1128.00,11,0.3543,168.00,136.00,0.00,0.00,971825.3125,0.00000000
"test2",35,2,583.00,1128.00,14,0.3543,168.00,136.00,-1500.00,-2500.00,416666.6875,0.04539669
"test2",35,3,580.00,1123.00,16,0.3622,170.00,137.00,-1000.00,-3166.67,276734.1563,0.00000000
"test2",35,4,574.00,1104.00,22,0.3701,174.00,138.00,-1500.00,-4750.00,93169.5156,0.00370831
"test2",35,5,571.00,1094.50,24,0.3701,174.00,138.00,-1333.33,-4833.33,524110.0000,0.00722857
"test2",35,6,567.00,1080.00,27,0.3858,181.00,139.00,-1200.00,-6400.00,217050.9063,0.00000000
"test2",35,7,561.00,1048.00,32,0.4173,193.00,141.00,-1000.00,-5333.33,1006153.6875,0.00254990
"test2",35,8,558.00,1032.00,35,0.4173,193.00,141.00,-1333.33,-8333.33,606955.6875,0.00462141
"test2",35,9,554.00,1007.00,38,0.4567,208.00,142.00,-600.00,-10000.00,92040.8750,0.00085447
"test2",35,10,551.00,957.00,43,0.5039,225.00,144.00,-182.01,-10192.54,1259531.5000,0.00000004
"test2",35,11,550.27,916.23,47,0.5039,225.00,144.00,-271.97,-15229.86,5264771.0000,0.00220595
"test2",35,12,550.00,901.00,48,0.5591,244.00,146.00,333.33,-10000.00,512208.7813,0.00133274
"test2",35,13,552.00,841.00,54,0.6063,262.00,148.00,1232.27,-12938.84,425469.8438,0.00000001
"test2",35,14,556.93,789.24,58,0.6063,262.00,148.00,1070.92,-11244.63,2087137.5000,0.00750510
"test2",35,15,558.00,778.00,59,0.6535,279.00,150.00,2200.00,-13000.00,159439.0469,0.00084643
"test2",35,16,569.00,713.00,64,0.6850,292.00,151.00,2874.18,-12574.56,1117569.1250,0.00000002
"test2",35,17,583.37,650.13,69,0.6850,292.00,151.00,1629.09,-7127.20,7839898.0000,0.01208887
"test2",35,18,585.00,643.00,70,0.7244,304.00,152.00,4000.00,-14600.00,140939.3750,0.00061316
"test2",35,19,605.00,570.00,75,0.7402,313.00,153.00,4692.08,-14467.24,0.0000,0.00000000
"test2",35,20,628.46,497.66,80,0.7402,313.00,153.00,4692.08,-14467.24,0.0000,0.00000000
"test2",35,21,629.00,496.00,80,0.7717,320.00,154.00,5000.00,-13400.00,2860489.5000,0.00000000
"test2",35,22,654.00,429.00,85,0.7795,324.00,154.00,0.00,0.00,0.0000,0.00000000
"test2",35,23,654.00,429.00,90,0.7795,324.00,154.00,0.00,0.00,0.0000,0.00000000
"test2",34,0,492.00,1144.00,0,0.2598,142.00,119.00,0.00,0.00,0.0000,0.00000000
"test2",34,1,492.00,1144.00,11,0.3858,166.00,151.00,0.00,0.00,897527.4375,0.00000000
"test2",34,2,492.00,1144.00,13,0.3858,166.00,151.00,-666.67,-1666.67,503076.9688,0.07363781
"test2",34,3,490.00,1139.00,16,0.3937,168.00,152.00,-500.00,-3166.67,267158.0938,0.00000000
"test2",34,4,487.00,1120.00,22,0.4016,171.00,152.00,-750.00,-4750.00,555902.7500,0.00899244
"test2",34,5,485.50,1110.50,24,0.4016,171.00,152.00,-500.00,-5833.33,523284.9063,0.00226998
"test2",34,6,484.00,1093.00,27,0.4173,179.00,152.00,-400.00,-7400.00,247026.7969,0.00000000
"test2",34,7,482.00,1056.00,32,0.4567,192.00,152.00,-333.33,-6166.67,1666666.8750,0.00235872
"test2",34,8,481.00,1037.50,35,0.4567,192.00,152.00,-333.33,-11166.67,490527.4688,0.00100410
"test2",34,9,480.00,1004.00,38,0.5039,212.00,153.00,0.00,-12600.00,420000.0000,0.00000000
"test2",34,10,480.00,941.00,43,0.5512,234.00,153.00,0.00,-10500.00,3453058.2500,0.01058201
"test2",34,11,480.00,909.50,46,0.5512,234.00,153.00,3500.00,-20250.00,3963593.0000,0.00038168
"test2",34,12,487.00,869.00,48,0.6142,258.00,153.00,1833.33,-12500.00,1052810.7500,0.00000000
"test2",34,13,498.00,794.00,54,0.6772,282.00,154.00,2750.00,-18750.00,2398639.5000,0.00287752
"test2",34,14,503.50,756.50,56,0.6772,282.00,154.00,4166.67,-14166.67,709895.0000,0.00005176
"test2",34,15,516.00,714.00,59,0.7323,305.00,155.00,4800.00,-16200.00,153481.9844,0.00047198
"test2",34,16,540.00,633.00,64,0.7874,326.00,155.00,5341.55,-15656.27,0.0000,0.00000000
"test2",34,17,566.71,554.72,69,0.7874,326.00,155.00,5341.55,-15656.27,0.0000,0.00000000
"test2",34,18,569.00,548.00,69,0.8425,344.00,156.00,6000.00,-14166.67,405555.5000,0.00053397
"test2",34,19,605.00,463.00,75,0.8740,358.00,156.00,7600.00,-16000.00,0.0000,0.00000000
"test2",34,20,643.00,383.00,80,0.8898,369.00,155.00,7600.00,-16000.00,0.0000,0.00000000
"test2",34,21,644.92,378.96,80,0.8898,369.00,155.00,-479.75,1010.01,0.0000,0.00000000
"test2",34,22,643.00,383.00,84,0.8898,369.00,155.00,-479.75,1010.01,0.0000,0.00000000
"test2",33,0,508.00,1241.00,0,0.2598,138.00,120.00,0.00,0.00,0.0000,0.00000000
"test2",33,1,508.00,1241.00,11,0.2598,144.00,117.00,0.00,0.00,0.0000,0.00000000
"test2",33,2,508.00,1241.00,13,0.2598,144.00,117.00,0.00,0.00,200308.4063,0.00000000
"test2",33,3,508.00,1241.00,16,0.2598,144.00,118.00,-333.33,-500.00,6797.1060,0.00000195
"test2",33,4,506.00,1238.00,22,0.2677,146.00,119.00,-310.71,-466.06,1613329.5000,2.65191531
"test2",33,5,505.38,1237.07,24,0.2677,146.00,119.00,-459.52,-3689.29,230159.2188,0.00302327
"test2",33,6,504.00,1226.00,27,0.2756,150.00,121.00,-500.00,-3000.00,104974.4297,0.00000000
"test2",33,7,501.00,1208.00,33,0.2992,157.00,124.00,-603.55,-3621.28,982273.7500,0.01219766
"test2",33,8,499.79,1200.76,35,0.2992,157.00,124.00,-597.64,-5585.82,471395.5313,0.00156426
"test2",33,9,498.00,1184.00,38,0.3307,168.00,127.00,-600.00,-7000.00,234188.8750,0.00000000
"test2",33,10,495.00,1149.00,43,0.3701,183.00,131.00,-500.00,-5833.33,2816672.0000,0.01425659
"test2",33,11,493.50,1131.50,46,0.3701,183.00,131.00,250.00,-14250.00,2378287.0000,0.00041019
"test2",33,12,494.00,1103.00,48,0.4173,201.00,134.00,0.00,-9500.00,0.0000,0.00000000
"test2",33,13,494.00,1046.00,54,0.4803,223.00,138.00,0.00,-9500.00,3355137.0000,0.00923361
"test2",33,14,494.00,1017.50,57,0.4803,223.00,138.00,2500.00,-19250.00,2139655.2500,0.00006836
"test2",33,15,499.00,979.00,59,0.5433,248.00,141.00,2000.00,-15000.00,277628.7500,0.00076801
"test2",33,16,509.00,904.00,64,0.6063,273.00,143.00,2729.71,-13819.12,243966.6250,0.00000001
"test2",33,17,519.92,848.72,68,0.6063,273.00,143.00,2540.59,-12861.76,2194023.0000,0.00183214
"test2",33,18,525.00,823.00,70,0.6693,298.00,145.00,4000.00,-17000.00,184188.6719,0.00041815
"test2",33,19,545.00,738.00,75,0.7323,321.00,147.00,4772.92,-17500.73,128619.1406,0.00000003
"test2",33,20,564.09,668.00,79,0.7323,321.00,147.00,4908.33,-17997.07,18654388.0000,0.00000000
"test2",33,21,569.00,650.00,80,0.7795,342.00,147.00,0.00,0.00,0.0000,0.00000000
"test2",33,22,569.00,650.00,84,0.7795,342.00,147.00,0.00,0.00,0.0000,0.00000000
"test2",32,0,499.00,1063.00,0,0.2441,162.00,96.00,0.00,0.00,158186.4688,0.00000000
"test2",32,1,499.00,1063.00,11,0.4409,196.00,145.00,-500.00,-1666.67,555805.5625,0.04745196
"test2",32,2,496.00,1053.00,17,0.4488,198.00,146.00,-600.00,-5000.00,167862.4063,0.00000000
"test2",32,3,493.00,1028.00,22,0.4567,202.00,146.00,-500.00,-4166.67,2726470.7500,0.00526193
"test2",32,4,491.50,1015.50,25,0.4567,202.00,146.00,-1750.00,-12250.00,919918.4375,0.00378663
"test2",32,5,488.00,991.00,27,0.4803,213.00,147.00,-400.00,-11000.00,366908.9375,0.00000000
"test2",32,6,486.00,936.00,32,0.5276,231.00,148.00,-333.33,-9166.67,1227262.1250,0.00184757
"test2",32,7,485.00,908.50,35,0.5276,231.00,148.00,0.00,-12833.33,621924.6250,0.00121437
"test2",32,8,485.00,870.00,38,0.5984,254.00,150.00,600.00,-14600.00,487077.3750,0.00000000
"test2",32,9,488.00,797.00,43,0.6614,279.00,152.00,500.00,-12166.67,949333.7500,0.00589739
"test2",32,10,489.50,760.50,46,0.6614,279.00,152.00,3166.67,-13166.67,748496.3125,0.00053688
"test2",32,11,499.00,721.00,49,0.7165,303.00,153.00,3400.00,-15400.00,241535.4219,0.00096404
"test2",32,12,516.00,644.00,54,0.7795,325.00,155.00,4539.31,-14999.42,261951.7344,0.00000004
"test2",32,13,534.16,584.00,58,0.7795,325.00,155.00,4842.77,-16002.32,4172704.2500,0.00371705
"test2",32,14,539.00,568.00,59,0.8346,343.00,156.00,4666.67,-11833.33,671754.7500,0.00109974
"test2",32,15,567.00,497.00,65,0.8661,357.00,157.00,7085.74,-15057.19,2013097.8750,0.00000001
"test2",32,16,595.34,436.77,69,0.8661,357.00,157.00,3657.04,-7771.24,5829061.5000,0.01673976
"test2",32,17,599.00,429.00,70,0.8898,365.00,157.00,7200.00,-12400.00,2867751.7500,0.00000000
"test2",32,18,635.00,367.00,75,0.8898,367.00,157.00,0.00,0.00,0.0000,0.00000000
"test2",32,19,635.00,367.00,79,0.8898,367.00,157.00,0.00,0.00,0.0000,0.00000000
"test2",31,0,571.00,1210.00,0,0.2362,132.00,115.00,0.00,0.00,0.0000,0.00000000
"test2",31,1,571.00,1210.00,11,0.2362,132.00,116.00,0.00,0.00,527046.2500,0.00000000
"test2",31,2,571.00,1210.00,13,0.2362,132.00,116.00,-333.33,-1000.00,458122.8438,0.03162276
"test2",31,3,570.00,1207.00,16,0.2441,134.00,117.00,-666.67,-2333.33,113060.5313,0.00000000
"test2",31,4,566.00,1193.00,22,0.2520,138.00,119.00,-853.03,-2985.60,846491.1250,0.02849379
"test2",31,5,564.29,1187.03,24,0.2520,138.00,119.00,-764.65,-4676.27,281526.9375,0.00464475
"test2",31,6,562.00,1173.00,27,0.2756,146.00,122.00,-1200.00,-5400.00,203314.9531,0.00000001
"test2",31,7,556.00,1146.00,32,0.3071,158.00,125.00,-979.47,-4407.63,1066039.0000,0.01596116
"test2",31,8,553.06,1132.78,35,0.3071,158.00,125.00,-687.19,-7592.37,337133.0000,0.00101905
"test2",31,9,551.00,1110.00,38,0.3386,172.00,129.00,-600.00,-8600.00,287363.5000,0.00000000
"test2",31,10,548.00,1067.00,43,0.3858,189.00,132.00,-500.00,-7166.67,785674.1875,0.00319648
"test2",31,11,546.50,1045.50,46,0.3858,189.00,132.00,-166.67,-9500.00,645018.8750,0.00147670
"test2",31,12,546.00,1017.00,49,0.4331,207.00,136.00,200.00,-11400.00,570087.6875,0.00000000
"test2",31,13,547.00,960.00,54,0.4961,227.00,140.00,250.00,-14250.00,1733052.7500,0.00402997
"test2",31,14,547.50,931.50,56,0.4961,227.00,140.00,1833.33,-11166.67,754410.7500,0.00000000
"test2",31,15,553.00,898.00,59,0.5433,246.00,143.00,2200.00,-13400.00,153219.8438,0.00069052
"test2",31,16,564.00,831.00,64,0.5906,263.00,144.00,2759.22,-12876.37,927875.4375,0.00000002
"test2",31,17,575.04,779.49,68,0.5906,263.00,144.00,1981.57,-9247.25,2732100.2500,0.00390443
"test2",31,18,579.00,761.00,70,0.6299,278.00,146.00,3800.00,-14400.00,270572.4063,0.00055959
"test2",31,19,598.00,689.00,75,0.6614,291.00,147.00,4706.77,-15403.99,1312267.0000,0.00000001
"test2",31,20,616.83,627.38,79,0.6614,291.00,147.00,3172.91,-10384.03,10857970.0000,0.00000000
"test2",31,21,620.00,617.00,80,0.6850,300.00,147.00,0.00,0.00,0.0000,0.00000000
"test2",31,22,620.00,617.00,84,0.6850,300.00,147.00,0.00,0.00,0.0000,0.00000000
"test2",30,0,561.00,1218.00,0,0.2362,137.00,114.00,0.00,0.00,0.0000,0.00000000
"test2",30,1,561.00,1218.00,11,0.3150,155.00,133.00,0.00,0.00,0.0000,0.00000000
"test2",30,2,561.00,1218.00,11,0.3150,155.00,133.00,-400.00,-400.00,299481.0625,0.44194180
"test2",30,3,559.00,1216.00,16,0.3228,156.00,134.00,-833.33,-1833.33,0.0000,0.00000000
"test2",30,4,554.00,1205.00,22,0.3228,156.00,134.00,-833.33,-1833.33,0.0000,0.00000000
"test2",30,5,553.34,1203.54,22,0.3228,156.00,134.00,-1067.27,-2707.98,220010.5938,0.00653729
"test2",30,6,548.00,1190.00,27,0.3307,159.00,135.00,-1200.00,-3800.00,29200.0391,0.00000042
"test2",30,7,542.00,1171.00,32,0.3386,165.00,135.00,-1156.07,-3660.77,607213.3125,0.01158163
"test2",30,8,540.84,1167.34,33,0.3386,165.00,135.00,-1168.79,-4267.85,626461.8125,0.00814276
"test2",30,9,535.00,1146.00,38,0.3701,175.00,137.00,-1200.00,-7400.00,262919.2813,0.00000003
"test2",30,10,529.00,1109.00,43,0.4016,189.00,138.00,-989.56,-6102.36,2581384.2500,0.01058701
"test2",30,11,527.02,1096.80,45,0.4016,189.00,138.00,-1006.96,-11265.10,651634.9375,0.00177148
"test2",30,12,524.00,1063.00,48,0.4409,205.00,141.00,-166.67,-9500.00,222232.7656,0.00000001
"test2",30,13,523.00,1006.00,54,0.4961,225.00,143.00,-190.06,-10833.19,2032711.7500,0.00448270
"test2",30,14,522.62,984.33,56,0.4961,225.00,143.00,793.38,-14777.87,335622.5000,0.00152804
"test2",30,15,525.00,940.00,59,0.5591,245.00,146.00,1800.00,-14800.00,778987.7500,0.00000000
"test2",30,16,534.00,866.00,64,0.6142,267.00,149.00,1329.75,-10933.55,1779940.6250,0.00479187
"test2",30,17,537.99,833.20,67,0.6142,267.00,149.00,3670.25,-15733.11,471721.1250,0.00084682
"test2",30,18,549.00,786.00,70,0.6772,288.00,151.00,4600.00,-16800.00,870919.0625,0.00000000
"test2",30,19,572.00,702.00,75,0.7244,307.00,153.00,5750.00,-21000.00,3007225.0000,0.00209509
"test2",30,20,583.50,660.00,77,0.7244,307.00,153.00,6166.67,-15000.00,810197.3125,0.00015107
"test2",30,21,602.00,615.00,80,0.7717,324.00,153.00,7200.00,-17200.00,3729235.7500,0.00000000
"test2",30,22,638.00,529.00,85,0.8031,339.00,153.00,0.00,0.00,0.0000,0.00000000
"test2",30,23,638.00,529.00,90,0.8031,339.00,153.00,0.00,0.00,0.0000,0.00000000
"test2",29,0,584.00,1157.00,0,0.2126,135.00,104.00,0.00,0.00,63245.5547,0.00000000
"test2",29,1,584.00,1157.00,10,0.3858,174.00,144.00,-200.00,-600.00,483735.4688,0.23717083
"test2",29,2,583.00,1154.00,15,0.3858,174.00,144.00,-500.00,-3000.00,0.0000,0.00000000
"test2",29,3,580.00,1136.00,21,0.3937,177.00,144.00,-500.00,-3000.00,0.0000,0.00000000
"test2",29,4,579.77,1134.64,21,0.3937,177.00,144.00,-754.74,-4728.39,417214.9375,0.00073567
"test2",29,5,576.00,1111.00,26,0.4094,184.00,144.00,-1000.00,-6800.00,332927.1875,0.00000003
"test2",29,6,571.00,1077.00,31,0.4409,196.00,144.00,-757.81,-5153.08,3032132.7500,0.02745977
"test2",29,7,570.24,1071.85,32,0.4409,196.00,144.00,-448.44,-8169.38,646195.6875,0.00067354
"test2",29,8,568.00,1031.00,37,0.4724,212.00,144.00,-400.00,-11400.00,414933.1250,0.00000004
"test2",29,9,566.00,974.00,42,0.5197,231.00,144.00,-472.78,-13473.39,1189855.1250,0.00446169
"test2",29,10,565.53,960.53,43,0.5197,231.00,144.00,368.19,-12631.65,288354.6875,0.00103268
"test2",29,11,567.00,910.00,47,0.5669,254.00,144.00,1000.00,-11666.67,1907862.6250,0.00000000
"test2",29,12,573.00,840.00,53,0.6220,276.00,144.00,1977.60,-23072.02,9843953.0000,0.00208369
"test2",29,13,574.98,816.93,54,0.6220,276.00,144.00,2255.60,-13231.99,769304.3125,0.00119349
"test2",29,14,584.00,764.00,58,0.6693,299.00,144.00,3600.00,-16000.00,1074873.3750,0.00000001
"test2",29,15,602.00,684.00,63,0.7165,319.00,145.00,2420.27,-10756.71,2405037.0000,0.00454770
"test2",29,16,609.26,651.73,66,0.7165,319.00,145.00,5579.73,-17243.29,161868.4375,0.00048179
"test2",29,17,626.00,600.00,69,0.7638,337.00,146.00,6000.00,-17000.00,686827.8750,0.00000000
"test2",29,18,656.00,515.00,74,0.8031,353.00,147.00,4857.06,-13761.64,2775657.2500,0.00273474
"test2",29,19,670.57,473.72,77,0.8031,353.00,147.00,9214.42,-20857.54,11401124.0000,0.00000000
"test2",29,20,689.00,432.00,79,0.8268,363.00,147.00,0.00,0.00,0.0000,0.00000000
"test2",29,21,689.00,432.00,83,0.8268,363.00,147.00,0.00,0.00,0.0000,0.00000000
"test2",28,0,570.00,1149.00,0,0.2126,136.00,102.00,0.00,0.00,65555.4844,0.00000000
"test2",28,1,570.00,1149.00,11,0.3780,169.00,145.00,-400.00,-600.00,430400.3438,0.24890396
"test2",28,2,568.00,1146.00,16,0.3858,170.00,146.00,-1000.00,-2666.67,0.0000,0.00000000
"test2",28,3,562.00,1130.00,22,0.3937,173.00,146.00,-1000.00,-2666.67,0.0000,0.00000000
"test2",28,4,561.90,1129.73,22,0.3937,173.00,146.00,-1179.86,-4346.31,290765.2188,0.00356366
"test2",28,5,556.00,1108.00,27,0.4016,178.00,146.00,-1200.00,-5800.00,651166.3125,0.00000004
"test2",28,6,550.00,1079.00,32,0.4252,188.00,147.00,-540.34,-2611.69,5095907.0000,0.06835931
"test2",28,7,549.46,1076.39,33,0.4252,188.00,147.00,-1091.93,-7677.66,464831.5625,0.00139016
"test2",28,8,544.00,1038.00,38,0.4646,202.00,148.00,-1000.00,-10000.00,292688.1563,0.00000002
"test2",28,9,539.00,988.00,43,0.5118,218.00,150.00,-854.37,-8543.82,1306707.6250,0.00998702
"test2",28,10,538.15,979.46,44,0.5118,218.00,150.00,-229.13,-9691.24,623439.3750,0.00064389
"test2",28,11,537.00,931.00,49,0.5512,236.00,151.00,0.00,-12800.00,642661.1250,0.00000000
"test2",28,12,537.00,867.00,54,0.6063,255.00,153.00,0.00,-16013.31,2588459.0000,0.00487470
"test2",28,13,537.00,850.99,55,0.6063,255.00,153.00,1250.00,-13746.67,434069.1875,0.00106869
"test2",28,14,542.00,796.00,59,0.6614,273.00,156.00,2200.00,-15200.00,501396.5313,0.00000001
"test2",28,15,553.00,720.00,64,0.7087,291.00,157.00,1840.88,-12718.87,1029243.8125,0.00384381
"test2",28,16,556.68,694.56,66,0.7087,291.00,157.00,3329.56,-14140.56,915638.1250,0.00104118
"test2",28,17,570.00,638.00,70,0.7559,307.00,158.00,5000.00,-17400.00,583858.3125,0.00000000
"test2",28,18,595.00,551.00,75,0.7874,321.00,159.00,5806.24,-20205.75,2111095.2500,0.00269109
"test2",28,19,606.61,510.59,77,0.7874,321.00,159.00,7129.17,-16196.17,5898595.5000,0.00000000
"test2",28,20,628.00,462.00,80,0.8189,333.00,159.00,0.00,0.00,0.0000,0.00000000
"test2",28,21,628.00,462.00,85,0.8189,333.00,159.00,0.00,0.00,0.0000,0.00000000
"test2",27,0,557.00,1177.00,0,0.2205,132.00,111.00,0.00,0.00,0.0000,0.00000000
"test2",27,1,557.00,1177.00,10,0.3780,172.00,142.00,0.00,0.00,673145.6250,0.00000000
"test2",27,2,557.00,1177.00,14,0.3780,172.00,142.00,-1000.00,-2500.00,756637.3125,0.05122630
"test2",27,3,555.00,1172.00,16,0.3858,174.00,143.00,-800.00,-4000.00,162078.7344,0.00043524
"test2",27,4,551.00,1152.00,21,0.3858,177.00,143.00,-923.26,-4800.96,357149.8438,0.00000003
"test2",27,5,547.31,1132.80,25,0.3858,177.00,143.00,-653.47,-3398.07,2035481.2500,0.00094608
"test2",27,6,546.00,1126.00,27,0.4094,185.00,144.00,-1400.00,-7400.00,624823.8750,0.00260752
"test2",27,7,539.00,1089.00,32,0.4409,198.00,145.00,-1237.64,-10519.90,402630.3750,0.00000006
"test2",27,8,534.05,1046.92,36,0.4409,198.00,145.00,-1049.44,-8920.41,1515992.6250,0.00881016
"test2",27,9,533.00,1038.00,37,0.4882,217.00,147.00,-500.00,-10333.33,880784.1875,0.00081785
"test2",27,10,530.00,976.00,43,0.5512,240.00,148.00,-229.57,-15611.11,2514164.7500,0.00000003
"test2",27,11,529.08,913.56,47,0.5512,240.00,148.00,-81.73,-5555.54,9729255.0000,0.04611000
"test2",27,12,529.00,908.00,48,0.6142,264.00,150.00,1200.00,-15200.00,375673.2188,0.00065476
"test2",27,13,535.00,832.00,53,0.6772,288.00,151.00,1823.58,-13428.16,0.0000,0.00000000
"test2",27,14,545.94,751.43,59,0.6772,288.00,151.00,1823.58,-13428.16,0.0000,0.00000000
"test2",27,15,546.00,751.00,59,0.7402,312.00,153.00,3600.00,-17200.00,341760.1563,0.00093468
"test2",27,16,564.00,665.00,64,0.7874,333.00,153.00,5200.00,-17800.00,1353843.5000,0.00000000
"test2",27,17,590.00,576.00,69,0.8346,352.00,153.00,3301.82,-11302.37,15699712.0000,0.00000001
"test2",27,18,593.30,564.70,70,0.8346,352.00,153.00,-1100.61,3767.46,0.0000,0.00000000
"test2",27,19,590.00,576.00,73,0.8346,352.00,153.00,-1100.61,3767.46,0.0000,0.00000000
"test2",26,0,543.00,1182.00,0,0.2677,137.00,126.00,0.00,0.00,0.0000,0.00000000
"test2",26,1,543.00,1182.00,11,0.3071,155.00,131.00,0.00,0.00,0.0000,0.00000000
"test2",26,2,543.00,1182.00,12,0.3071,155.00,131.00,0.00,0.00,117851.1328,0.00000000
"test2",26,3,543.00,1182.00,16,0.3150,156.00,131.00,-333.33,-333.33,1601.6577,0.00000000
"test2",26,4,541.00,1180.00,22,0.3228,156.00,132.00,-326.54,-326.54,1085410.3750,2.76315999
"test2",26,5,540.35,1179.35,24,0.3228,156.00,132.00,-782.31,-2448.97,42132.7422,0.00422598
"test2",26,6,538.00,1172.00,27,0.3228,157.00,132.00,-833.33,-2333.33,41334.9727,0.00000000
"test2",26,7,533.00,1158.00,33,0.3307,161.00,134.00,-916.75,-2566.89,900476.6875,0.07243385
"test2",26,8,531.17,1152.87,35,0.3307,161.00,134.00,-388.83,-4288.74,247315.8281,0.00262577
"test2",26,9,530.00,1140.00,38,0.3465,168.00,135.00,-600.00,-5000.00,206196.7344,0.00000008
"test2",26,10,527.00,1115.00,43,0.3858,179.00,138.00,-477.17,-3976.36,1460284.3750,0.00990517
"test2",26,11,525.57,1103.07,46,0.3858,179.00,138.00,-522.83,-8356.97,574734.8125,0.00296855
"test2",26,12,524.00,1078.00,49,0.4252,195.00,141.00,0.00,-10000.00,333333.4063,0.00000000
"test2",26,13,524.00,1028.00,54,0.4803,216.00,143.00,0.00,-8333.33,3226530.0000,0.00240000
"test2",26,14,524.00,1003.00,57,0.4803,216.00,143.00,500.00,-18000.00,3342695.2500,0.00105616
"test2",26,15,525.00,967.00,59,0.5354,239.00,145.00,1000.00,-11333.33,948113.8750,0.00000000
"test2",26,16,531.00,899.00,65,0.5984,264.00,147.00,1500.00,-17000.00,1880085.8750,0.00197834
"test2",26,17,534.00,865.00,67,0.5984,264.00,147.00,2333.33,-13333.33,747010.6250,0.00090499
"test2",26,18,541.00,825.00,70,0.6693,288.00,149.00,3200.00,-15400.00,524298.5000,0.00000000
"test2",26,19,557.00,748.00,75,0.7323,312.00,151.00,2666.67,-12833.33,2931970.5000,0.00415692
"test2",26,20,565.00,709.50,78,0.7323,312.00,151.00,6500.00,-20750.00,3783416.0000,0.00010537
"test2",26,21,578.00,668.00,80,0.7874,331.00,152.00,4333.33,-13500.00,2363071.0000,0.00000000
"test2",26,22,604.00,587.00,86,0.8189,347.00,153.00,0.00,0.00,0.0000,0.00000000
"test2",26,23,604.00,587.00,90,0.8189,347.00,153.00,0.00,0.00,0.0000,0.00000000
"test2",25,0,564.00,1105.00,0,0.1732,130.00,87.00,0.00,0.00,0.0000,0.00000000
"test2",25,1,564.00,1105.00,11,0.2756,141.00,126.00,0.00,0.00,0.0000,0.00000000
"test2",25,2,564.00,1105.00,16,0.2756,142.00,126.00,0.00,0.00,0.0000,0.00000000
"test2",25,3,564.00,1105.00,17,0.2756,142.00,126.00,0.00,0.00,141421.3594,0.00000000
"test2",25,4,564.00,1105.00,21,0.2756,153.00,118.00,-400.00,-400.00,30215.4629,0.00000000
"test2",25,5,562.00,1103.00,26,0.2756,153.00,119.00,-293.17,-293.17,478706.1875,2.28526688
"test2",25,6,561.12,1102.12,29,0.2756,153.00,119.00,-40.16,-1706.83,123901.8750,0.04088771
"test2",25,7,561.00,1097.00,32,0.2835,154.00,120.00,-400.00,-1800.00,70000.1406,0.00000013
"test2",25,8,559.00,1088.00,37,0.2913,156.00,122.00,-324.08,-1458.33,1119844.2500,0.08100274
"test2",25,9,558.03,1083.63,40,0.2913,156.00,122.00,-513.89,-4812.50,1086871.7500,0.00250630
"test2",25,10,557.00,1074.00,42,0.3071,159.00,125.00,-166.67,-2666.67,222655.8281,0.00000000
"test2",25,11,556.00,1058.00,48,0.3228,164.00,129.00,-250.00,-4000.00,41666.6641,0.00258898
"test2",25,12,555.50,1050.00,50,0.3228,164.00,129.00,-166.67,-4000.00,536219.0000,0.00484848
"test2",25,13,555.00,1038.00,53,0.3465,171.00,132.00,0.00,-5600.00,186666.7031,0.00000000
"test2",25,14,555.00,1010.00,58,0.3780,181.00,137.00,0.00,-4666.67,566557.8750,0.00510204
"test2",25,15,555.00,996.00,61,0.3780,181.00,137.00,333.33,-6333.33,431477.4375,0.00165517
"test2",25,16,556.00,977.00,64,0.4173,192.00,141.00,600.00,-7600.00,113590.0156,0.00179877
"test2",25,17,559.00,939.00,69,0.4567,204.00,144.00,1138.58,-7780.27,530245.7500,0.00000008
"test2",25,18,563.55,907.88,73,0.4567,204.00,144.00,1445.68,-9878.91,2892395.0000,0.00141235
"test2",25,19,565.00,898.00,74,0.4882,214.00,147.00,1166.67,-7000.00,524100.1250,0.00234324
"test2",25,20,572.00,856.00,80,0.5197,224.00,149.00,2368.77,-9905.76,907076.6875,0.00000006
"test2",25,21,581.48,816.38,84,0.5197,224.00,149.00,1524.90,-6376.95,2916547.5000,0.01465641
"test2",25,22,583.00,810.00,85,0.5433,232.00,150.00,2800.00,-9000.00,88275.6797,0.00027551
"test2",25,23,597.00,765.00,90,0.5591,239.00,151.00,2790.88,-8558.72,1125932.3750,0.00000005
"test2",25,24,610.95,722.21,95,0.5591,239.00,151.00,1045.59,-3206.42,3372595.5000,0.00000000
"test2",25,25,612.00,719.00,96,0.5669,242.00,151.00,0.00,0.00,0.0000,0.00000000
"test2",25,26,612.00,719.00,100,0.5669,242.00,151.00,0.00,0.00,0.0000,0.00000000
"test2",24,0,600.00,1095.00,0,0.1654,105.00,102.00,0.00,0.00,38393.9570,0.00000000
"test2",24,1,600.00,1095.00,11,0.3307,156.00,136.00,-188.87,-377.75,31100.0977,0.00000000
"test2",24,2,599.24,1093.49,15,0.3307,156.00,136.00,-244.51,-489.01,1409047.3750,0.74805409
"test2",24,3,599.00,1093.00,16,0.3307,156.00,137.00,-666.67,-1833.33,330343.3750,0.01335098
"test2",24,4,595.00,1082.00,22,0.3386,158.00,138.00,-1049.47,-3778.08,231024.5781,0.00000025
"test2",24,5,590.80,1066.89,26,0.3386,158.00,138.00,-802.12,-2887.70,1712306.0000,0.05124890
"test2",24,6,590.00,1064.00,27,0.3465,162.00,138.00,-800.00,-4600.00,197336.5781,0.00371179
"test2",24,7,586.00,1041.00,32,0.3701,170.00,140.00,-555.59,-5555.93,670446.1250,0.00000008
"test2",24,8,583.22,1013.22,37,0.3701,170.00,140.00,-222.05,-2220.34,5782402.0000,0.07994424
"test2",24,9,583.00,1011.00,38,0.3937,181.00,141.00,-400.00,-8000.00,291204.3750,0.00146326
"test2",24,10,581.00,971.00,43,0.4331,196.00,143.00,0.00,-9400.00,0.0000,0.00000000
"test2",24,11,581.00,924.00,48,0.4724,213.00,145.00,0.00,-9400.00,0.0000,0.00000000
"test2",24,12,581.00,922.92,48,0.4724,213.00,145.00,500.00,-8653.95,387854.6875,0.00171836
"test2",24,13,584.00,871.00,54,0.5197,230.00,147.00,1400.00,-10800.00,0.0000,0.00000000
"test2",24,14,591.00,817.00,59,0.5748,246.00,150.00,1400.00,-10800.00,0.0000,0.00000000
"test2",24,15,591.87,810.26,59,0.5748,246.00,150.00,2025.26,-9651.95,271949.8438,0.00156131
"test2",24,16,602.00,762.00,64,0.6142,261.00,152.00,3000.00,-10600.00,1074703.5000,0.00000002
"test2",24,17,617.00,709.00,69,0.6457,272.00,153.00,1536.68,-5429.57,2653094.2500,0.00000047
"test2",24,18,620.07,698.14,71,0.6457,272.00,153.00,2981.66,-10535.22,256819.7500,0.00212018
"test2",24,19,632.00,656.00,75,0.6772,279.00,156.00,4000.00,-10400.00,416541.4063,0.00000000
"test2",24,20,652.00,604.00,80,0.6850,283.00,156.00,3252.35,-8456.12,512787.8438,0.00174935
"test2",24,21,658.50,587.09,82,0.6850,283.00,156.00,3873.83,-9271.94,266533.8438,0.00161182
"test2",24,22,674.00,550.00,86,0.6929,284.00,157.00,4800.00,-9800.00,12039.9326,0.00000001
"test2",24,23,698.00,501.00,91,0.6850,282.00,156.00,4826.48,-9854.06,1845084.6250,0.00111635
"test2",24,24,707.65,481.29,93,0.6850,282.00,156.00,3449.02,-6430.62,2432388.7500,0.00000000
"test2",24,25,718.00,462.00,96,0.6614,275.00,155.00,0.00,0.00,0.0000,0.00000000
"test2",24,26,718.00,462.00,100,0.6614,275.00,155.00,0.00,0.00,0.0000,0.00000000
"test2",23,0,630.00,1113.00,0,0.3071,146.00,136.00,0.00,0.00,0.0000,0.00000000
"test2",23,1,630.00,1113.00,11,0.3465,161.00,138.00,0.00,0.00,1250000.0000,0.00000000
"test2",23,2,630.00,1113.00,12,0.3465,161.00,138.00,-750.00,-1000.00,652997.8750,0.21760000
"test2",23,3,627.00,1109.00,16,0.3465,162.00,138.00,-1000.00,-3600.00,126823.5313,0.00000014
"test2",23,4,622.00,1091.00,21,0.3543,165.00,138.00,-830.29,-2989.01,768106.3750,0.03337448
"test2",23,5,620.34,1085.02,23,0.3543,165.00,138.00,-584.85,-4505.49,533813.2500,0.00172066
"test2",23,6,618.00,1067.00,27,0.3701,172.00,139.00,-1000.00,-6600.00,300122.3750,0.00000003
"test2",23,7,613.00,1034.00,32,0.3937,183.00,141.00,-1224.79,-8083.68,583586.0625,0.00829180
"test2",23,8,610.55,1017.83,34,0.3937,183.00,141.00,-183.47,-8610.88,156270.5781,0.00071577
"test2",23,9,610.00,992.00,37,0.4409,197.00,144.00,-333.33,-8166.67,681122.1875,0.00000000
"test2",23,10,608.00,943.00,43,0.4803,213.00,146.00,-500.00,-12250.00,1278155.3750,0.00244186
"test2",23,11,607.00,918.50,45,0.4803,213.00,146.00,333.33,-9833.33,456097.3438,0.00006999
"test2",23,12,608.00,889.00,48,0.5276,231.00,148.00,400.00,-11200.00,373571.4375,0.00000000
"test2",23,13,610.00,833.00,53,0.5748,247.00,150.00,333.33,-9333.33,598351.6875,0.00627444
"test2",23,14,611.00,805.00,56,0.5748,247.00,150.00,2000.00,-10000.00,603692.3750,0.00050286
"test2",23,15,617.00,775.00,59,0.6142,261.00,152.00,2200.00,-11800.00,309197.2813,0.00113418
"test2",23,16,628.00,716.00,64,0.6457,273.00,153.00,2762.68,-10360.05,2121576.7500,0.00000001
"test2",23,17,639.05,674.56,68,0.6457,273.00,153.00,4949.28,-18559.81,7176280.5000,0.00027934
"test2",23,18,644.00,656.00,69,0.6772,282.00,154.00,3200.00,-11600.00,731838.3750,0.00025800
"test2",23,19,660.00,598.00,74,0.6850,287.00,155.00,2408.25,-8027.49,383169.7188,0.00000008
"test2",23,20,672.04,557.86,79,0.6850,287.00,155.00,2958.74,-9862.55,10296796.0000,0.00000000
"test2",23,21,675.00,548.00,80,0.6850,288.00,153.00,0.00,0.00,0.0000,0.00000000
"test2",23,22,675.00,548.00,84,0.6850,288.00,153.00,0.00,0.00,0.0000,0.00000000
"test2",22,0,611.00,1086.00,0,0.2835,164.00,113.00,0.00,0.00,45248.8086,0.00000000
"test2",22,1,611.00,1086.00,11,0.3701,172.00,138.00,-351.95,-351.95,31598.8340,0.00000000
"test2",22,2,609.24,1084.24,16,0.3701,172.00,138.00,-240.23,-240.23,1943688.5000,2.45044303
"test2",22,3,609.00,1084.00,17,0.3701,173.00,138.00,-1400.00,-1800.00,203807.5781,0.02967598
"test2",22,4,602.00,1075.00,22,0.3701,174.00,139.00,-1199.63,-2799.15,0.0000,0.00000000
"test2",22,5,596.00,1061.00,27,0.3701,174.00,139.00,-1199.63,-2799.15,0.0000,0.00000000
"test2",22,6,596.00,1061.00,27,0.3858,176.00,140.00,-1000.00,-3400.00,109341.4453,0.00703918
"test2",22,7,591.00,1044.00,32,0.3937,180.00,141.00,-666.67,-3833.33,0.0000,0.00000000
"test2",22,8,587.00,1021.00,38,0.4094,185.00,143.00,-666.67,-3833.33,0.0000,0.00000000
"test2",22,9,586.60,1018.70,38,0.4094,185.00,143.00,-319.85,-5939.14,372943.9375,0.00124236
"test2",22,10,585.00,989.00,43,0.4331,193.00,145.00,-200.00,-7800.00,106323.8594,0.00000009
"test2",22,11,584.00,950.00,48,0.4646,204.00,147.00,-186.40,-7268.55,682726.2500,0.01192807
"test2",22,12,583.81,942.73,49,0.4646,204.00,147.00,437.28,-7546.29,425881.7813,0.00155054
"test2",22,13,586.00,905.00,54,0.5039,214.00,150.00,1000.00,-9600.00,278422.0625,0.00000001
"test2",22,14,591.00,857.00,59,0.5276,225.00,153.00,1144.23,-10984.62,1478763.0000,0.00772987
"test2",22,15,592.14,846.02,60,0.5276,225.00,153.00,1963.94,-9753.85,276479.4688,0.00104382
"test2",22,16,600.00,807.00,64,0.5669,235.00,156.00,2166.67,-8666.67,1359009.1250,0.00000006
"test2",22,17,613.00,755.00,70,0.5984,244.00,159.00,4144.29,-16577.27,7529288.0000,0.00311504
"test2",22,18,617.14,738.42,71,0.5984,244.00,159.00,3213.93,-9105.68,422114.7188,0.00065392
"test2",22,19,630.00,702.00,75,0.6220,251.00,161.00,4000.00,-10600.00,558758.2500,0.00000000
"test2",22,20,650.00,649.00,80,0.6457,255.00,162.00,3013.63,-7986.12,553984.8125,0.00393040
"test2",22,21,659.04,625.04,83,0.6457,255.00,162.00,4319.70,-9013.88,252592.8906,0.00059996
"test2",22,22,672.00,598.00,86,0.6535,258.00,163.00,4800.00,-9600.00,2146625.2500,0.00000000
"test2",22,23,696.00,550.00,91,0.6457,257.00,162.00,0.00,0.00,0.0000,0.00000000
"test2",22,24,696.00,550.00,95,0.6457,257.00,162.00,0.00,0.00,0.0000,0.00000000
"test2",21,0,603.00,1077.00,0,0.3071,161.00,124.00,0.00,0.00,0.0000,0.00000000
"test2",21,1,603.00,1077.00,11,0.3937,168.00,152.00,0.00,0.00,527046.2500,0.00000000
"test2",21,2,603.00,1077.00,13,0.3937,168.00,152.00,-333.33,-1000.00,277777.8125,0.07905696
"test2",21,3,602.00,1074.00,16,0.3937,168.00,153.00,-333.33,-1833.33,139535.5781,0.00000026
"test2",21,4,600.00,1063.00,22,0.3937,169.00,153.00,-483.09,-2657.04,626748.5000,0.00204316
"test2",21,5,599.03,1057.69,24,0.3937,169.00,153.00,-677.94,-3895.30,97941.2344,0.00549011
"test2",21,6,597.00,1046.00,27,0.4094,172.00,153.00,-400.00,-3800.00,127366.4688,0.00000000
"test2",21,7,595.00,1027.00,32,0.4252,177.00,154.00,-333.33,-3166.67,785674.1875,0.01892930
"test2",21,8,594.00,1017.50,35,0.4252,177.00,154.00,0.00,-5500.00,566666.6875,0.00000000
"test2",21,9,594.00,1001.00,38,0.4488,186.00,155.00,0.00,-7200.00,360000.0000,0.00000000
"test2",21,10,594.00,965.00,43,0.4724,197.00,156.00,0.00,-9000.00,687184.3750,0.00205761
"test2",21,11,594.00,947.00,45,0.4724,197.00,156.00,333.33,-7666.67,222222.2188,0.00377002
"test2",21,12,595.00,924.00,48,0.5197,210.00,158.00,1000.00,-7666.67,644300.8125,0.00000000
"test2",21,13,601.00,878.00,54,0.5512,224.00,159.00,1500.00,-11500.00,1438556.1250,0.00320543
"test2",21,14,604.00,855.00,56,0.5512,224.00,159.00,2000.00,-8666.67,487371.2813,0.00120009
"test2",21,15,610.00,829.00,59,0.5906,237.00,160.00,2600.00,-10000.00,119053.8516,0.00085741
"test2",21,16,623.00,779.00,64,0.6220,249.00,161.00,3138.73,-10253.20,592453.8125,0.00000003
"test2",21,17,635.55,737.99,68,0.6220,249.00,161.00,2445.07,-7987.18,901489.9375,0.01281852
"test2",21,18,638.00,730.00,69,0.6457,258.00,161.00,3333.33,-7833.33,189598.8438,0.00187998
"test2",21,19,658.00,683.00,75,0.6614,265.00,161.00,4395.30,-8241.19,0.0000,0.00000000
"test2",21,20,679.98,641.79,80,0.6614,265.00,161.00,4395.30,-8241.19,0.0000,0.00000000
"test2",21,21,682.00,638.00,80,0.6693,269.00,160.00,4200.00,-7600.00,1736663.5000,0.00000000
"test2",21,22,703.00,600.00,85,0.6614,268.00,159.00,0.00,0.00,0.0000,0.00000000
"test2",21,23,703.00,600.00,90,0.6614,268.00,159.00,0.00,0.00,0.0000,0.00000000
"test2",20,0,596.00,1079.00,0,0.3071,162.00,123.00,0.00,0.00,65018.3945,0.00000000
"test2",20,1,596.00,1079.00,11,0.4016,176.00,147.00,-595.08,-396.73,0.0000,0.00000000
"test2",20,2,593.02,1077.02,16,0.4016,176.00,147.00,-595.08,-396.73,0.0000,0.00000000
"test2",20,3,593.00,1077.00,16,0.4016,177.00,147.00,-1333.33,-2000.00,309918.3438,0.01760106
"test2",20,4,585.00,1065.00,22,0.4016,179.00,147.00,-1800.00,-3800.00,519853.9688,0.00000036
"test2",20,5,576.00,1046.00,27,0.4173,184.00,147.00,-687.32,-1450.93,4977765.5000,0.59517103
"test2",20,6,575.31,1044.55,28,0.4173,184.00,147.00,-1328.17,-6387.27,83143.3281,0.00182277
"test2",20,7,570.00,1019.00,32,0.4409,192.00,148.00,-1000.00,-6333.33,3062.2124,0.00000001
"test2",20,8,564.00,981.00,38,0.4803,204.00,150.00,-997.13,-6315.19,3927595.2500,0.03274973
"test2",20,9,563.00,974.68,39,0.4803,204.00,150.00,-250.72,-10171.20,193412.0313,0.00112561
"test2",20,10,562.00,934.00,43,0.5118,218.00,151.00,200.00,-10800.00,773865.6250,0.00000000
"test2",20,11,563.00,880.00,48,0.5512,234.00,153.00,128.36,-6931.34,2356666.5000,0.01796257
"test2",20,12,563.26,866.14,50,0.5512,234.00,153.00,1935.82,-11284.33,256650.2344,0.00057726
"test2",20,13,571.00,821.00,54,0.5984,249.00,154.00,2400.00,-12200.00,576313.4375,0.00000002
"test2",20,14,583.00,760.00,59,0.6299,263.00,155.00,1843.81,-9372.62,2985812.7500,0.00825576
"test2",20,15,586.69,741.25,61,0.6299,263.00,155.00,4437.46,-14751.59,1276650.2500,0.00048120
"test2",20,16,600.00,697.00,64,0.6693,275.00,156.00,3666.67,-11000.00,494813.0313,0.00000001
"test2",20,17,622.00,631.00,70,0.6929,284.00,156.00,4605.50,-13816.53,1054200.7500,0.00496966
"test2",20,18,631.21,603.37,72,0.6929,284.00,156.00,6596.33,-13122.31,79190.8203,0.00036609
"test2",20,19,651.00,564.00,75,0.7087,291.00,156.00,6800.00,-13000.00,2934212.0000,0.00000000
"test2",20,20,685.00,499.00,80,0.7165,295.00,156.00,0.00,0.00,0.0000,0.00000000
"test2",20,21,685.00,499.00,84,0.7165,295.00,156.00,0.00,0.00,0.0000,0.00000000
"test2",19,0,568.00,1132.00,0,0.2756,143.00,124.00,0.00,0.00,158113.8750,0.00000000
"test2",19,1,568.00,1132.00,10,0.4173,185.00,146.00,-500.00,-1500.00,1729.5913,0.00000043
"test2",19,2,565.00,1123.00,16,0.4252,186.00,147.00,-496.72,-1490.15,2759383.2500,0.38451049
"test2",19,3,563.51,1118.53,19,0.4252,186.00,147.00,-254.91,-9764.77,1683948.5000,0.00122017
"test2",19,4,563.00,1099.00,21,0.4331,191.00,147.00,-400.00,-6400.00,213749.5625,0.00000000
"test2",19,5,561.00,1067.00,26,0.4567,200.00,147.00,-333.33,-5333.33,1133115.6250,0.01019412
"test2",19,6,560.00,1051.00,29,0.4567,200.00,147.00,333.33,-8666.67,711458.1250,0.00006812
"test2",19,7,561.00,1025.00,32,0.4961,214.00,148.00,400.00,-10800.00,360246.8125,0.00000000
"test2",19,8,563.00,971.00,37,0.5512,234.00,150.00,333.33,-9000.00,3085709.7500,0.00752909
"test2",19,9,564.00,944.00,40,0.5512,234.00,150.00,2500.00,-18000.00,2512469.0000,0.00029159
"test2",19,10,569.00,908.00,42,0.5984,255.00,150.00,2000.00,-13000.00,463694.5313,0.00089965
"test2",19,11,579.00,843.00,47,0.6535,278.00,151.00,2437.06,-10723.10,340760.6250,0.00000007
"test2",19,12,591.19,789.38,52,0.6535,278.00,151.00,2814.70,-12384.52,849348.6250,0.00269278
"test2",19,13,594.00,777.00,53,0.7087,298.00,152.00,3400.00,-13000.00,308834.5000,0.00088630
"test2",19,14,611.00,712.00,58,0.7480,314.00,153.00,3839.94,-11519.82,0.0000,0.00000000
"test2",19,15,630.20,654.40,63,0.7480,314.00,153.00,3839.94,-11519.82,0.0000,0.00000000
"test2",19,16,632.00,649.00,63,0.7874,326.00,154.00,4166.67,-10333.33,131115.8750,0.00055430
"test2",19,17,657.00,587.00,69,0.7953,333.00,155.00,4800.00,-10800.00,0.0000,0.00000000
"test2",19,18,681.00,533.00,74,0.8110,336.00,155.00,4800.00,-10800.00,0.0000,0.00000000
"test2",19,19,682.65,529.29,74,0.8110,336.00,155.00,-412.52,928.19,0.0000,0.00000000
"test2",19,20,681.00,533.00,78,0.8110,336.00,155.00,-412.52,928.19,0.0000,0.00000000
"test2",18,0,562.00,958.00,0,0.2992,150.00,129.00,-100.00,-300.00,279781.6563,0.15811396
"test2",18,1,561.00,955.00,10,0.2992,150.00,129.00,-833.33,-3000.00,0.0000,0.00000000
"test2",18,2,556.00,937.00,16,0.3071,154.00,131.00,-833.33,-3000.00,0.0000,0.00000000
"test2",18,3,555.28,934.40,16,0.3071,154.00,131.00,-655.42,-4479.52,584201.8750,0.00466094
"test2",18,4,552.00,912.00,21,0.3307,161.00,134.00,-600.00,-7400.00,198089.5156,0.00000004
"test2",18,5,549.00,875.00,26,0.3701,174.00,137.00,-680.05,-8387.21,2655715.7500,0.01483767
"test2",18,6,548.32,866.61,27,0.3701,174.00,137.00,170.01,-10903.20,230684.6406,0.00175801
"test2",18,7,549.00,823.00,31,0.4173,193.00,141.00,1000.00,-10500.00,106548.9141,0.00000000
"test2",18,8,555.00,760.00,37,0.4882,217.00,145.00,939.39,-9863.59,3286115.7500,0.00764538
"test2",18,9,556.88,740.27,39,0.4882,217.00,145.00,3040.41,-16090.94,786098.8750,0.00121222
"test2",18,10,566.00,692.00,42,0.5591,242.00,149.00,3600.00,-13800.00,910748.6875,0.00000001
"test2",18,11,584.00,623.00,47,0.6299,266.00,152.00,2450.54,-9393.72,1526225.5000,0.00486056
"test2",18,12,591.35,594.82,50,0.6299,266.00,152.00,4882.79,-13272.95,50548.5625,0.00020260
"test2",18,13,606.00,555.00,53,0.6850,287.00,155.00,4800.00,-13400.00,612292.9375,0.00000001
"test2",18,14,630.00,488.00,58,0.7323,303.00,157.00,3767.60,-10517.86,607532.8750,0.00425264
"test2",18,15,641.30,456.45,61,0.7323,303.00,157.00,5565.73,-10815.47,596911.6250,0.00003777
"test2",18,16,658.00,424.00,64,0.7717,313.00,159.00,6400.00,-12400.00,2790842.2500,0.00000000
"test2",18,17,690.00,362.00,69,0.7874,319.00,159.00,0.00,0.00,0.0000,0.00000000
"test2",18,18,690.00,362.00,73,0.7874,319.00,159.00,0.00,0.00,0.0000,0.00000000
"test2",17,0,543.00,1004.00,0,0.3071,157.00,126.00,0.00,-1000.00,619985.9375,0.00000000
"test2",17,1,543.00,994.00,10,0.3071,159.00,126.00,0.00,-7199.86,499824.4688,0.00000000
"test2",17,2,543.00,965.20,14,0.3071,159.00,126.00,0.00,-5200.56,1973156.5000,0.00616238
"test2",17,3,543.00,960.00,15,0.3307,166.00,128.00,166.67,-7166.67,388433.8438,0.00164078
"test2",17,4,544.00,917.00,21,0.3622,179.00,130.00,725.33,-9429.32,0.0000,0.00000000
"test2",17,5,547.63,869.85,26,0.3622,179.00,130.00,725.33,-9429.32,0.0000,0.00000000
"test2",17,6,548.00,865.00,26,0.4016,197.00,133.00,1800.00,-12200.00,324687.8125,0.00098820
"test2",17,7,557.00,804.00,31,0.4646,218.00,137.00,2333.33,-10666.67,0.0000,0.00000000
"test2",17,8,571.00,740.00,37,0.5276,240.00,140.00,2333.33,-10666.67,0.0000,0.00000000
"test2",17,9,571.07,739.69,37,0.5276,240.00,140.00,3786.30,-12537.40,176175.1406,0.00102202
"test2",17,10,590.00,677.00,42,0.5827,261.00,144.00,4600.00,-12200.00,841941.2500,0.00000001
"test2",17,11,613.00,616.00,47,0.6299,278.00,147.00,3114.81,-8260.99,5004622.0000,0.01953162
"test2",17,12,616.11,607.74,48,0.6299,278.00,147.00,6221.30,-12184.75,3420277.5000,0.00000000
"test2",17,13,641.00,559.00,52,0.6614,291.00,147.00,0.00,0.00,0.0000,0.00000000
"test2",17,14,641.00,559.00,57,0.6614,291.00,147.00,0.00,0.00,0.0000,0.00000000
"test2",16,0,603.00,1050.00,0,0.2992,144.00,135.00,0.00,0.00,0.0000,0.00000000
"test2",16,1,603.00,1050.00,11,0.3858,178.00,138.00,0.00,0.00,600925.2500,0.00000000
"test2",16,2,603.00,1050.00,13,0.3858,178.00,138.00,-1000.00,-666.67,503076.9375,0.26668277
"test2",16,3,600.00,1048.00,16,0.3858,179.00,138.00,-1166.67,-2166.67,192648.6250,0.00000052
"test2",16,4,593.00,1035.00,22,0.3858,180.00,138.00,-1714.69,-3184.39,668687.6875,0.04746473
"test2",16,5,589.57,1028.63,24,0.3858,180.00,138.00,-856.87,-4210.41,497320.7813,0.00460589
"test2",16,6,587.00,1016.00,27,0.3937,184.00,139.00,-1400.00,-5600.00,192411.6406,0.00000000
"test2",16,7,580.00,988.00,32,0.4173,192.00,141.00,-1166.67,-4666.67,1160034.1250,0.02562201
"test2",16,8,576.50,974.00,35,0.4173,192.00,141.00,-166.67,-8000.00,538974.8125,0.00104099
"test2",16,9,576.00,950.00,38,0.4488,203.00,143.00,-400.00,-9600.00,320277.6563,0.00000000
"test2",16,10,574.00,902.00,43,0.4882,216.00,145.00,-333.33,-8000.00,2184400.5000,0.00573592
"test2",16,11,573.00,878.00,46,0.4882,216.00,145.00,500.00,-14500.00,2595402.0000,0.00160988
"test2",16,12,574.00,849.00,48,0.5197,231.00,147.00,1000.00,-9333.33,232633.8750,0.00166552
"test2",16,13,580.00,793.00,54,0.5748,246.00,150.00,1990.88,-10316.41,1379486.2500,0.00000012
"test2",16,14,587.96,751.73,58,0.5748,246.00,150.00,3036.50,-15734.38,4534521.5000,0.00320640
"test2",16,15,591.00,736.00,59,0.6142,258.00,152.00,3000.00,-11200.00,502672.6875,0.00035641
"test2",16,16,606.00,680.00,64,0.6457,269.00,154.00,2584.08,-8721.29,348826.6250,0.00000005
"test2",16,17,618.92,636.39,69,0.6457,269.00,154.00,3079.59,-10393.55,559862.8125,0.00374708
"test2",16,18,622.00,626.00,70,0.6693,276.00,156.00,3600.00,-10600.00,385552.2813,0.00140809
"test2",16,19,640.00,573.00,75,0.6850,279.00,159.00,3884.25,-8693.31,0.0000,0.00000000
"test2",16,20,659.42,529.53,80,0.6850,279.00,159.00,3884.25,-8693.31,0.0000,0.00000000
"test2",16,21,661.00,526.00,80,0.6850,279.00,159.00,3333.33,-6666.67,1242260.0000,0.00000000
"test2",16,22,681.00,486.00,86,0.6772,274.00,159.00,0.00,0.00,0.0000,0.00000000
"test2",16,23,681.00,486.00,90,0.6772,274.00,159.00,0.00,0.00,0.0000,0.00000000
"test2",15,0,586.00,1136.00,0,0.3071,155.00,129.00,0.00,0.00,156490.4688,0.00000000
"test2",15,1,586.00,1136.00,11,0.3937,174.00,147.00,-678.09,-1582.21,247800.9063,0.00000224
"test2",15,2,583.29,1129.67,15,0.3937,174.00,147.00,-287.66,-671.14,3404221.2500,1.23160350
"test2",15,3,583.00,1129.00,16,0.4016,175.00,148.00,-1000.00,-4000.00,315864.2500,0.00226945
"test2",15,4,578.00,1109.00,21,0.4094,179.00,148.00,-1193.03,-5567.48,1105515.8750,0.00000005
"test2",15,5,572.03,1081.16,26,0.4094,179.00,148.00,-34.85,-162.60,7758450.0000,9.61246777
"test2",15,6,572.00,1081.00,27,0.4331,188.00,149.00,-1400.00,-7800.00,572712.8125,0.00345612
"test2",15,7,565.00,1042.00,32,0.4724,202.00,150.00,-800.00,-10600.00,1129771.2500,0.00000000
"test2",15,8,561.00,989.00,37,0.5276,222.00,152.00,-374.88,-4967.16,6239603.5000,0.02092722
"test2",15,9,560.63,984.03,38,0.5276,222.00,152.00,-325.02,-11206.57,373740.6250,0.00091779
"test2",15,10,559.00,928.00,43,0.5827,243.00,154.00,200.00,-13000.00,162030.8125,0.00000003
"test2",15,11,560.00,863.00,48,0.6457,265.00,156.00,187.56,-12189.94,1972556.5000,0.01006490
"test2",15,12,560.19,850.81,49,0.6457,265.00,156.00,1703.11,-13452.51,207729.6250,0.00101730
"test2",15,13,567.00,797.00,53,0.7008,285.00,158.00,2400.00,-13000.00,857152.3125,0.00000002
"test2",15,14,579.00,732.00,58,0.7402,301.00,159.00,1621.92,-8785.46,1554332.1250,0.01009371
"test2",15,15,582.24,714.43,60,0.7402,301.00,159.00,3689.04,-11107.27,177458.1719,0.00060156
"test2",15,16,597.00,670.00,64,0.7953,314.00,162.00,4200.00,-11600.00,153057.2813,0.00000002
"test2",15,17,618.00,612.00,69,0.8110,321.00,163.00,3939.45,-10880.43,764972.9375,0.00435856
"test2",15,18,625.88,590.24,71,0.8110,321.00,163.00,5373.70,-11413.04,474560.2500,0.00093167
"test2",15,19,642.00,556.00,74,0.8268,324.00,164.00,5200.00,-10000.00,375706.8125,0.00000000
"test2",15,20,668.00,506.00,79,0.8189,321.00,165.00,4333.33,-8333.33,1222222.1250,0.00639154
"test2",15,21,681.00,481.00,82,0.8189,321.00,165.00,4333.33,-4666.67,2122774.7500,0.00000000
"test2",15,22,694.00,467.00,85,0.8031,314.00,164.00,0.00,0.00,0.0000,0.00000000
"test2",15,23,694.00,467.00,89,0.8031,314.00,164.00,0.00,0.00,0.0000,0.00000000
"test2",14,0,598.00,1043.00,0,0.3386,156.00,140.00,0.00,0.00,102851.8984,0.00000000
"test2",14,1,598.00,1043.00,11,0.3858,180.00,138.00,-800.00,-800.00,401188.1875,0.17176224
"test2",14,2,594.00,1039.00,16,0.3858,181.00,139.00,-1209.16,-2763.77,0.0000,0.00000000
"test2",14,3,587.95,1025.18,21,0.3858,181.00,139.00,-1209.16,-2763.77,0.0000,0.00000000
"test2",14,4,587.00,1023.00,21,0.4016,184.00,140.00,-1500.00,-4000.00,389089.6875,0.00881512
"test2",14,5,578.00,999.00,27,0.4173,191.00,142.00,-1342.57,-6329.22,0.0000,0.00000000
"test2",14,6,571.29,967.35,32,0.4173,191.00,142.00,-1342.57,-6329.22,0.0000,0.00000000
"test2",14,7,571.00,966.00,32,0.4567,202.00,144.00,-1000.00,-9200.00,166799.9375,0.00192632
"test2",14,8,566.00,920.00,37,0.4961,218.00,147.00,-166.67,-9166.67,0.0000,0.00000000
"test2",14,9,565.00,865.00,43,0.5512,235.00,150.00,-166.67,-9166.67,0.0000,0.00000000
"test2",14,10,564.95,862.36,43,0.5512,235.00,150.00,809.59,-11272.49,285691.6563,0.00213486
"test2",14,11,569.00,806.00,48,0.5984,253.00,153.00,2200.00,-11600.00,612538.5625,0.00000002
"test2",14,12,580.00,748.00,53,0.6614,270.00,157.00,1629.33,-8590.94,1510497.3750,0.01076699
"test2",14,13,581.63,739.41,54,0.6614,270.00,157.00,2674.13,-9681.81,317359.1875,0.00156120
"test2",14,14,595.00,691.00,59,0.7087,283.00,160.00,3800.00,-10800.00,481349.1563,0.00000000
"test2",14,15,614.00,637.00,64,0.7402,292.00,163.00,4598.82,-13070.31,3596693.0000,0.00743854
"test2",14,16,618.60,623.93,65,0.7402,292.00,163.00,4850.30,-9482.42,250348.9844,0.00154461
"test2",14,17,638.00,586.00,69,0.7638,298.00,165.00,5800.00,-9800.00,361345.0625,0.00000001
"test2",14,18,667.00,537.00,74,0.7795,300.00,167.00,4879.79,-8245.18,812794.8750,0.00863362
"test2",14,19,676.76,520.51,76,0.7795,300.00,167.00,6060.10,-7127.41,2338868.0000,0.00000000
"test2",14,20,701.00,492.00,80,0.7717,297.00,167.00,0.00,0.00,0.0000,0.00000000
"test2",14,21,701.00,492.00,84,0.7717,297.00,167.00,0.00,0.00,0.0000,0.00000000
"test2",13,0,574.00,1075.00,0,0.2677,146.00,120.00,0.00,0.00,224896.6875,0.00000000
"test2",13,1,574.00,1075.00,11,0.4252,188.00,147.00,-600.00,-2400.00,82462.1094,0.00000000
"test2",13,2,571.00,1063.00,16,0.4252,189.00,147.00,-500.00,-2000.00,2512469.0000,0.19973522
"test2",13,3,569.50,1057.00,19,0.4252,189.00,147.00,250.00,-9500.00,1588259.8750,0.00092240
"test2",13,4,570.00,1038.00,21,0.4409,195.00,147.00,0.00,-6333.33,527777.7500,0.00000000
"test2",13,5,570.00,1000.00,27,0.4646,207.00,147.00,0.00,-9500.00,1096079.0000,0.00184672
"test2",13,6,570.00,981.00,29,0.4646,207.00,147.00,333.33,-11666.67,378430.7500,0.00206860
"test2",13,7,571.00,946.00,32,0.5118,224.00,147.00,1200.00,-12400.00,415264.3750,0.00000000
"test2",13,8,577.00,884.00,37,0.5669,244.00,148.00,1000.00,-10333.33,555555.5625,0.00380663
"test2",13,9,580.00,853.00,40,0.5669,244.00,148.00,2333.33,-11333.33,747010.6250,0.00107580
"test2",13,10,587.00,819.00,43,0.6142,266.00,149.00,3200.00,-13400.00,179209.4375,0.00063799
"test2",13,11,603.00,752.00,48,0.6693,287.00,150.00,3942.32,-13901.86,652057.3125,0.00000003
"test2",13,12,618.77,696.39,52,0.6693,287.00,150.00,3230.71,-11392.58,1057709.6250,0.00669015
"test2",13,13,622.00,685.00,53,0.7087,304.00,151.00,4000.00,-10666.67,635874.3125,0.00085927
"test2",13,14,646.00,621.00,59,0.7559,318.00,152.00,5945.34,-13948.70,2376147.0000,0.00000002
"test2",13,15,669.78,565.21,63,0.7559,318.00,152.00,2218.63,-5205.20,6262986.5000,0.02534035
"test2",13,16,672.00,560.00,64,0.7795,328.00,153.00,5400.00,-10600.00,2379243.7500,0.00000000
"test2",13,17,699.00,507.00,69,0.7874,331.00,153.00,0.00,0.00,0.0000,0.00000000
"test2",13,18,699.00,507.00,73,0.7874,331.00,153.00,0.00,0.00,0.0000,0.00000000
"test2",12,0,538.00,993.00,0,0.3307,162.00,132.00,0.00,0.00,0.0000,0.00000000
"test2",12,1,538.00,993.00,11,0.4094,185.00,145.00,0.00,0.00,400616.8125,0.00000000
"test2",12,2,538.00,993.00,14,0.4094,185.00,145.00,-666.67,-1000.00,773001.1875,0.14080851
"test2",12,3,536.00,990.00,17,0.4252,186.00,146.00,-1400.00,-3200.00,174642.4844,0.00000000
"test2",12,4,529.00,974.00,22,0.4252,188.00,146.00,-1750.00,-4000.00,913821.3750,0.04405565
"test2",12,5,525.50,966.00,24,0.4252,188.00,146.00,-500.00,-5333.33,433902.7188,0.00209633
"test2",12,6,524.00,950.00,27,0.4409,194.00,147.00,-800.00,-6600.00,221610.2656,0.00000000
"test2",12,7,520.00,917.00,32,0.4724,204.00,148.00,-666.67,-5500.00,1461438.3750,0.01284987
"test2",12,8,518.00,900.50,35,0.4724,204.00,148.00,0.00,-9833.33,231207.3281,0.00137891
"test2",12,9,518.00,871.00,38,0.5039,217.00,150.00,400.00,-10400.00,239807.6875,0.00151607
"test2",12,10,520.00,819.00,43,0.5512,234.00,152.00,1186.91,-9495.31,0.0000,0.00000000
"test2",12,11,525.93,771.52,48,0.5512,234.00,152.00,1186.91,-9495.31,0.0000,0.00000000
"test2",12,12,527.00,763.00,48,0.5984,250.00,154.00,2166.67,-9166.67,169256.9063,0.00127113
"test2",12,13,540.00,708.00,54,0.6457,265.00,156.00,2999.38,-9747.97,0.0000,0.00000000
"test2",12,14,555.00,659.26,59,0.6457,265.00,156.00,2999.38,-9747.97,0.0000,0.00000000
"test2",12,15,556.00,656.00,59,0.6772,277.00,159.00,4000.00,-9800.00,431843.6250,0.00199000
"test2",12,16,576.00,607.00,64,0.7087,285.00,160.00,4333.33,-7666.67,0.0000,0.00000000
"test2",12,17,602.00,561.00,70,0.7165,289.00,161.00,4333.33,-7666.67,0.0000,0.00000000
"test2",12,18,602.46,560.18,70,0.7165,289.00,161.00,5707.58,-8636.47,273546.5000,0.00245599
"test2",12,19,631.00,517.00,75,0.7323,289.00,162.00,6600.00,-7600.00,595683.0625,0.00000000
"test2",12,20,664.00,479.00,80,0.7244,286.00,162.00,4647.09,-5351.20,9449824.0000,0.00000001
"test2",12,21,668.65,473.65,81,0.7244,286.00,162.00,-1549.03,1783.73,0.0000,0.00000000
"test2",12,22,664.00,479.00,84,0.7244,286.00,162.00,-1549.03,1783.73,0.0000,0.00000000
"test2",11,0,539.00,1118.00,0,0.2913,144.00,133.00,0.00,0.00,114991.9219,0.00000000
"test2",11,1,539.00,1118.00,11,0.4094,171.00,156.00,-400.00,-1200.00,57686.8633,0.00000000
"test2",11,2,537.00,1112.00,16,0.4173,173.00,156.00,-491.21,-1473.63,3410671.2500,0.39317432
"test2",11,3,536.51,1110.53,17,0.4173,173.00,156.00,-627.20,-4881.59,100558.2734,0.00080018
"test2",11,4,534.00,1091.00,21,0.4252,177.00,156.00,-500.00,-4500.00,5393.8496,0.00000003
"test2",11,5,531.00,1064.00,27,0.4488,184.00,156.00,-496.43,-4467.83,2278222.0000,0.01639446
"test2",11,6,530.01,1055.06,29,0.4488,184.00,156.00,-335.71,-9021.44,112132.6172,0.00136887
"test2",11,7,529.00,1028.00,32,0.4724,196.00,157.00,0.00,-9000.00,519946.2813,0.00000000
"test2",11,8,529.00,983.00,37,0.5118,212.00,157.00,0.00,-6400.27,1547264.2500,0.00813734
"test2",11,9,529.00,963.80,40,0.5118,212.00,157.00,1000.00,-10933.06,281119.6875,0.00213598
"test2",11,10,532.00,931.00,43,0.5591,228.00,158.00,1800.00,-11200.00,378124.1250,0.00000000
"test2",11,11,541.00,875.00,48,0.6063,246.00,159.00,1500.00,-9333.33,2099566.5000,0.00677395
"test2",11,12,545.50,847.00,51,0.6063,246.00,159.00,4250.00,-15000.00,2861684.0000,0.00004948
"test2",11,13,554.00,817.00,53,0.6535,264.00,159.00,2666.67,-9500.00,822264.4375,0.00000000
"test2",11,14,570.00,760.00,59,0.6850,278.00,159.00,4000.00,-14250.00,2875000.0000,0.00354687
"test2",11,15,578.00,731.50,61,0.6850,278.00,159.00,4000.00,-8500.00,570574.8125,0.00341763
"test2",11,16,590.00,706.00,64,0.7087,289.00,159.00,3800.00,-10200.00,410700.6875,0.00105694
"test2",11,17,609.00,655.00,69,0.7323,296.00,159.00,3703.98,-8148.74,894221.2500,0.00000009
"test2",11,18,623.82,622.41,73,0.7323,296.00,159.00,5184.08,-11405.03,12527945.0000,0.00000000
"test2",11,19,629.00,611.00,74,0.7244,298.00,157.00,0.00,0.00,0.0000,0.00000000
"test2",11,20,629.00,611.00,79,0.7244,298.00,157.00,0.00,0.00,0.0000,0.00000000
"test2",10,0,528.00,1014.00,0,0.3150,164.00,124.00,0.00,0.00,146586.5000,0.00000000
"test2",10,1,528.00,1014.00,11,0.4409,191.00,149.00,-800.00,-1400.00,470439.1250,0.07130890
"test2",10,2,524.00,1007.00,16,0.4409,192.00,149.00,-1067.69,-3736.91,295672.6563,0.00000012
"test2",10,3,518.66,988.32,21,0.4409,192.00,149.00,-661.56,-2315.43,3500967.2500,0.10896577
"test2",10,4,518.00,986.00,22,0.4488,195.00,149.00,-1000.00,-5800.00,263006.0938,0.00259563
"test2",10,5,513.00,957.00,27,0.4724,202.00,150.00,-766.94,-7094.21,0.0000,0.00000000
"test2",10,6,509.17,921.53,32,0.4724,202.00,150.00,-766.94,-7094.21,0.0000,0.00000000
"test2",10,7,509.00,920.00,32,0.5039,214.00,150.00,-166.67,-8333.33,519763.7813,0.00150630
"test2",10,8,508.00,870.00,38,0.5354,231.00,150.00,400.00,-11400.00,0.0000,0.00000000
"test2",10,9,510.00,813.00,43,0.5906,249.00,152.00,400.00,-11400.00,0.0000,0.00000000
"test2",10,10,510.06,811.20,43,0.5906,249.00,152.00,1787.37,-11439.99,351522.1250,0.00142033
"test2",10,11,519.00,754.00,48,0.6299,267.00,153.00,2500.00,-9833.33,0.0000,0.00000000
"test2",10,12,534.00,695.00,54,0.6772,283.00,155.00,2500.00,-9833.33,0.0000,0.00000000
"test2",10,13,535.73,688.20,54,0.6772,283.00,155.00,3454.10,-10239.45,299047.4063,0.00133375
"test2",10,14,553.00,637.00,59,0.7165,295.00,156.00,4600.00,-11200.00,1197275.1250,0.00000003
"test2",10,15,576.00,581.00,64,0.7480,303.00,158.00,2325.68,-5662.48,2987478.7500,0.01487660
"test2",10,16,580.65,569.68,66,0.7480,303.00,158.00,5587.16,-10668.76,167296.1406,0.00115070
"test2",10,17,603.00,527.00,70,0.7638,309.00,159.00,6200.00,-10400.00,411535.2188,0.00000001
"test2",10,18,634.00,475.00,75,0.7638,310.00,159.00,5146.33,-8632.57,10050172.0000,0.00000000
"test2",10,19,644.29,457.73,77,0.7638,310.00,159.00,-5146.33,8632.57,0.0000,0.00000000
"test2",10,20,634.00,475.00,79,0.7638,310.00,159.00,-5146.33,8632.57,0.0000,0.00000000
"test2",9,0,594.00,1153.00,0,0.2362,150.00,102.00,0.00,0.00,0.0000,0.00000000
"test2",9,1,594.00,1153.00,11,0.4331,193.00,147.00,0.00,0.00,1641476.2500,0.00000000
"test2",9,2,594.00,1153.00,13,0.4331,193.00,147.00,-1333.33,-3000.00,601643.8750,0.02637807
"test2",9,3,590.00,1144.00,16,0.4409,195.00,147.00,-1200.00,-4800.00,164924.2188,0.00000000
"test2",9,4,584.00,1120.00,21,0.4488,198.00,147.00,-1000.00,-4000.00,895806.4375,0.00634080
"test2",9,5,581.00,1108.00,24,0.4488,198.00,147.00,-1333.33,-6666.67,513039.9063,0.00311146
"test2",9,6,577.00,1088.00,27,0.4724,206.00,148.00,-1200.00,-8200.00,276244.6250,0.00000000
"test2",9,7,571.00,1047.00,32,0.5039,219.00,148.00,-1000.00,-6833.33,2972222.0000,0.00902359
"test2",9,8,568.00,1026.50,35,0.5039,219.00,148.00,-1000.00,-15750.00,3059876.7500,0.00056183
"test2",9,9,566.00,995.00,37,0.5433,236.00,149.00,-333.33,-9666.67,806034.3125,0.00000000
"test2",9,10,564.00,937.00,43,0.5984,255.00,150.00,-500.00,-14500.00,2124591.5000,0.00163716
"test2",9,11,563.00,908.00,45,0.5984,255.00,150.00,333.33,-10333.33,626178.0000,0.00253372
"test2",9,12,564.00,877.00,48,0.6378,273.00,150.00,1200.00,-12000.00,527263.5625,0.00089314
"test2",9,13,570.00,817.00,53,0.6772,288.00,151.00,1592.03,-9392.99,535945.1250,0.00000005
"test2",9,14,577.96,770.04,58,0.6772,288.00,151.00,2039.86,-12035.03,1129203.7500,0.00596630
"test2",9,15,580.00,758.00,59,0.7087,301.00,152.00,2800.00,-11200.00,292565.3438,0.00073604
"test2",9,16,594.00,702.00,64,0.7323,309.00,153.00,2941.60,-9744.04,0.0000,0.00000000
"test2",9,17,608.71,653.28,69,0.7323,309.00,153.00,2941.60,-9744.04,0.0000,0.00000000
"test2",9,18,610.00,649.00,69,0.7402,313.00,153.00,0.00,0.00,0.0000,0.00000000
"test2",9,19,610.00,649.00,73,0.7402,313.00,153.00,0.00,0.00,0.0000,0.00000000
"test2",8,0,547.00,1100.00,0,0.2362,158.00,99.00,0.00,0.00,40655.7813,0.00000000
"test2",8,1,547.00,1100.00,11,0.3150,171.00,119.00,-400.00,-200.00,41980.8672,0.00005459
"test2",8,2,545.00,1099.00,16,0.3150,171.00,120.00,-212.28,-106.08,1585339.7500,12.71284676
"test2",8,3,544.79,1098.89,17,0.3150,171.00,120.00,-1157.54,-1378.78,206659.3125,0.04796651
"test2",8,4,539.00,1092.00,22,0.3150,171.00,121.00,-1000.00,-2400.00,21785.9824,0.00000083
"test2",8,5,534.00,1080.00,27,0.3228,173.00,123.00,-958.13,-2299.44,1389829.5000,0.11467169
"test2",8,6,533.04,1077.70,28,0.3228,173.00,123.00,-760.47,-3675.14,65151.3320,0.00449677
"test2",8,7,530.00,1063.00,32,0.3386,175.00,126.00,-500.00,-3666.67,386943.3125,0.00000033
"test2",8,8,527.00,1041.00,38,0.3622,180.00,130.00,-813.66,-5967.04,938775.5000,0.02297260
"test2",8,9,526.19,1035.03,39,0.3622,180.00,130.00,-46.59,-6508.24,427409.1250,0.00152675
"test2",8,10,526.00,1009.00,43,0.3858,187.00,135.00,200.00,-8200.00,177601.6406,0.00000001
"test2",8,11,527.00,968.00,48,0.4173,197.00,139.00,178.34,-7312.26,889038.0000,0.01122287
"test2",8,12,527.36,953.38,50,0.4173,197.00,139.00,1410.83,-8593.87,560047.7500,0.00008782
"test2",8,13,533.00,919.00,54,0.4646,209.00,144.00,1800.00,-10800.00,180146.7344,0.00000002
"test2",8,14,542.00,865.00,59,0.5039,222.00,147.00,1948.09,-11688.48,610929.8750,0.00214642
"test2",8,15,545.90,841.62,61,0.5039,222.00,147.00,2367.94,-10541.02,523234.2500,0.00179695
"test2",8,16,553.00,810.00,64,0.5512,234.00,151.00,2666.67,-9000.00,751800.1250,0.00000002
"test2",8,17,569.00,756.00,70,0.5748,244.00,153.00,3948.12,-13324.95,1959057.7500,0.00140964
"test2",8,18,576.90,729.35,72,0.5748,244.00,153.00,3367.92,-9450.03,380345.4375,0.00091570
"test2",8,19,587.00,701.00,75,0.6142,252.00,156.00,4000.00,-10400.00,371423.6250,0.00000000
"test2",8,20,607.00,649.00,80,0.6220,256.00,157.00,3333.33,-8666.67,1296957.5000,0.00569000
"test2",8,21,617.00,623.00,83,0.6220,256.00,157.00,6000.00,-11500.00,2422407.0000,0.00024820
"test2",8,22,629.00,600.00,85,0.6378,258.00,158.00,3833.33,-7166.67,1354576.2500,0.00000000
"test2",8,23,652.00,557.00,91,0.6299,255.00,158.00,0.00,0.00,0.0000,0.00000000
"test2",8,24,652.00,557.00,95,0.6299,255.00,158.00,0.00,0.00,0.0000,0.00000000
"test2",7,0,474.00,1025.00,0,0.2283,144.00,102.00,-90.91,-272.73,256817.6406,0.71574843
"test2",7,1,473.00,1022.00,11,0.4488,196.00,146.00,-342.94,-3086.46,645879.7500,0.00000025
"test2",7,2,471.63,1009.65,15,0.4488,196.00,146.00,-628.23,-5654.17,1659137.8750,0.00170621
"test2",7,3,471.00,1004.00,16,0.4488,197.00,147.00,-500.00,-4000.00,0.0000,0.00000000
"test2",7,4,468.00,980.00,22,0.4567,200.00,147.00,-500.00,-4000.00,2501388.5000,0.02417087
"test2",7,5,466.50,968.00,25,0.4567,200.00,147.00,-250.00,-11500.00,952955.9375,0.00072276
"test2",7,6,466.00,945.00,27,0.4724,207.00,148.00,-400.00,-9600.00,320277.6563,0.00000000
"test2",7,7,464.00,897.00,32,0.5118,219.00,150.00,-333.33,-8000.00,916245.7500,0.00404040
"test2",7,8,463.00,873.00,35,0.5118,219.00,150.00,333.33,-10666.67,388094.3438,0.00067650
"test2",7,9,464.00,841.00,38,0.5512,233.00,152.00,600.00,-11800.00,291668.6250,0.00128610
"test2",7,10,467.00,782.00,43,0.5906,247.00,154.00,1438.18,-10606.59,936400.6250,0.00000004
"test2",7,11,474.19,728.97,48,0.5906,247.00,154.00,809.11,-5967.04,6101695.5000,0.02732712
"test2",7,12,475.00,723.00,49,0.6299,261.00,156.00,2600.00,-11800.00,203960.7813,0.00139673
"test2",7,13,488.00,664.00,54,0.6614,273.00,156.00,3600.00,-11600.00,0.0000,0.00000000
"test2",7,14,506.00,606.00,59,0.6850,282.00,156.00,3600.00,-11600.00,0.0000,0.00000000
"test2",7,15,506.58,604.14,59,0.6850,282.00,156.00,4884.35,-10827.34,2375611.5000,0.00000000
"test2",7,16,531.00,550.00,64,0.7008,288.00,156.00,0.00,0.00,0.0000,0.00000000
"test2",7,17,531.00,550.00,69,0.7008,288.00,156.00,0.00,0.00,0.0000,0.00000000
"test2",6,0,566.00,1111.00,0,0.3150,146.00,138.00,0.00,0.00,0.0000,0.00000000
"test2",6,1,566.00,1111.00,11,0.3701,174.00,138.00,0.00,0.00,901387.8125,0.00000000
"test2",6,2,566.00,1111.00,12,0.3701,174.00,138.00,-500.00,-750.00,429490.1563,0.09956157
"test2",6,3,564.00,1108.00,16,0.3701,175.00,139.00,-1166.67,-2333.33,452275.4688,0.00000000
"test2",6,4,557.00,1094.00,22,0.3858,177.00,140.00,-2380.25,-4760.50,1862141.5000,0.04341430
"test2",6,5,554.62,1089.24,23,0.3858,177.00,140.00,-654.94,-4059.88,492642.8125,0.00046821
"test2",6,6,552.00,1073.00,27,0.3937,182.00,141.00,-1000.00,-6000.00,367285.5000,0.00000004
"test2",6,7,547.00,1043.00,32,0.4173,191.00,143.00,-698.10,-4188.56,1989793.3750,0.02532650
"test2",6,8,544.91,1030.43,35,0.4173,191.00,143.00,-301.90,-10144.78,59013.7227,0.00031567
"test2",6,9,544.00,1000.00,38,0.4567,203.00,145.00,-200.00,-10000.00,349923.4375,0.00000001
"test2",6,10,543.00,950.00,43,0.4961,218.00,147.00,-165.02,-8250.73,2666293.2500,0.00768310
"test2",6,11,542.50,925.25,46,0.4961,218.00,147.00,1247.53,-16123.90,3228902.2500,0.00111584
"test2",6,12,545.00,893.00,48,0.5512,234.00,150.00,1333.33,-9666.67,813182.1875,0.00000000
"test2",6,13,553.00,835.00,54,0.5906,250.00,152.00,2000.00,-14500.00,2109831.7500,0.00286986
"test2",6,14,557.00,806.00,56,0.5906,250.00,152.00,2666.67,-10333.33,647121.0000,0.00014627
"test2",6,15,565.00,775.00,59,0.6299,264.00,153.00,3200.00,-12200.00,420423.0000,0.00000000
"test2",6,16,581.00,714.00,64,0.6614,276.00,154.00,2666.67,-10166.67,1757040.5000,0.00660278
"test2",6,17,589.00,683.50,67,0.6614,276.00,154.00,6000.00,-14250.00,2579634.5000,0.00155561
"test2",6,18,601.00,655.00,69,0.6850,285.00,155.00,3333.33,-9833.33,1730490.7500,0.00000000
"test2",6,19,621.00,596.00,75,0.7008,290.00,155.00,0.00,0.00,0.0000,0.00000000
"test2",6,20,621.00,596.00,79,0.7008,290.00,155.00,0.00,0.00,0.0000,0.00000000
"test2",5,0,568.00,1145.00,0,0.2362,133.00,114.00,0.00,0.00,60154.6719,0.00000000
"test2",5,1,568.00,1145.00,11,0.2362,134.00,115.00,-209.24,-627.75,36557.3203,0.00001317
"test2",5,2,567.16,1142.49,15,0.2362,134.00,115.00,-163.02,-489.01,1592713.0000,0.00029706
"test2",5,3,567.00,1142.00,16,0.2441,135.00,117.00,-666.67,-2000.00,402239.7813,0.01922109
"test2",5,4,563.00,1130.00,22,0.2598,140.00,120.00,-926.19,-4399.44,765729.3125,0.00000029
"test2",5,5,559.30,1112.40,26,0.2598,140.00,120.00,-295.23,-1402.22,3212269.0000,0.17560732
"test2",5,6,559.00,1111.00,27,0.2835,147.00,125.00,-600.00,-4600.00,240000.0000,0.00144244
"test2",5,7,556.00,1088.00,32,0.3150,158.00,129.00,-600.00,-5800.00,1125815.3750,0.00000012
"test2",5,8,553.00,1059.00,37,0.3543,173.00,135.00,-20.75,-200.81,7761008.5000,15.29749775
"test2",5,9,552.98,1058.80,38,0.3543,173.00,135.00,-195.85,-7959.84,251106.0781,0.00071389
"test2",5,10,552.00,1019.00,43,0.4094,190.00,139.00,0.00,-9200.00,670102.5625,0.00000000
"test2",5,11,552.00,973.00,48,0.4646,210.00,143.00,0.00,-5849.49,3040405.7500,0.01753540
"test2",5,12,552.00,967.15,49,0.4646,210.00,143.00,600.00,-8830.10,372267.5625,0.00227566
"test2",5,13,555.00,923.00,54,0.5197,229.00,147.00,1600.00,-10400.00,238017.7656,0.00000006
"test2",5,14,563.00,871.00,59,0.5748,246.00,150.00,1419.01,-9223.75,1563702.3750,0.01222218
"test2",5,15,564.42,861.78,60,0.5748,246.00,150.00,2645.25,-10194.06,132554.9688,0.00099705
"test2",5,16,575.00,821.00,64,0.6142,261.00,152.00,3000.00,-9800.00,598494.7500,0.00000001
"test2",5,17,590.00,772.00,69,0.6457,270.00,154.00,2124.05,-6938.60,762333.7500,0.00662460
"test2",5,18,594.25,758.12,71,0.6457,270.00,154.00,3187.97,-8030.70,92373.7734,0.00041886
"test2",5,19,607.00,726.00,75,0.6614,276.00,155.00,3200.00,-8400.00,58709.6797,0.00000001
"test2",5,20,623.00,684.00,80,0.6614,276.00,154.00,3304.50,-8674.32,9282430.0000,0.00000000
"test2",5,21,629.61,666.65,82,0.6614,276.00,154.00,-3304.50,8674.32,0.0000,0.00000000
"test2",5,22,623.00,684.00,84,0.6614,276.00,154.00,-3304.50,8674.32,0.0000,0.00000000
"test2",4,0,554.00,1095.00,0,0.2677,140.00,124.00,0.00,0.00,0.0000,0.00000000
"test2",4,1,554.00,1095.00,11,0.3701,168.00,143.00,0.00,0.00,1346291.2500,0.00000000
"test2",4,2,554.00,1095.00,12,0.3701,168.00,143.00,-500.00,-1250.00,641896.5625,0.16904680
"test2",4,3,552.00,1090.00,16,0.3780,169.00,144.00,-200.00,-3800.00,184339.3281,0.00000009
"test2",4,4,551.00,1071.00,21,0.3858,172.00,144.00,-151.55,-2879.58,1090375.6250,0.00553002
"test2",4,5,550.70,1065.24,23,0.3858,172.00,144.00,-174.22,-5060.21,486899.3438,0.00234893
"test2",4,6,550.00,1045.00,27,0.4016,180.00,144.00,0.00,-7000.00,87402.3438,0.00000000
"test2",4,7,550.00,1010.00,32,0.4331,191.00,146.00,0.00,-6562.99,702758.8125,0.00000000
"test2",4,8,550.00,996.87,34,0.4331,191.00,146.00,0.00,-7968.51,592640.6250,0.00314975
"test2",4,9,550.00,965.00,38,0.4646,206.00,147.00,800.00,-10200.00,276593.9688,0.00000001
"test2",4,10,554.00,914.00,43,0.5197,224.00,148.00,908.14,-11578.74,912812.8125,0.00350207
"test2",4,11,555.82,890.84,45,0.5197,224.00,148.00,1727.91,-9947.51,428391.5000,0.00105644
"test2",4,12,561.00,861.00,48,0.5512,241.00,149.00,1833.33,-8666.67,738204.5625,0.00000000
"test2",4,13,572.00,809.00,54,0.5906,256.00,149.00,2750.00,-13000.00,2500347.2500,0.00316127
"test2",4,14,577.50,783.00,56,0.5906,256.00,149.00,2833.33,-8000.00,400154.2813,0.00199940
"test2",4,15,586.00,759.00,59,0.6299,269.00,150.00,2800.00,-9200.00,320555.0938,0.00000000
"test2",4,16,600.00,713.00,64,0.6457,277.00,150.00,2333.33,-7666.67,351364.2188,0.00316637
"test2",4,17,607.00,690.00,67,0.6457,277.00,150.00,2666.67,-6666.67,541146.5000,0.00048025
"test2",4,18,615.00,670.00,70,0.6535,280.00,151.00,3200.00,-8200.00,341964.6250,0.00260260
"test2",4,19,631.00,629.00,75,0.6535,280.00,151.00,3637.24,-6547.03,933717.0625,0.00000000
"test2",4,20,645.55,602.81,79,0.6535,280.00,151.00,5451.05,-9811.89,11224399.0000,0.00000000
"test2",4,21,651.00,593.00,80,0.6457,276.00,150.00,0.00,0.00,0.0000,0.00000000
"test2",4,22,651.00,593.00,84,0.6457,276.00,150.00,0.00,0.00,0.0000,0.00000000
"test2",3,0,522.00,1100.00,0,0.2677,150.00,114.00,0.00,0.00,40453.5430,0.00000000
"test2",3,1,522.00,1100.00,11,0.2677,150.00,115.00,-398.01,-199.01,2780.7546,0.00000000
"test2",3,2,520.41,1099.20,15,0.2677,150.00,115.00,-407.96,-203.98,1271925.2500,1.28980267
"test2",3,3,520.00,1099.00,16,0.2677,150.00,115.00,-1400.00,-1000.00,57348.8438,0.00000000
"test2",3,4,513.00,1094.00,21,0.2677,151.00,115.00,-1166.67,-833.33,458122.8750,0.20736068
"test2",3,5,509.50,1091.50,24,0.2677,151.00,115.00,-833.33,-2166.67,218298.6719,0.00444097
"test2",3,6,507.00,1085.00,27,0.2756,153.00,117.00,-1000.00,-2800.00,165407.0781,0.01483759
"test2",3,7,502.00,1071.00,32,0.2835,157.00,119.00,-551.86,-3495.09,398993.5625,0.00000011
"test2",3,8,499.24,1053.52,37,0.2835,157.00,119.00,-240.72,-1524.54,3692981.7500,0.09166861
"test2",3,9,499.00,1052.00,38,0.3071,162.00,123.00,-600.00,-5200.00,428531.2813,0.00182642
"test2",3,10,496.00,1026.00,43,0.3307,170.00,126.00,-595.35,-7342.65,0.0000,0.00000000
"test2",3,11,493.02,989.29,48,0.3307,170.00,126.00,-595.35,-7342.65,0.0000,0.00000000
"test2",3,12,493.00,989.00,48,0.3622,180.00,131.00,0.00,-8800.00,208273.3281,0.00172176
"test2",3,13,493.00,945.00,53,0.4016,192.00,135.00,666.67,-8000.00,0.0000,0.00000000
"test2",3,14,497.00,897.00,59,0.4409,205.00,139.00,666.67,-8000.00,0.0000,0.00000000
"test2",3,15,497.26,893.86,59,0.4409,205.00,139.00,1347.60,-9171.14,334240.6875,0.00053264
"test2",3,16,504.00,848.00,64,0.4803,217.00,143.00,1333.33,-7500.00,0.0000,0.00000000
"test2",3,17,512.00,803.00,70,0.5039,226.00,145.00,1333.33,-7500.00,0.0000,0.00000000
"test2",3,18,513.19,796.33,70,0.5039,226.00,145.00,1962.76,-7465.48,138115.2031,0.00096318
"test2",3,19,523.00,759.00,75,0.5276,232.00,147.00,2400.00,-8000.00,640691.5625,0.00000003
"test2",3,20,535.00,719.00,80,0.5512,234.00,150.00,3320.50,-11068.36,5101204.5000,0.00806957
"test2",3,21,538.32,707.93,81,0.5512,234.00,150.00,2919.88,-5982.91,336552.7500,0.00223136
"test2",3,22,550.00,684.00,85,0.5433,232.00,151.00,2000.00,-5000.00,85074.4688,0.00000000
"test2",3,23,562.00,654.00,91,0.5276,226.00,151.00,2189.58,-5473.94,5895611.5000,0.00000000
"test2",3,24,566.38,643.05,93,0.5276,226.00,151.00,-2189.58,5473.94,0.0000,0.00000000
"test2",3,25,562.00,654.00,95,0.5276,226.00,151.00,-2189.58,5473.94,0.0000,0.00000000
"test2",2,0,563.00,950.00,0,0.2598,143.00,118.00,0.00,0.00,51425.9492,0.00000000
"test2",2,1,563.00,950.00,11,0.3465,166.00,135.00,-400.00,-400.00,11762.3838,0.00001349
"test2",2,2,561.00,948.00,16,0.3543,167.00,136.00,-358.43,-358.40,1391056.8750,1.37641156
"test2",2,3,560.28,947.28,18,0.3543,167.00,136.00,-1761.05,-2761.07,340524.0938,0.01716119
"test2",2,4,555.00,939.00,21,0.3543,168.00,136.00,-833.33,-2333.33,184923.5625,0.00000000
"test2",2,5,550.00,925.00,27,0.3622,171.00,137.00,-1206.51,-3378.23,505752.3750,0.03746323
"test2",2,6,547.59,918.24,29,0.3622,171.00,137.00,-195.66,-3414.51,355071.6250,0.00989703
"test2",2,7,547.00,908.00,32,0.3701,174.00,139.00,-600.00,-4400.00,148024.0156,0.00000000
"test2",2,8,544.00,886.00,37,0.3937,181.00,141.00,-500.00,-3666.67,808901.1250,0.02375215
"test2",2,9,542.50,875.00,40,0.3937,181.00,141.00,166.67,-6000.00,466798.9063,0.00005138
"test2",2,10,543.00,857.00,43,0.4252,189.00,144.00,200.00,-7400.00,370135.1250,0.00000000
"test2",2,11,544.00,820.00,48,0.4567,200.00,146.00,250.00,-9250.00,1062295.6250,0.00946587
"test2",2,12,544.50,801.50,50,0.4567,200.00,146.00,1833.33,-7833.33,78567.5156,0.00064017
"test2",2,13,550.00,778.00,53,0.4882,211.00,148.00,1666.67,-7666.67,653811.3125,0.00000000
"test2",2,14,560.00,732.00,59,0.5197,222.00,150.00,2500.00,-11500.00,1585525.0000,0.00301645
"test2",2,15,565.00,709.00,61,0.5197,222.00,150.00,2666.67,-8333.33,579484.7500,0.00192420
"test2",2,16,573.00,684.00,64,0.5433,233.00,151.00,3600.00,-9800.00,51937.2852,0.00047648
"test2",2,17,591.00,635.00,69,0.5669,241.00,152.00,3844.27,-9711.85,150368.5469,0.00000007
"test2",2,18,606.38,596.15,73,0.5669,241.00,152.00,3622.92,-9152.59,1842159.0000,0.00413140
"test2",2,19,610.00,587.00,74,0.5906,249.00,153.00,3333.33,-7333.33,1342560.6250,0.00000000
"test2",2,20,630.00,543.00,80,0.5984,252.00,152.00,0.00,0.00,0.0000,0.00000000
"test2",2,21,630.00,543.00,84,0.5984,252.00,152.00,0.00,0.00,0.0000,0.00000000
"test2",1,0,485.00,1008.00,0,0.1890,123.00,101.00,0.00,0.00,0.0000,0.00000000
"test2",1,1,485.00,1008.00,11,0.2992,149.00,133.00,0.00,0.00,80000.0000,0.00000000
"test2",1,2,485.00,1008.00,16,0.3386,156.00,140.00,0.00,-400.00,256889.6563,0.00000000
"test2",1,3,485.00,1006.00,21,0.3386,157.00,141.00,0.00,-1684.45,0.0000,0.00000000
"test2",1,4,485.00,997.58,26,0.3386,157.00,141.00,0.00,-1684.45,0.0000,0.00000000
"test2",1,5,485.00,997.00,26,0.3465,158.00,141.00,0.00,-2166.67,175418.3594,0.00710059
"test2",1,6,485.00,984.00,32,0.3465,161.00,141.00,200.00,-3200.00,65659.0547,0.00222491
"test2",1,7,486.00,968.00,37,0.3622,166.00,141.00,333.33,-3500.00,443294.0000,0.00012676
"test2",1,8,488.00,947.00,43,0.3780,175.00,141.00,594.86,-6146.88,0.0000,0.00000000
"test2",1,9,490.97,916.27,48,0.3780,175.00,141.00,594.86,-6146.88,0.0000,0.00000000
"test2",1,10,491.00,916.00,48,0.4016,187.00,141.00,1000.00,-7600.00,124543.6094,0.00082885
"test2",1,11,496.00,878.00,53,0.4409,201.00,142.00,1166.67,-7000.00,0.0000,0.00000000
"test2",1,12,503.00,836.00,59,0.4882,217.00,144.00,1166.67,-7000.00,0.0000,0.00000000
"test2",1,13,503.52,832.89,59,0.4882,217.00,144.00,1496.17,-8577.03,110193.4609,0.00120844
"test2",1,14,511.00,790.00,64,0.5197,232.00,145.00,2000.00,-8800.00,474386.2813,0.00090045
"test2",1,15,521.00,746.00,69,0.5591,245.00,147.00,1838.20,-6433.59,706877.0625,0.00000073
"test2",1,16,522.84,739.57,70,0.5591,245.00,147.00,2032.36,-7113.28,319019.6563,0.00301180
"test2",1,17,533.00,704.00,75,0.5827,255.00,148.00,3200.00,-8200.00,841635.1875,0.00000002
"test2",1,18,549.00,663.00,80,0.5984,261.00,149.00,4729.86,-12120.24,4738946.5000,0.00496648
"test2",1,19,553.73,650.88,81,0.5984,261.00,149.00,3817.54,-7469.94,2097224.0000,0.00000000
"test2",1,20,569.00,621.00,85,0.6063,265.00,149.00,0.00,0.00,0.0000,0.00000000
"test2",1,21,569.00,621.00,89,0.6063,265.00,149.00,0.00,0.00,0.0000,0.00000000
